case,model,mesh,variant,t,field,base_error,control_error,field_difference,initial_peak,relative_field_difference,pass_old_threshold
fig3,SD,fixed,time_half,0.001,u,1.8063403556256574e-06,1.8063403556256574e-06,3.3306690738754696e-16,0.521213732480525,6.390217421986131e-16,True
fig3,SD,fixed,time_half,0.001,v,1.1455208486221835e-06,1.1455208487332058e-06,1.6653345369377348e-15,0.6075148241764006,2.741224527640796e-15,True
fig3,SD,fixed,time_half,0.005,u,4.946155541252217e-06,4.946155540808128e-06,9.992007221626409e-16,0.521213732480525,1.917065226595839e-15,True
fig3,SD,fixed,time_half,0.005,v,2.0394754599029064e-06,2.039475460124951e-06,3.1086244689504383e-15,0.6075148241764006,5.116952451596152e-15,True
fig3,SD,fixed,time_half,0.01,u,9.938457304237147e-06,9.938457303348969e-06,1.4432899320127035e-15,0.521213732480525,2.76909421619399e-15,True
fig3,SD,fixed,time_half,0.01,v,3.4778979492999795e-06,3.4778979496330464e-06,2.4424906541753444e-15,0.6075148241764006,4.020462640539834e-15,True
fig3,SD,fixed,time_half,0.02,u,2.0117680456566145e-05,2.01176804548453e-05,2.6645352591003757e-15,0.521213732480525,5.112173937588905e-15,True
fig3,SD,fixed,time_half,0.02,v,6.065982565528483e-06,6.065982566028083e-06,4.107825191113079e-15,0.6075148241764006,6.76168716818063e-15,True
fig3,SD,fixed,x_half,0.001,u,1.8063403556256574e-06,1.1533099500971034e-06,1.1201525287329872e-06,0.521213732480525,2.1491232078672087e-06,True
fig3,SD,fixed,x_half,0.001,v,1.1455208486221835e-06,4.2741186845329793e-07,1.2197135828007077e-06,0.6075148241764006,2.007709992022428e-06,True
fig3,SD,fixed,x_half,0.005,u,4.946155541252217e-06,5.7331198543009165e-06,2.4193382570092403e-06,0.521213732480525,4.64173928322128e-06,True
fig3,SD,fixed,x_half,0.005,v,2.0394754599029064e-06,2.077016131141196e-06,1.4084832918870305e-06,0.6075148241764006,2.3184344411619777e-06,True
fig3,SD,fixed,x_half,0.01,u,9.938457304237147e-06,1.1431409223161548e-05,4.848345709240753e-06,0.521213732480525,9.302029872019748e-06,True
fig3,SD,fixed,x_half,0.01,v,3.4778979492999795e-06,4.1524016202165726e-06,1.932898903878044e-06,0.6075148241764006,3.1816489523501726e-06,True
fig3,SD,fixed,x_half,0.02,u,2.0117680456566145e-05,2.2663172247860963e-05,9.489741257417972e-06,0.521213732480525,1.8207005429912674e-05,True
fig3,SD,fixed,x_half,0.02,v,6.065982565528483e-06,8.338960368448056e-06,3.597005737654424e-06,0.6075148241764006,5.920852618750225e-06,True
fig3,SD,fixed,y_half,0.001,u,1.8063403556256574e-06,1.2991986971799818e-06,8.830440727525257e-07,0.521213732480525,1.6942072277144393e-06,True
fig3,SD,fixed,y_half,0.001,v,1.1455208486221835e-06,1.20310445128613e-06,3.178214557086889e-07,0.6075148241764006,5.231501241793648e-07,True
fig3,SD,fixed,y_half,0.005,u,4.946155541252217e-06,2.7035626595228734e-06,4.404052549034088e-06,0.521213732480525,8.449609583528467e-06,True
fig3,SD,fixed,y_half,0.005,v,2.0394754599029064e-06,1.2865410164986102e-06,1.5904660151666583e-06,0.6075148241764006,2.6179871698157013e-06,True
fig3,SD,fixed,y_half,0.01,u,9.938457304237147e-06,4.7425160490388585e-06,8.772921924471433e-06,0.521213732480525,1.683171677522758e-05,True
fig3,SD,fixed,y_half,0.01,v,3.4778979492999795e-06,1.966489339311206e-06,3.1850411001954626e-06,0.6075148241764006,5.242738075590795e-06,True
fig3,SD,fixed,y_half,0.02,u,2.0117680456566145e-05,8.97972698327143e-06,1.7386911045191855e-05,0.521213732480525,3.335850527660744e-05,True
fig3,SD,fixed,y_half,0.02,v,6.065982565528483e-06,3.5688492635577163e-06,6.390533000388832e-06,0.6075148241764006,1.0519139198047371e-05,True
fig3,SD,fixed,domain_double,0.001,u,1.8063403556256574e-06,1.8063403556256574e-06,0.0,0.521213732480525,0.0,True
fig3,SD,fixed,domain_double,0.001,v,1.1455208486221835e-06,1.1455208486221835e-06,0.0,0.6075148241764006,0.0,True
fig3,SD,fixed,domain_double,0.005,u,4.946155541252217e-06,4.946155541252217e-06,0.0,0.521213732480525,0.0,True
fig3,SD,fixed,domain_double,0.005,v,2.0394754599029064e-06,2.0394754599029064e-06,0.0,0.6075148241764006,0.0,True
fig3,SD,fixed,domain_double,0.01,u,9.938457304237147e-06,9.938457304237147e-06,0.0,0.521213732480525,0.0,True
fig3,SD,fixed,domain_double,0.01,v,3.4778979492999795e-06,3.4778979492999795e-06,0.0,0.6075148241764006,0.0,True
fig3,SD,fixed,domain_double,0.02,u,2.0117680456566145e-05,2.0117680456566145e-05,0.0,0.521213732480525,0.0,True
fig3,SD,fixed,domain_double,0.02,v,6.065982565528483e-06,6.065982565528483e-06,0.0,0.6075148241764006,0.0,True
fig3,SD2,fixed,time_half,0.001,u,1.7250414980685136e-05,1.7250414980019002e-05,1.3938719969908142e-14,0.521213732480525,2.6742810293143912e-14,True
fig3,SD2,fixed,time_half,0.001,v,5.4188014441347576e-05,5.4188014441236554e-05,2.494847861286842e-13,0.6075148241764006,4.1066452405816973e-13,True
fig3,SD2,fixed,time_half,0.005,u,1.9520524547789186e-05,1.9520524543903406e-05,3.6762259902900496e-14,0.521213732480525,7.053202479517192e-14,True
fig3,SD2,fixed,time_half,0.005,v,5.423132333037817e-05,5.423132330584224e-05,5.711993378287872e-13,0.6075148241764006,9.402228803274952e-13,True
fig3,SD2,fixed,time_half,0.01,u,2.3199423817676923e-05,2.3199423814512787e-05,5.6464544411632955e-14,0.521213732480525,1.0833280263532337e-13,True
fig3,SD2,fixed,time_half,0.01,v,5.387589871697074e-05,5.3875898695543434e-05,8.414657859390218e-13,0.6075148241764006,1.3850950667414334e-12,True
fig3,SD2,fixed,time_half,0.02,u,3.1095909417633294e-05,3.1095909392098164e-05,1.273234989662697e-13,0.521213732480525,2.4428270214662294e-13,True
fig3,SD2,fixed,time_half,0.02,v,5.403204273968232e-05,5.4032042786755774e-05,1.6617818232589343e-12,0.6075148241764006,2.735376581981829e-12,True
fig3,SD2,fixed,x_half,0.001,u,1.7250414980685136e-05,1.6007522479766223e-06,1.5839795335592655e-05,0.521213732480525,3.039021105642972e-05,True
fig3,SD2,fixed,x_half,0.001,v,5.4188014441347576e-05,3.646100127041585e-06,5.054594232500875e-05,0.6075148241764006,8.320116697322273e-05,True
fig3,SD2,fixed,x_half,0.005,u,1.9520524547789186e-05,5.180783775760034e-06,1.613353818974428e-05,0.521213732480525,3.095378572042344e-05,True
fig3,SD2,fixed,x_half,0.005,v,5.423132333037817e-05,4.590087693157052e-06,4.975420362784977e-05,0.6075148241764006,8.189792519927535e-05,True
fig3,SD2,fixed,x_half,0.01,u,2.3199423817676923e-05,1.0874057333298826e-05,1.6955103589733067e-05,0.521213732480525,3.253004004526413e-05,True
fig3,SD2,fixed,x_half,0.01,v,5.387589871697074e-05,5.946840803350284e-06,4.848276849489519e-05,0.6075148241764006,7.980507893058018e-05,True
fig3,SD2,fixed,x_half,0.02,u,3.1095909417633294e-05,2.21422283393502e-05,1.9345197735498587e-05,0.521213732480525,3.711567161408475e-05,True
fig3,SD2,fixed,x_half,0.02,v,5.403204273968232e-05,8.982139800328692e-06,4.60235069199566e-05,0.6075148241764006,7.575701050974359e-05,True
fig3,SD2,fixed,y_half,0.001,u,1.7250414980685136e-05,1.6962876191128906e-05,8.844475565261689e-07,0.521213732480525,1.6968999498861362e-06,True
fig3,SD2,fixed,y_half,0.001,v,5.4188014441347576e-05,0.00010567413101181256,2.0878755073949762e-05,0.6075148241764006,3.436748247625858e-05,True
fig3,SD2,fixed,y_half,0.005,u,1.9520524547789186e-05,1.7762529119558224e-05,4.4114694954799916e-06,0.521213732480525,8.463839727486122e-06,True
fig3,SD2,fixed,y_half,0.005,v,5.423132333037817e-05,0.00010484851553504981,2.130105743647359e-05,0.6075148241764006,3.506261343556701e-05,True
fig3,SD2,fixed,y_half,0.01,u,2.3199423817676923e-05,1.9294904310351857e-05,8.788676380655502e-06,0.521213732480525,1.6861943254697128e-05,True
fig3,SD2,fixed,y_half,0.01,v,5.387589871697074e-05,0.00010349727713054868,2.185264394072295e-05,0.6075148241764006,3.597055260396036e-05,True
fig3,SD2,fixed,y_half,0.02,u,3.1095909417633294e-05,2.3187826360127062e-05,1.7421331119371608e-05,0.521213732480525,3.3424543586872106e-05,True
fig3,SD2,fixed,y_half,0.02,v,5.403204273968232e-05,9.982255150708941e-05,2.299887146439694e-05,0.6075148241764006,3.785730084130242e-05,True
fig3,SD2,fixed,domain_double,0.001,u,1.7250414980685136e-05,1.7250414980685136e-05,0.0,0.521213732480525,0.0,True
fig3,SD2,fixed,domain_double,0.001,v,5.4188014441347576e-05,5.4188014441347576e-05,0.0,0.6075148241764006,0.0,True
fig3,SD2,fixed,domain_double,0.005,u,1.9520524547789186e-05,1.9520524547789186e-05,0.0,0.521213732480525,0.0,True
fig3,SD2,fixed,domain_double,0.005,v,5.423132333037817e-05,5.423132333037817e-05,0.0,0.6075148241764006,0.0,True
fig3,SD2,fixed,domain_double,0.01,u,2.3199423817676923e-05,2.3199423817676923e-05,0.0,0.521213732480525,0.0,True
fig3,SD2,fixed,domain_double,0.01,v,5.387589871697074e-05,5.387589871697074e-05,0.0,0.6075148241764006,0.0,True
fig3,SD2,fixed,domain_double,0.02,u,3.1095909417633294e-05,3.1095909417633294e-05,0.0,0.521213732480525,0.0,True
fig3,SD2,fixed,domain_double,0.02,v,5.403204273968232e-05,5.403204273968232e-05,0.0,0.6075148241764006,0.0,True
fig3,FD,fixed,time_half,0.001,u,1.0467944163705667e-06,1.0467944163705667e-06,4.440892098500626e-16,0.521213732480525,8.520289895981508e-16,True
fig3,FD,fixed,time_half,0.001,v,1.2463034793075423e-06,1.2463034795295869e-06,2.4295073331598305e-15,0.6075148241764006,3.99909144020227e-15,True
fig3,FD,fixed,time_half,0.005,u,4.278537086566114e-06,4.278537086066514e-06,9.992007221626409e-16,0.521213732480525,1.917065226595839e-15,True
fig3,FD,fixed,time_half,0.005,v,1.5634943427711434e-06,1.5634943432152326e-06,5.800698463231946e-15,0.6075148241764006,9.548241841005069e-15,True
fig3,FD,fixed,time_half,0.01,u,8.59412302139928e-06,8.594123020289057e-06,1.4432899320127035e-15,0.521213732480525,2.76909421619399e-15,True
fig3,FD,fixed,time_half,0.01,v,1.9595038985853463e-06,1.9595038993625025e-06,5.401061542453789e-15,0.6075148241764006,8.890419340426686e-15,True
fig3,FD,fixed,time_half,0.02,u,1.7032498305313837e-05,1.7032498303704013e-05,2.6645352591003757e-15,0.521213732480525,5.112173937588905e-15,True
fig3,FD,fixed,time_half,0.02,v,3.1156459524561697e-06,3.115645951790036e-06,9.63812363252714e-15,0.6075148241764006,1.5864836953721107e-14,True
fig3,FD,fixed,x_half,0.001,u,1.0467944163705667e-06,3.8126862283993646e-07,1.1195371864003434e-06,0.521213732480525,2.147942612855417e-06,True
fig3,FD,fixed,x_half,0.001,v,1.2463034793075423e-06,2.586751584043867e-07,1.2202495154323145e-06,0.6075148241764006,2.0085921641279944e-06,True
fig3,FD,fixed,x_half,0.005,u,4.278537086566114e-06,1.901216960920049e-06,2.419288711308365e-06,0.521213732480525,4.641644224902997e-06,True
fig3,FD,fixed,x_half,0.005,v,1.5634943427711434e-06,1.1255011300725926e-06,1.4130789335320415e-06,0.6075148241764006,2.3259990987836933e-06,True
fig3,FD,fixed,x_half,0.01,u,8.59412302139928e-06,3.8045273548226177e-06,4.847500274518524e-06,0.521213732480525,9.300407822043807e-06,True
fig3,FD,fixed,x_half,0.01,v,1.9595038985853463e-06,2.25166668699206e-06,1.8655007226753284e-06,0.6075148241764006,3.0707081513679305e-06,True
fig3,FD,fixed,x_half,0.02,u,1.7032498305313837e-05,7.581124993993882e-06,9.485368158868024e-06,0.521213732480525,1.8198615208632174e-05,True
fig3,FD,fixed,x_half,0.02,v,3.1156459524561697e-06,4.646189712631532e-06,3.0203122307614905e-06,0.6075148241764006,4.971586059411943e-06,True
fig3,FD,fixed,y_half,0.001,u,1.0467944163705667e-06,1.1034277683785731e-06,2.576590193981154e-07,0.521213732480525,4.943442648218075e-07,True
fig3,FD,fixed,y_half,0.001,v,1.2463034793075423e-06,1.2203348077610698e-06,1.745546236442408e-07,0.6075148241764006,2.873257025141437e-07,True
fig3,FD,fixed,y_half,0.005,u,4.278537086566114e-06,3.0173708730485416e-06,1.2970963552128012e-06,0.521213732480525,2.488607406868864e-06,True
fig3,FD,fixed,y_half,0.005,v,1.5634943427711434e-06,1.3336882001002692e-06,8.617890293605157e-07,0.6075148241764006,1.4185481490576483e-06,True
fig3,FD,fixed,y_half,0.01,u,8.59412302139928e-06,6.051324752842646e-06,2.5936442638596624e-06,0.521213732480525,4.9761625648583095e-06,True
fig3,FD,fixed,y_half,0.01,v,1.9595038985853463e-06,1.5035420504183605e-06,1.7476069928967775e-06,0.6075148241764006,2.8766491340618464e-06,True
fig3,FD,fixed,y_half,0.02,u,1.7032498305313837e-05,1.188956668296548e-05,5.180103483826137e-06,0.521213732480525,9.93853991369978e-06,True
fig3,FD,fixed,y_half,0.02,v,3.1156459524561697e-06,2.1851815155682353e-06,3.5933111033337184e-06,0.6075148241764006,5.9147710645664005e-06,True
fig3,FD,fixed,domain_double,0.001,u,1.0467944163705667e-06,1.0467944163705667e-06,0.0,0.521213732480525,0.0,True
fig3,FD,fixed,domain_double,0.001,v,1.2463034793075423e-06,1.2463034793075423e-06,0.0,0.6075148241764006,0.0,True
fig3,FD,fixed,domain_double,0.005,u,4.278537086566114e-06,4.278537086566114e-06,0.0,0.521213732480525,0.0,True
fig3,FD,fixed,domain_double,0.005,v,1.5634943427711434e-06,1.5634943427711434e-06,0.0,0.6075148241764006,0.0,True
fig3,FD,fixed,domain_double,0.01,u,8.59412302139928e-06,8.59412302139928e-06,0.0,0.521213732480525,0.0,True
fig3,FD,fixed,domain_double,0.01,v,1.9595038985853463e-06,1.9595038985853463e-06,0.0,0.6075148241764006,0.0,True
fig3,FD,fixed,domain_double,0.02,u,1.7032498305313837e-05,1.7032498305313837e-05,0.0,0.521213732480525,0.0,True
fig3,FD,fixed,domain_double,0.02,v,3.1156459524561697e-06,3.1156459524561697e-06,0.0,0.6075148241764006,0.0,True
fig3,SD,moving,time_half,0.001,u,1.4236888300489525e-06,1.4236888300489525e-06,3.3306690738754696e-16,0.521213732480525,6.390217421986131e-16,True
fig3,SD,moving,time_half,0.001,v,7.132804273890514e-07,7.132804273335402e-07,7.549516567451064e-15,0.6075148241764006,1.2426884525304941e-14,True
fig3,SD,moving,time_half,0.005,u,4.880047001887267e-06,4.8800470018317554e-06,3.1086244689504383e-15,0.521213732480525,5.964202927187056e-15,True
fig3,SD,moving,time_half,0.005,v,1.981089513714007e-06,1.98108951432463e-06,8.519140254348301e-14,0.6075148241764006,1.4022933952101632e-13,True
fig3,SD,moving,time_half,0.01,u,9.744408561107587e-06,9.744408560830031e-06,3.83026943495679e-15,0.521213732480525,7.34875003528405e-15,True
fig3,SD,moving,time_half,0.01,v,3.725116504871284e-06,3.725116504482706e-06,2.7200464103316335e-14,0.6075148241764006,4.477333395146633e-14,True
fig3,SD,moving,time_half,0.02,u,1.943981344065815e-05,1.9439813439436904e-05,2.1094237467877974e-15,0.521213732480525,4.047137700591216e-15,True
fig3,SD,moving,time_half,0.02,v,7.380284629543432e-06,7.380284629543432e-06,5.181965967437918e-14,0.6075148241764006,8.529776988508943e-14,True
fig3,SD,moving,x_half,0.001,u,1.4236888300489525e-06,1.1646089663197579e-06,6.725995713718902e-07,0.521213732480525,1.290448676727875e-06,True
fig3,SD,moving,x_half,0.001,v,7.132804273890514e-07,4.259078811297279e-07,7.360605362993766e-07,0.6075148241764006,1.2115927167657904e-06,True
fig3,SD,moving,x_half,0.005,u,4.880047001887267e-06,5.79407942685739e-06,1.0976084419134224e-06,0.521213732480525,2.105870151750912e-06,True
fig3,SD,moving,x_half,0.005,v,1.981089513714007e-06,2.101565351575463e-06,7.742110146313763e-07,0.6075148241764006,1.2743903256697703e-06,True
fig3,SD,moving,x_half,0.01,u,9.744408561107587e-06,1.1539407347826991e-05,2.178551226972303e-06,0.521213732480525,4.179765595592214e-06,True
fig3,SD,moving,x_half,0.01,v,3.725116504871284e-06,4.202917704920761e-06,9.259686172269355e-07,0.6075148241764006,1.5241909832937135e-06,True
fig3,SD,moving,x_half,0.02,u,1.943981344065815e-05,2.2835873064896983e-05,4.292597867328052e-06,0.521213732480525,8.235772773865745e-06,True
fig3,SD,moving,x_half,0.02,v,7.380284629543432e-06,8.436294503921804e-06,1.678931176918308e-06,0.6075148241764006,2.763605281886597e-06,True
fig3,SD,moving,y_half,0.001,u,1.4236888300489525e-06,8.470316562592117e-07,8.804555552410775e-07,0.521213732480525,1.6892409013301956e-06,True
fig3,SD,moving,y_half,0.001,v,7.132804273890514e-07,7.169818080354773e-07,3.175756849160827e-07,0.6075148241764006,5.227455730757115e-07,True
fig3,SD,moving,y_half,0.005,u,4.880047001887267e-06,1.6172904366840157e-06,4.39097929166854e-06,0.521213732480525,8.424527248680285e-06,True
fig3,SD,moving,y_half,0.005,v,1.981089513714007e-06,8.031470620228909e-07,1.5895728265324927e-06,0.6075148241764006,2.616516936335594e-06,True
fig3,SD,moving,y_half,0.01,u,9.744408561107587e-06,2.7735814158713623e-06,8.747059032643278e-06,0.521213732480525,1.6782096264069767e-05,True
fig3,SD,moving,y_half,0.01,v,3.725116504871284e-06,1.2651162905608082e-06,3.1838788730476075e-06,0.6075148241764006,5.240824991166179e-06,True
fig3,SD,moving,y_half,0.02,u,1.943981344065815e-05,5.192089131300648e-06,1.733655707752968e-05,0.521213732480525,3.3261896218702284e-05,True
fig3,SD,moving,y_half,0.02,v,7.380284629543432e-06,2.2403464238207604e-06,6.390857713700626e-06,0.6075148241764006,1.0519673692513797e-05,True
fig3,SD,moving,domain_double,0.001,u,1.4236888300489525e-06,1.406112350221811e-06,1.4235141632124027e-07,0.521213732480525,2.731152451486093e-07,True
fig3,SD,moving,domain_double,0.001,v,7.132804273890514e-07,7.026418946676216e-07,1.6095499100199362e-07,0.6075148241764006,2.649400221964922e-07,True
fig3,SD,moving,domain_double,0.005,u,4.880047001887267e-06,4.904867233035404e-06,1.3935005893639385e-07,0.521213732480525,2.6735684471168573e-07,True
fig3,SD,moving,domain_double,0.005,v,1.981089513714007e-06,1.9816395555594113e-06,1.5881499237924146e-07,0.6075148241764006,2.6141747667564284e-07,True
fig3,SD,moving,domain_double,0.01,u,9.744408561107587e-06,9.79200701828331e-06,1.4065298209464672e-07,0.521213732480525,2.6985663141540917e-07,True
fig3,SD,moving,domain_double,0.01,v,3.725116504871284e-06,3.7378723570236083e-06,1.5654040919077516e-07,0.6075148241764006,2.576733981808507e-07,True
fig3,SD,moving,domain_double,0.02,u,1.943981344065815e-05,1.9529533305862046e-05,1.6833580512853885e-07,0.521213732480525,3.229688602550944e-07,True
fig3,SD,moving,domain_double,0.02,v,7.380284629543432e-06,7.4109757972617984e-06,1.569037769710846e-07,0.6075148241764006,2.582715198494076e-07,True
fig3,SD2,moving,time_half,0.001,u,8.531081099383275e-06,8.531081100660032e-06,1.26478688633469e-14,0.521213732480525,2.4266185012344208e-14,True
fig3,SD2,moving,time_half,0.001,v,2.740524005306888e-05,2.7405240051292523e-05,2.1481265117390125e-13,0.6075148241764006,3.5359244355085456e-13,True
fig3,SD2,moving,time_half,0.005,u,1.087013239708945e-05,1.0870132400697674e-05,3.164135620181696e-14,0.521213732480525,6.070706550886824e-14,True
fig3,SD2,moving,time_half,0.005,v,2.7218336058010273e-05,2.7218336065781834e-05,4.746758541784857e-13,0.6075148241764006,7.813403645285482e-13,True
fig3,SD2,moving,time_half,0.01,u,1.3850804553683371e-05,1.3850804555237684e-05,5.417888360170764e-14,0.521213732480525,1.039475367309744e-13,True
fig3,SD2,moving,time_half,0.01,v,2.752910723968771e-05,2.7529107223811522e-05,8.120171202108395e-13,0.6075148241764006,1.336621079677652e-12,True
fig3,SD2,moving,time_half,0.02,u,1.995145224847894e-05,1.9951452246702583e-05,1.4098444633958707e-13,0.521213732480525,2.7049257829148794e-13,True
fig3,SD2,moving,time_half,0.02,v,2.7868624766003158e-05,2.786862486736652e-05,2.212230398868087e-12,0.6075148241764006,3.641442662518033e-12,True
fig3,SD2,moving,x_half,0.001,u,8.531081099383275e-06,1.0550100021378128e-06,7.570174379689654e-06,0.521213732480525,1.4524126875288172e-05,True
fig3,SD2,moving,x_half,0.001,v,2.740524005306888e-05,1.8535453822909886e-06,2.558528036034069e-05,0.6075148241764006,4.21146601566905e-05,True
fig3,SD2,moving,x_half,0.005,u,1.087013239708945e-05,5.578138810080624e-06,7.928414975044706e-06,0.521213732480525,1.5211446822999716e-05,True
fig3,SD2,moving,x_half,0.005,v,2.7218336058010273e-05,2.7605839966193813e-06,2.5082555679456497e-05,0.6075148241764006,4.128715001063648e-05,True
fig3,SD2,moving,x_half,0.01,u,1.3850804553683371e-05,1.1328328233195517e-05,8.430015553784198e-06,0.521213732480525,1.6173817051336387e-05,True
fig3,SD2,moving,x_half,0.01,v,2.752910723968771e-05,4.487683251286345e-06,2.4388514122231086e-05,0.6075148241764006,4.0144722649845224e-05,True
fig3,SD2,moving,x_half,0.02,u,1.995145224847894e-05,2.3093418083874884e-05,1.0106392697439848e-05,0.521213732480525,1.9390112093444257e-05,True
fig3,SD2,moving,x_half,0.02,v,2.7868624766003158e-05,8.854560363036335e-06,2.3493938774765688e-05,0.6075148241764006,3.8672206569800326e-05,True
fig3,SD2,moving,y_half,0.001,u,8.531081099383275e-06,8.194696956398406e-06,8.800877940307039e-07,0.521213732480525,1.6885353151426955e-06,True
fig3,SD2,moving,y_half,0.001,v,2.740524005306888e-05,5.4492386176940855e-05,1.1050818306657106e-05,0.6075148241764006,1.8190203542174543e-05,True
fig3,SD2,moving,y_half,0.005,u,1.087013239708945e-05,9.053556522697903e-06,4.392600765623644e-06,0.521213732480525,8.427638206535113e-06,True
fig3,SD2,moving,y_half,0.005,v,2.7218336058010273e-05,5.390472956579018e-05,1.1113617874314308e-05,0.6075148241764006,1.8293574793637152e-05,True
fig3,SD2,moving,y_half,0.01,u,1.3850804553683371e-05,1.0117468447978784e-05,8.751404308504629e-06,0.521213732480525,1.6790433104775537e-05,True
fig3,SD2,moving,y_half,0.01,v,2.752910723968771e-05,5.2973602816752674e-05,1.1415892983368536e-05,0.6075148241764006,1.8791134848182354e-05,True
fig3,SD2,moving,y_half,0.02,u,1.995145224847894e-05,1.2479585814240135e-05,1.7346832640874332e-05,0.521213732480525,3.3281610901382936e-05,True
fig3,SD2,moving,y_half,0.02,v,2.7868624766003158e-05,5.1310934106152395e-05,1.266153351353605e-05,0.6075148241764006,2.084152190146325e-05,True
fig3,SD2,moving,domain_double,0.001,u,8.531081099383275e-06,8.307328203227549e-06,2.835903324949207e-07,0.521213732480525,5.440960489380754e-07,True
fig3,SD2,moving,domain_double,0.001,v,2.740524005306888e-05,2.6640655183207684e-05,8.313017412220347e-07,0.6075148241764006,1.3683645371930124e-06,True
fig3,SD2,moving,domain_double,0.005,u,1.087013239708945e-05,1.0635468424669003e-05,2.790760550985816e-07,0.521213732480525,5.354349621035918e-07,True
fig3,SD2,moving,domain_double,0.005,v,2.7218336058010273e-05,2.648959444195853e-05,8.154280742855846e-07,0.6075148241764006,1.3422356818881731e-06,True
fig3,SD2,moving,domain_double,0.01,u,1.3850804553683371e-05,1.3605002467498295e-05,2.872906125772623e-07,0.521213732480525,5.511954015678142e-07,True
fig3,SD2,moving,domain_double,0.01,v,2.752910723968771e-05,2.6785720106281552e-05,7.930107278619758e-07,0.6075148241764006,1.305335600554356e-06,True
fig3,SD2,moving,domain_double,0.02,u,1.995145224847894e-05,1.9691779999109205e-05,3.199265422582087e-07,0.521213732480525,6.138106544807175e-07,True
fig3,SD2,moving,domain_double,0.02,v,2.7868624766003158e-05,2.7182071887454917e-05,7.561330306327108e-07,0.6075148241764006,1.2446330534531233e-06,True
fig3,FD,moving,time_half,0.001,u,6.330115236430345e-07,6.330115237540568e-07,9.992007221626409e-16,0.521213732480525,1.917065226595839e-15,True
fig3,FD,moving,time_half,0.001,v,7.886668907941541e-07,7.886668906831318e-07,1.2985489419858887e-15,0.6075148241764006,2.1374769640334513e-15,True
fig3,FD,moving,time_half,0.005,u,2.912868776627775e-06,2.912868776572264e-06,1.970645868709653e-15,0.521213732480525,3.780878641341794e-15,True
fig3,FD,moving,time_half,0.005,v,1.3594195835686662e-06,1.3594195839017331e-06,3.264939317168536e-15,0.6075148241764006,5.374254565054884e-15,True
fig3,FD,moving,time_half,0.01,u,5.807394405699107e-06,5.807394405588084e-06,1.4432899320127035e-15,0.521213732480525,2.76909421619399e-15,True
fig3,FD,moving,time_half,0.01,v,2.1573692995380256e-06,2.1573692995380256e-06,4.72408570595384e-15,0.6075148241764006,7.776083015518539e-15,True
fig3,FD,moving,time_half,0.02,u,1.1479784606416299e-05,1.1479784606527321e-05,3.164135620181696e-15,0.521213732480525,6.070706550886824e-15,True
fig3,FD,moving,time_half,0.02,v,3.921096118797429e-06,3.921096118131295e-06,8.531695315505683e-15,0.6075148241764006,1.4043600215142049e-14,True
fig3,FD,moving,x_half,0.001,u,6.330115236430345e-07,3.631740953524698e-07,6.721504364204378e-07,0.521213732480525,1.2895869669848971e-06,True
fig3,FD,moving,x_half,0.001,v,7.886668907941541e-07,2.471716021856807e-07,7.363849879871154e-07,0.6075148241764006,1.2121267805858437e-06,True
fig3,FD,moving,x_half,0.005,u,2.912868776627775e-06,1.816732257575726e-06,1.0970992210812547e-06,0.521213732480525,2.1048931613141014e-06,True
fig3,FD,moving,x_half,0.005,v,1.3594195835686662e-06,1.1401089973217537e-06,7.767786519563558e-07,0.6075148241764006,1.2786167860338615e-06,True
fig3,FD,moving,x_half,0.01,u,5.807394405699107e-06,3.6320502072584304e-06,2.1771856665298017e-06,0.521213732480525,4.177145633075106e-06,True
fig3,FD,moving,x_half,0.01,v,2.1573692995380256e-06,2.302258700792592e-06,9.238625777729936e-07,0.6075148241764006,1.520724336275187e-06,True
fig3,FD,moving,x_half,0.02,u,1.1479784606416299e-05,7.255757532687035e-06,4.28903414184667e-06,0.521213732480525,8.228935414718623e-06,True
fig3,FD,moving,x_half,0.02,v,3.921096118797429e-06,4.743601447088075e-06,1.5225676159857926e-06,0.6075148241764006,2.506222984846364e-06,True
fig3,FD,moving,y_half,0.001,u,6.330115236430345e-07,6.426219120170273e-07,2.58992918389378e-07,0.521213732480525,4.969034817190953e-07,True
fig3,FD,moving,y_half,0.001,v,7.886668907941541e-07,7.362519821585423e-07,1.7473219171559862e-07,0.6075148241764006,2.8761798850337626e-07,True
fig3,FD,moving,y_half,0.005,u,2.912868776627775e-06,1.6102012870278237e-06,1.303569626132095e-06,0.521213732480525,2.5010270161690386e-06,True
fig3,FD,moving,y_half,0.005,v,1.3594195835686662e-06,7.6510217394965e-07,8.627980038200533e-07,0.6075148241764006,1.4202089718382374e-06,True
fig3,FD,moving,y_half,0.01,u,5.807394405699107e-06,3.2020283944889094e-06,2.6077282423986325e-06,0.521213732480525,5.0031840680561295e-06,True
fig3,FD,moving,y_half,0.01,v,2.1573692995380256e-06,7.871957573568622e-07,1.7493342543417612e-06,0.6075148241764006,2.8794922933992753e-06,True
fig3,FD,moving,y_half,0.02,u,1.1479784606416299e-05,6.282218686592955e-06,5.212401596066396e-06,0.521213732480525,1.0000507030503375e-05,True
fig3,FD,moving,y_half,0.02,v,3.921096118797429e-06,1.0215846034111742e-06,3.595976098558218e-06,0.6075148241764006,5.91915778093684e-06,True
fig3,FD,moving,domain_double,0.001,u,6.330115236430345e-07,6.13097456914069e-07,1.4235141626572911e-07,0.521213732480525,2.731152450421057e-07,True
fig3,FD,moving,domain_double,0.001,v,7.886668907941541e-07,7.691103075524452e-07,1.6158403026711454e-07,0.6075148241764006,2.659754525104334e-07,True
fig3,FD,moving,domain_double,0.005,u,2.912868776627775e-06,2.878281898655022e-06,1.3935005893639385e-07,0.521213732480525,2.6735684471168573e-07,True
fig3,FD,moving,domain_double,0.005,v,1.3594195835686662e-06,1.349583726883985e-06,1.5949179849039652e-07,0.6075148241764006,2.6253153362408457e-07,True
fig3,FD,moving,domain_double,0.01,u,5.807394405699107e-06,5.742133609376587e-06,1.4061831210554487e-07,0.521213732480525,2.6979011361869486e-07,True
fig3,FD,moving,domain_double,0.01,v,2.1573692995380256e-06,2.1558892483453107e-06,1.5874661984938143e-07,0.6075148241764006,2.613049320476945e-07,True
fig3,FD,moving,domain_double,0.02,u,1.1479784606416299e-05,1.1359563948931672e-05,1.6822384252268563e-07,0.521213732480525,3.22754048942813e-07,True
fig3,FD,moving,domain_double,0.02,v,3.921096118797429e-06,3.944249718723647e-06,1.5784449070022077e-07,0.6075148241764006,2.598199820295881e-07,True
fig4,SD,fixed,time_half,0.001,u,0.0002399245130662031,0.00023992451306575902,4.218847493575595e-15,1.765730002912966,2.389293655664039e-15,True
fig4,SD,fixed,time_half,0.001,v,0.0001990982210511305,0.00019909822105024233,3.552713678800501e-15,2.5567891710310655,1.3895215604999661e-15,True
fig4,SD,fixed,time_half,0.005,u,0.0003065438412552801,0.0003065438412581667,2.0039525594484076e-14,1.765730002912966,1.1349144864404186e-14,True
fig4,SD,fixed,time_half,0.005,v,0.0005965392256364055,0.0005965392256377378,1.021405182655144e-14,2.5567891710310655,3.9948744864374025e-15,True
fig4,SD,fixed,time_half,0.01,u,0.0005912895543382923,0.0005912895543398466,4.246603069191224e-14,1.765730002912966,2.4050126928723554e-14,True
fig4,SD,fixed,time_half,0.01,v,0.0011067780609281819,0.0011067780609370637,2.398081733190338e-14,2.5567891710310655,9.379270533374771e-15,True
fig4,SD,fixed,time_half,0.02,u,0.001358221990984454,0.001358221990979347,1.3145040611561853e-13,1.765730002912966,7.44453602185848e-14,True
fig4,SD,fixed,time_half,0.02,v,0.00230340407553431,0.0023034040755480767,9.50350909079134e-14,2.5567891710310655,3.716970174337409e-14,True
fig4,SD,fixed,x_half,0.001,u,0.0002399245130662031,3.838794972121917e-05,0.00026860456745714245,1.765730002912966,0.0001521209737695,True
fig4,SD,fixed,x_half,0.001,v,0.0001990982210511305,2.962213032509098e-05,0.00018849887685146172,2.5567891710310655,7.37248416831516e-05,True
fig4,SD,fixed,x_half,0.005,u,0.0003065438412552801,0.0001908641131063149,0.0004295317937177412,1.765730002912966,0.0002432601773822343,True
fig4,SD,fixed,x_half,0.005,v,0.0005965392256364055,0.00011667426461281494,0.000542971828935368,2.5567891710310655,0.0002123647249008044,True
fig4,SD,fixed,x_half,0.01,u,0.0005912895543382923,0.0003782990795988539,0.0007227985363440492,1.765730002912966,0.00040934827813518017,True
fig4,SD,fixed,x_half,0.01,v,0.0011067780609281819,0.00021061359925433898,0.000997887032498923,2.5567891710310655,0.0003902891344367316,True
fig4,SD,fixed,x_half,0.02,u,0.001358221990984454,0.0007508174171491078,0.001631501406617497,1.765730002912966,0.0009239812451088056,True
fig4,SD,fixed,x_half,0.02,v,0.00230340407553431,0.0005595504068265367,0.0022084035435825378,2.5567891710310655,0.0008637409640983282,True
fig4,SD,fixed,y_half,0.001,u,0.0002399245130662031,0.00026046188580508556,2.7600906110647472e-05,1.765730002912966,1.5631441990062815e-05,True
fig4,SD,fixed,y_half,0.001,v,0.0001990982210511305,0.00019652618166343672,1.741297389035168e-05,2.5567891710310655,6.810484840769888e-06,True
fig4,SD,fixed,y_half,0.005,u,0.0003065438412552801,0.0003934546689341456,0.0001371534784275763,1.765730002912966,7.767522679079532e-05,True
fig4,SD,fixed,y_half,0.005,v,0.0005965392256364055,0.0005837623265692038,7.546654973955569e-05,2.5567891710310655,2.951614102351764e-05,True
fig4,SD,fixed,y_half,0.01,u,0.0005912895543382923,0.000660206269599728,0.00027157227440421927,1.765730002912966,0.00015380169898920003,True
fig4,SD,fixed,y_half,0.01,v,0.0011067780609281819,0.0010828468436590022,0.0001679101186744525,2.5567891710310655,6.5672258227979e-05,True
fig4,SD,fixed,y_half,0.02,u,0.001358221990984454,0.0015249905355030346,0.000529876751250713,1.765730002912966,0.00030008934003305317,True
fig4,SD,fixed,y_half,0.02,v,0.00230340407553431,0.00233725426015452,0.0004180015456911601,2.5567891710310655,0.0001634869039759717,True
fig4,SD,fixed,domain_double,0.001,u,0.0002399245130662031,0.0002399245130662031,0.0,1.765730002912966,0.0,True
fig4,SD,fixed,domain_double,0.001,v,0.0001990982210511305,0.0001990982210511305,0.0,2.5567891710310655,0.0,True
fig4,SD,fixed,domain_double,0.005,u,0.0003065438412552801,0.0003065438412552801,0.0,1.765730002912966,0.0,True
fig4,SD,fixed,domain_double,0.005,v,0.0005965392256364055,0.0005965392256364055,0.0,2.5567891710310655,0.0,True
fig4,SD,fixed,domain_double,0.01,u,0.0005912895543382923,0.0005912895543382923,0.0,1.765730002912966,0.0,True
fig4,SD,fixed,domain_double,0.01,v,0.0011067780609281819,0.0011067780609281819,0.0,2.5567891710310655,0.0,True
fig4,SD,fixed,domain_double,0.02,u,0.001358221990984454,0.001358221990984454,0.0,1.765730002912966,0.0,True
fig4,SD,fixed,domain_double,0.02,v,0.00230340407553431,0.00230340407553431,0.0,2.5567891710310655,0.0,True
fig4,SD2,fixed,time_half,0.001,u,0.003353155001381003,0.003353155001382113,1.3766765505351941e-14,1.765730002912966,7.79664245532476e-15,True
fig4,SD2,fixed,time_half,0.001,v,0.011716587066576967,0.011716587066563644,2.709221735841538e-13,2.5567891710310655,1.0596187462531382e-13,True
fig4,SD2,fixed,time_half,0.005,u,0.004581123006540233,0.004581123006538235,4.2299497238218464e-14,1.765730002912966,2.3955812705473656e-14,True
fig4,SD2,fixed,time_half,0.005,v,0.011507035847575509,0.011507035847553748,4.320107639677051e-13,2.5567891710310655,1.689661270715919e-13,True
fig4,SD2,fixed,time_half,0.01,u,0.0063078174477517734,0.006307817447767761,1.1302070390684094e-13,1.765730002912966,6.400791951226295e-14,True
fig4,SD2,fixed,time_half,0.01,v,0.011249971837232309,0.011249971837145267,6.50646203581573e-13,2.5567891710310655,2.544778470409391e-13,True
fig4,SD2,fixed,time_half,0.02,u,0.010644660404198758,0.010644660404334427,5.794253965518692e-13,1.765730002912966,3.281506207608058e-13,True
fig4,SD2,fixed,time_half,0.02,v,0.010722971349466093,0.010722971349182764,1.165095797617255e-12,2.5567891710310655,4.556870823836491e-13,True
fig4,SD2,fixed,x_half,0.001,u,0.003353155001381003,0.0002281247381643592,0.0031411017787577045,1.765730002912966,0.0017789253020426428,False
fig4,SD2,fixed,x_half,0.001,v,0.011716587066576967,0.0008025298194125341,0.01091449207582329,2.5567891710310655,0.004268827558989484,False
fig4,SD2,fixed,x_half,0.005,u,0.004581123006540233,0.0003369927037020215,0.004303293397526664,1.765730002912966,0.002437118580092891,False
fig4,SD2,fixed,x_half,0.005,v,0.011507035847575509,0.0008142729265760984,0.010696994014726346,2.5567891710310655,0.0041837606854430685,False
fig4,SD2,fixed,x_half,0.01,u,0.0063078174477517734,0.0005246772087175167,0.0059212479174795,1.765730002912966,0.0033534277084894515,False
fig4,SD2,fixed,x_half,0.01,v,0.011249971837232309,0.0008658535049104188,0.010405601734026604,2.5567891710310655,0.0040697926336375955,False
fig4,SD2,fixed,x_half,0.02,u,0.010644660404198758,0.001164473004783062,0.00995328678758467,1.765730002912966,0.005636924541784135,False
fig4,SD2,fixed,x_half,0.02,v,0.010722971349466093,0.0016616446892809833,0.009697536426440223,2.5567891710310655,0.0037928572822175785,False
fig4,SD2,fixed,y_half,0.001,u,0.003353155001381003,0.003368520419741783,2.6654952961724376e-05,1.765730002912966,1.5095712774745334e-05,True
fig4,SD2,fixed,y_half,0.001,v,0.011716587066576967,0.023475974688332624,0.004834437041395301,2.5567891710310655,0.0018908234969744252,False
fig4,SD2,fixed,y_half,0.005,u,0.004581123006540233,0.00462192275835438,0.000134246004512395,1.765730002912966,7.602861382596786e-05,True
fig4,SD2,fixed,y_half,0.005,v,0.011507035847575509,0.02327138692075259,0.004977423317869434,2.5567891710310655,0.0019467476529800107,False
fig4,SD2,fixed,y_half,0.01,u,0.0063078174477517734,0.006375025192134398,0.0002717451530778181,1.765730002912966,0.0001538996067516063,True
fig4,SD2,fixed,y_half,0.01,v,0.011249971837232309,0.022967396522887373,0.005352731003555711,2.5567891710310655,0.0020935363244663375,False
fig4,SD2,fixed,y_half,0.02,u,0.010644660404198758,0.010757918357786833,0.0005652199005452552,1.765730002912966,0.00032010550855045717,True
fig4,SD2,fixed,y_half,0.02,v,0.010722971349466093,0.021884332706502807,0.00684297218126062,2.5567891710310655,0.0026763928206489877,False
fig4,SD2,fixed,domain_double,0.001,u,0.003353155001381003,0.003353155001381003,0.0,1.765730002912966,0.0,True
fig4,SD2,fixed,domain_double,0.001,v,0.011716587066576967,0.011716587066576967,0.0,2.5567891710310655,0.0,True
fig4,SD2,fixed,domain_double,0.005,u,0.004581123006540233,0.004581123006540233,0.0,1.765730002912966,0.0,True
fig4,SD2,fixed,domain_double,0.005,v,0.011507035847575509,0.011507035847575509,0.0,2.5567891710310655,0.0,True
fig4,SD2,fixed,domain_double,0.01,u,0.0063078174477517734,0.0063078174477517734,0.0,1.765730002912966,0.0,True
fig4,SD2,fixed,domain_double,0.01,v,0.011249971837232309,0.011249971837232309,0.0,2.5567891710310655,0.0,True
fig4,SD2,fixed,domain_double,0.02,u,0.010644660404198758,0.010644660404198758,0.0,1.765730002912966,0.0,True
fig4,SD2,fixed,domain_double,0.02,v,0.010722971349466093,0.010722971349466093,0.0,2.5567891710310655,0.0,True
fig4,FD,fixed,time_half,0.001,u,0.000274259932529608,0.00027425993253071823,4.052314039881821e-15,1.765730002912966,2.294979432414143e-15,True
fig4,FD,fixed,time_half,0.001,v,0.0002179999585769643,0.00021799995857652021,5.316927453868914e-15,2.5567891710310655,2.0795329994787092e-15,True
fig4,FD,fixed,time_half,0.005,u,0.0004718487277990402,0.0004718487278050354,2.1371793224034263e-14,1.765730002912966,1.2103658650403357e-14,True
fig4,FD,fixed,time_half,0.005,v,0.0006895660001666748,0.0006895660001688952,1.1546319456101628e-14,2.5567891710310655,4.51594507162489e-15,True
fig4,FD,fixed,time_half,0.01,u,0.0008352936061506444,0.000835293606163523,4.6351811278100286e-14,1.765730002912966,2.6250792137887798e-14,True
fig4,FD,fixed,time_half,0.01,v,0.0012919342375576903,0.0012919342375692366,3.1530333899354446e-14,2.5567891710310655,1.23320038494372e-14,True
fig4,FD,fixed,time_half,0.02,u,0.0019512361514315568,0.001951236151471747,1.5315526624704034e-13,1.765730002912966,8.673764731548795e-14,True
fig4,FD,fixed,time_half,0.02,v,0.0028201491954131797,0.00282014919543494,1.2301271112846734e-13,2.5567891710310655,4.811218403231133e-14,True
fig4,FD,fixed,x_half,0.001,u,0.000274259932529608,2.142555203521468e-05,0.00026620947016842145,1.765730002912966,0.0001507645391590161,True
fig4,FD,fixed,x_half,0.001,v,0.0002179999585769643,3.70109369303151e-05,0.00018656718851017828,2.5567891710310655,7.296932833728412e-05,True
fig4,FD,fixed,x_half,0.005,u,0.0004718487277990402,8.201805114160798e-05,0.0004153274697469289,1.765730002912966,0.00023521572894029863,True
fig4,FD,fixed,x_half,0.005,v,0.0006895660001666748,0.0001662703625657791,0.0005315524490359103,2.5567891710310655,0.00020789842786355097,True
fig4,FD,fixed,x_half,0.01,u,0.0008352936061506444,0.00016620700661040821,0.0006863669324290722,1.765730002912966,0.0003887156764039557,True
fig4,FD,fixed,x_half,0.01,v,0.0012919342375576903,0.00033691396773427584,0.0009688257550743984,2.5567891710310655,0.00037892281696566484,True
fig4,FD,fixed,x_half,0.02,u,0.0019512361514315568,0.00045524447390077327,0.0015080863847900527,1.765730002912966,0.0008540866283645447,True
fig4,FD,fixed,x_half,0.02,v,0.0028201491954131797,0.0007996100420397667,0.0020332829779836636,2.5567891710310655,0.000795248587963829,True
fig4,FD,fixed,y_half,0.001,u,0.000274259932529608,0.00026996036025805914,8.853178051770882e-06,1.765730002912966,5.013891159557571e-06,True
fig4,FD,fixed,y_half,0.001,v,0.0002179999585769643,0.00020120610953933138,1.7918882436074313e-05,2.5567891710310655,7.008353539313623e-06,True
fig4,FD,fixed,y_half,0.005,u,0.0004718487277990402,0.00044312109894062424,4.646398160734755e-05,1.765730002912966,2.631431845791533e-05,True
fig4,FD,fixed,y_half,0.005,v,0.0006895660001666748,0.00060659858024259,9.069732981270562e-05,2.5567891710310655,3.5473135931708635e-05,True
fig4,FD,fixed,y_half,0.01,u,0.0008352936061506444,0.0007635363827369623,0.00010060900986852417,1.765730002912966,5.697870552267173e-05,True
fig4,FD,fixed,y_half,0.01,v,0.0012919342375576903,0.0011350896743036465,0.00018631879368014026,2.5567891710310655,7.287217725699466e-05,True
fig4,FD,fixed,y_half,0.02,u,0.0019512361514315568,0.0017551563138640258,0.00025343343761075054,1.765730002912966,0.00014352898642071862,True
fig4,FD,fixed,y_half,0.02,v,0.0028201491954131797,0.0024846867322159127,0.00037469269745438183,2.5567891710310655,0.000146548140026454,True
fig4,FD,fixed,domain_double,0.001,u,0.000274259932529608,0.000274259932529608,0.0,1.765730002912966,0.0,True
fig4,FD,fixed,domain_double,0.001,v,0.0002179999585769643,0.0002179999585769643,0.0,2.5567891710310655,0.0,True
fig4,FD,fixed,domain_double,0.005,u,0.0004718487277990402,0.0004718487277990402,0.0,1.765730002912966,0.0,True
fig4,FD,fixed,domain_double,0.005,v,0.0006895660001666748,0.0006895660001666748,0.0,2.5567891710310655,0.0,True
fig4,FD,fixed,domain_double,0.01,u,0.0008352936061506444,0.0008352936061506444,0.0,1.765730002912966,0.0,True
fig4,FD,fixed,domain_double,0.01,v,0.0012919342375576903,0.0012919342375576903,0.0,2.5567891710310655,0.0,True
fig4,FD,fixed,domain_double,0.02,u,0.0019512361514315568,0.0019512361514315568,0.0,1.765730002912966,0.0,True
fig4,FD,fixed,domain_double,0.02,v,0.0028201491954131797,0.0028201491954131797,0.0,2.5567891710310655,0.0,True
fig4,SD,moving,time_half,0.001,u,7.893914104906141e-05,7.893914104961652e-05,2.220446049250313e-15,1.765730002912966,1.2575229766652838e-15,True
fig4,SD,moving,time_half,0.001,v,9.699955444197883e-05,9.699955444020247e-05,1.0264011862659572e-13,2.5567891710310655,4.014414633381933e-14,True
fig4,SD,moving,time_half,0.005,u,0.0001727885002311691,0.0001727885002351659,1.6653345369377348e-14,1.765730002912966,9.431422324989629e-15,True
fig4,SD,moving,time_half,0.005,v,0.0002676482181565021,0.00026764821816982476,4.218847493575595e-14,2.5567891710310655,1.6500568530937097e-14,True
fig4,SD,moving,time_half,0.01,u,0.0003608792901765856,0.0003608792901974578,5.140332604014475e-14,1.765730002912966,2.911165690980132e-14,True
fig4,SD,moving,time_half,0.01,v,0.0005343877459771385,0.000534387746004672,3.409269394571979e-13,2.5567891710310655,1.333418270540131e-13,True
fig4,SD,moving,time_half,0.02,u,0.0008279690626487035,0.0008279690628447689,4.4853010194856324e-13,1.765730002912966,2.540196412863873e-13,True
fig4,SD,moving,time_half,0.02,v,0.0012423636873126753,0.0012423636874685506,8.526512829121202e-13,2.5567891710310655,3.3348517451999186e-13,True
fig4,SD,moving,x_half,0.001,u,7.893914104906141e-05,3.9437438203338004e-05,9.696903338740626e-05,1.765730002912966,5.491724851898885e-05,True
fig4,SD,moving,x_half,0.001,v,9.699955444197883e-05,2.0793802863128263e-05,9.062593884645587e-05,2.5567891710310655,3.544521381475874e-05,True
fig4,SD,moving,x_half,0.005,u,0.0001727885002311691,0.00019840759794154117,0.00019934154378620228,1.765730002912966,0.00011289469140658192,True
fig4,SD,moving,x_half,0.005,v,0.0002676482181565021,0.00010174123899076015,0.0002595098338726842,2.5567891710310655,0.00010149833111504959,True
fig4,SD,moving,x_half,0.01,u,0.0003608792901765856,0.00040028283073700877,0.00035941654742577267,1.765730002912966,0.00020355124896379107,True
fig4,SD,moving,x_half,0.01,v,0.0005343877459771385,0.00023548088378655407,0.0005083897173636664,2.5567891710310655,0.00019883912335198536,True
fig4,SD,moving,x_half,0.02,u,0.0008279690626487035,0.002280141248299783,0.0022237187734805985,1.765730002912966,0.0012593764447633997,False
fig4,SD,moving,x_half,0.02,v,0.0012423636873126753,0.0023842204670501133,0.001993934630968308,2.5567891710310655,0.0007798588376233706,True
fig4,SD,moving,y_half,0.001,u,7.893914104906141e-05,9.499365665255333e-05,2.9813304981418653e-05,1.765730002912966,1.6884407543755246e-05,True
fig4,SD,moving,y_half,0.001,v,9.699955444197883e-05,9.528377945988709e-05,1.7130637922413428e-05,2.5567891710310655,6.70005885370096e-06,True
fig4,SD,moving,y_half,0.005,u,0.0001727885002311691,0.00018513491305027774,0.00014912975260372718,1.765730002912966,8.445784596609014e-05,True
fig4,SD,moving,y_half,0.005,v,0.0002676482181565021,0.0002805254985109862,7.817108865326716e-05,2.5567891710310655,3.0573928245223064e-05,True
fig4,SD,moving,y_half,0.01,u,0.0003608792901765856,0.00033555945064989157,0.00029822586205940915,1.765730002912966,0.000168896638538972,True
fig4,SD,moving,y_half,0.01,v,0.0005343877459771385,0.0005523976602854752,0.00018041438467952808,2.5567891710310655,7.05628710899042e-05,True
fig4,SD,moving,y_half,0.02,u,0.0008279690626487035,0.0007509631076775269,0.0005980006249024505,1.765730002912966,0.0003386704784513572,True
fig4,SD,moving,y_half,0.02,v,0.0012423636873126753,0.0012590737463735735,0.0004897717678691293,2.5567891710310655,0.00019155735381639667,True
fig4,SD,moving,domain_double,0.001,u,7.893914104906141e-05,7.522676097437841e-05,4.444436930428619e-05,1.765730002912966,2.517053526358236e-05,True
fig4,SD,moving,domain_double,0.001,v,9.699955444197883e-05,9.554090059360476e-05,4.2406945401696206e-05,2.5567891710310655,1.658601572713754e-05,True
fig4,SD,moving,domain_double,0.005,u,0.0001727885002311691,0.00017573915807300722,4.925292828605876e-05,1.765730002912966,2.7893804944586692e-05,True
fig4,SD,moving,domain_double,0.005,v,0.0002676482181565021,0.0002611117694426568,4.71931993972774e-05,2.5567891710310655,1.8457994085701637e-05,True
fig4,SD,moving,domain_double,0.01,u,0.0003608792901765856,0.0003659050258260077,5.62083111470546e-05,1.765730002912966,3.183290256966039e-05,True
fig4,SD,moving,domain_double,0.01,v,0.0005343877459771385,0.0005162312203110808,5.3832841180101454e-05,2.5567891710310655,2.105486122596198e-05,True
fig4,SD,moving,domain_double,0.02,u,0.0008279690626487035,0.0008335961484380316,7.399079032066602e-05,1.765730002912966,4.1903796276102064e-05,True
fig4,SD,moving,domain_double,0.02,v,0.0012423636873126753,0.0011958500171593833,6.959357039870717e-05,2.5567891710310655,2.7219127485056764e-05,True
fig4,SD2,moving,time_half,0.001,u,0.0009755675350586746,0.0009755675350600068,1.6986412276764895e-14,1.765730002912966,9.620050771489421e-15,True
fig4,SD2,moving,time_half,0.001,v,0.0021662726683024935,0.0021662726682776245,2.9305897986109386e-13,2.5567891710310655,1.1461992376278456e-13,True
fig4,SD2,moving,time_half,0.005,u,0.0010555609566118562,0.0010555609566171853,8.482103908136196e-14,1.765730002912966,4.803737770861384e-14,True
fig4,SD2,moving,time_half,0.005,v,0.0020085571274854885,0.0020085571275103575,6.188383139260623e-13,2.5567891710310655,2.4203728681958785e-13,True
fig4,SD2,moving,time_half,0.01,u,0.0012044665204444804,0.0012044665204757887,3.0531133177191805e-13,1.765730002912966,1.7290940929147652e-13,True
fig4,SD2,moving,time_half,0.01,v,0.0018762990464709084,0.0018762990464225027,1.5705214906347464e-12,2.5567891710310655,6.142553748385163e-13,True
fig4,SD2,moving,time_half,0.02,u,0.0018123231036670795,0.0018123231038167376,3.4279801219838646e-12,1.765730002912966,1.9413954094502816e-12,True
fig4,SD2,moving,time_half,0.02,v,0.0032679140370572846,0.003267914037362374,7.239542298975721e-12,2.5567891710310655,2.831497559908806e-12,True
fig4,SD2,moving,x_half,0.001,u,0.0009755675350586746,3.9128472189231545e-05,0.0009422305488131499,1.765730002912966,0.0005336209654130191,True
fig4,SD2,moving,x_half,0.001,v,0.0021662726683024935,0.00012644611053547195,0.0020398781256294463,2.5567891710310655,0.0007978280527552584,True
fig4,SD2,moving,x_half,0.005,u,0.0010555609566118562,0.00016913585528266495,0.0011286692245913166,1.765730002912966,0.0006392082723458992,True
fig4,SD2,moving,x_half,0.005,v,0.0020085571274854885,0.00015289860378397968,0.0019417892802220393,2.5567891710310655,0.000759463980144668,True
fig4,SD2,moving,x_half,0.01,u,0.0012044665204444804,0.00036162222064795024,0.0014200614042252369,1.765730002912966,0.0008042347368411527,True
fig4,SD2,moving,x_half,0.01,v,0.0018762990464709084,0.00028206732256719214,0.0017777859449137345,2.5567891710310655,0.0006953197256372978,True
fig4,SD2,moving,x_half,0.02,u,0.0018123231036670795,0.017962975346143994,0.01797837551605419,1.765730002912966,0.010181837249406673,False
fig4,SD2,moving,x_half,0.02,v,0.0032679140370572846,0.015040470692549102,0.01463132174351034,2.5567891710310655,0.005722537434562909,False
fig4,SD2,moving,y_half,0.001,u,0.0009755675350586746,0.0010224202562649776,3.006054224075072e-05,1.765730002912966,1.702442739895632e-05,True
fig4,SD2,moving,y_half,0.001,v,0.0021662726683024935,0.004696665711216408,0.0011288618118110438,2.5567891710310655,0.00044151540713691795,True
fig4,SD2,moving,y_half,0.005,u,0.0010555609566118562,0.0012023912871670372,0.00014870151888257688,1.765730002912966,8.421532093653079e-05,True
fig4,SD2,moving,y_half,0.005,v,0.0020085571274854885,0.004580109747627681,0.0011692774819767049,2.5567891710310655,0.0004573226041571411,True
fig4,SD2,moving,y_half,0.01,u,0.0012044665204444804,0.0014849501708578128,0.0002970761986054171,1.765730002912966,0.0001682455404367166,True
fig4,SD2,moving,y_half,0.01,v,0.0018762990464709084,0.004383728074946358,0.0012611167450229388,2.5567891710310655,0.0004932423679322662,True
fig4,SD2,moving,y_half,0.02,u,0.0018123231036670795,0.0023812201344459716,0.0005945660438306799,1.765730002912966,0.0003367253446732006,True
fig4,SD2,moving,y_half,0.02,v,0.0032679140370572846,0.0038168260125199804,0.0016648372125129818,2.5567891710310655,0.000651143720169,True
fig4,SD2,moving,domain_double,0.001,u,0.0009755675350586746,0.0009231513059353436,8.767905350492988e-05,1.765730002912966,4.965597988383485e-05,True
fig4,SD2,moving,domain_double,0.001,v,0.0021662726683024935,0.0020393400608482715,0.00012745529612168127,2.5567891710310655,4.9849748100381274e-05,True
fig4,SD2,moving,domain_double,0.005,u,0.0010555609566118562,0.0009944889243953536,9.180368321470844e-05,1.765730002912966,5.1991914428172916e-05,True
fig4,SD2,moving,domain_double,0.005,v,0.0020085571274854885,0.0018869768038642931,0.00012241007989155506,2.5567891710310655,4.787648558531373e-05,True
fig4,SD2,moving,domain_double,0.01,u,0.0012044665204444804,0.0011317440495157705,0.00010054582020946334,1.765730002912966,5.6942918817480905e-05,True
fig4,SD2,moving,domain_double,0.01,v,0.0018762990464709084,0.0017898472659223508,0.0001142792918806812,2.5567891710310655,4.469640796960833e-05,True
fig4,SD2,moving,domain_double,0.02,u,0.0018123231036670795,0.001704676491072421,0.00014344104519126155,1.765730002912966,8.123611478234131e-05,True
fig4,SD2,moving,domain_double,0.02,v,0.0032679140370572846,0.003130163983957601,0.00014434409626273847,2.5567891710310655,5.645522043748701e-05,True
fig4,FD,moving,time_half,0.001,u,0.00010433604789550355,0.00010433604789583661,4.218847493575595e-15,1.765730002912966,2.389293655664039e-15,True
fig4,FD,moving,time_half,0.001,v,0.00010185842550969326,0.00010185842550924917,5.975065277621927e-15,2.5567891710310655,2.3369409356550065e-15,True
fig4,FD,moving,time_half,0.005,u,0.00024890977706926165,0.00024890977707126005,1.326716514427062e-14,1.765730002912966,7.51369978557507e-15,True
fig4,FD,moving,time_half,0.005,v,0.0003840246797750524,0.0003840246797826019,1.5987211554602254e-14,2.5567891710310655,6.2528470222498474e-15,True
fig4,FD,moving,time_half,0.01,u,0.00047107758670561495,0.000471077586710722,3.835820550079916e-14,1.765730002912966,2.1723709421892776e-14,True
fig4,FD,moving,time_half,0.01,v,0.0007664459336922391,0.0007664459337144436,6.927791673660977e-14,2.5567891710310655,2.709567042974934e-14,True
fig4,FD,moving,time_half,0.02,u,0.0010549298526772999,0.0010549298526910666,3.126388037344441e-13,1.765730002912966,1.7705923511447197e-13,True
fig4,FD,moving,time_half,0.02,v,0.0017095995831688526,0.0017095995833118494,6.985523270941485e-13,2.5567891710310655,2.7321467683330585e-13,True
fig4,FD,moving,x_half,0.001,u,0.00010433604789550355,1.3302877292842297e-05,9.673305798019172e-05,1.765730002912966,5.4783606678602585e-05,True
fig4,FD,moving,x_half,0.001,v,0.00010185842550969326,2.954525545550979e-05,9.031221532507239e-05,2.5567891710310655,3.532251166749606e-05,True
fig4,FD,moving,x_half,0.005,u,0.00024890977706926165,6.0325356621371284e-05,0.0001962911130370948,1.765730002912966,0.000111167116554212,True
fig4,FD,moving,x_half,0.005,v,0.0003840246797750524,0.00014082729201314592,0.00025347680613574397,2.5567891710310655,9.913872016030381e-05,True
fig4,FD,moving,x_half,0.01,u,0.00047107758670561495,0.0001253851124174421,0.00035213579571002906,1.765730002912966,0.00019942788259196052,True
fig4,FD,moving,x_half,0.01,v,0.0007664459336922391,0.00028880249304652494,0.0004930505927602802,2.5567891710310655,0.00019283975321338277,True
fig4,FD,moving,x_half,0.02,u,0.0010549298526772999,0.0024289527564438362,0.002175209030996106,1.765730002912966,0.0012319035341799782,False
fig4,FD,moving,x_half,0.02,v,0.0017095995831688526,0.0023209318811221458,0.0019406090126530273,2.5567891710310655,0.0007590023591465878,True
fig4,FD,moving,y_half,0.001,u,0.00010433604789550355,0.00010142400373691629,8.851402583553991e-06,1.765730002912966,5.012885644436933e-06,True
fig4,FD,moving,y_half,0.001,v,0.00010185842550969326,9.581174026229711e-05,1.9033706972315656e-05,2.5567891710310655,7.444378749711309e-06,True
fig4,FD,moving,y_half,0.005,u,0.00024890977706926165,0.00021809092174185363,4.477546985537373e-05,1.765730002912966,2.5358050087786126e-05,True
fig4,FD,moving,y_half,0.005,v,0.0003840246797750524,0.00030947202194520074,9.567313366787289e-05,2.5567891710310655,3.7419250187645e-05,True
fig4,FD,moving,y_half,0.01,u,0.00047107758670561495,0.00040242126156853075,9.165630007390568e-05,1.765730002912966,5.190844575484256e-05,True
fig4,FD,moving,y_half,0.01,v,0.0007664459336922391,0.0006100266842157254,0.0001945926187274516,2.5567891710310655,7.610819888171658e-05,True
fig4,FD,moving,y_half,0.02,u,0.0010549298526772999,0.0008896251748098383,0.000245930745271572,1.765730002912966,0.00013927992663989076,True
fig4,FD,moving,y_half,0.02,v,0.0017095995831688526,0.0013749668740210552,0.00042205419888130535,2.5567891710310655,0.0001650719596528584,True
fig4,FD,moving,domain_double,0.001,u,0.00010433604789550355,0.00010137441465851715,4.443634799622398e-05,1.765730002912966,2.5165992492009707e-05,True
fig4,FD,moving,domain_double,0.001,v,0.00010185842550969326,0.00010201819334687556,4.2385553671975273e-05,2.5567891710310655,1.6577649089026232e-05,True
fig4,FD,moving,domain_double,0.005,u,0.00024890977706926165,0.00023759130967482278,4.920653170092937e-05,1.765730002912966,2.786752879531537e-05,True
fig4,FD,moving,domain_double,0.005,v,0.0003840246797750524,0.0003783120666653872,4.709925099155576e-05,2.5567891710310655,1.8421249403431354e-05,True
fig4,FD,moving,domain_double,0.01,u,0.00047107758670561495,0.0004446385923382312,5.610378560005902e-05,1.765730002912966,3.1773705780330686e-05,True
fig4,FD,moving,domain_double,0.01,v,0.0007664459336922391,0.0007498777138219559,5.366817722185502e-05,2.5567891710310655,2.0990458591551558e-05,True
fig4,FD,moving,domain_double,0.02,u,0.0010549298526772999,0.0010012514549586626,7.337215778513428e-05,1.765730002912966,4.155344116262992e-05,True
fig4,FD,moving,domain_double,0.02,v,0.0017095995831688526,0.0016660543791462423,6.938581580828718e-05,2.5567891710310655,2.7137871434392164e-05,True
fig5,SD,fixed,time_half,0.001,u,2.0151491663712717e-08,2.015149166458008e-08,1.0408340855860843e-17,0.03004067291014295,3.4647495703555176e-16,True
fig5,SD,fixed,time_half,0.001,v,2.308561116576291e-08,2.308561116576291e-08,9.71445146547012e-17,0.11549905034354419,8.410849644715809e-16,True
fig5,SD,fixed,time_half,0.005,u,1.0075554294532163e-07,1.0075554294532163e-07,1.0408340855860843e-17,0.03004067291014295,3.4647495703555176e-16,True
fig5,SD,fixed,time_half,0.005,v,7.085777312121344e-08,7.085777307958008e-08,1.8041124150158794e-16,0.11549905034354419,1.5620149340186503e-15,True
fig5,SD,fixed,time_half,0.01,u,2.015089349324123e-07,2.0150893493327965e-07,1.0408340855860843e-17,0.03004067291014295,3.4647495703555176e-16,True
fig5,SD,fixed,time_half,0.01,v,1.3444289664876763e-07,1.34442896690401e-07,2.3592239273284576e-16,0.11549905034354419,2.0426349137166966e-15,True
fig5,SD,fixed,time_half,0.02,u,4.0301020240787744e-07,4.030102024070101e-07,1.3877787807814457e-17,0.03004067291014295,4.619666093807357e-16,True
fig5,SD,fixed,time_half,0.02,v,2.6578788064890446e-07,2.657878806350267e-07,2.914335439641036e-16,0.11549905034354419,2.5232548934147426e-15,True
fig5,SD,fixed,x_half,0.001,u,2.0151491663712717e-08,2.015286500612473e-08,1.2179190541500295e-08,0.03004067291014295,4.054233597872605e-07,True
fig5,SD,fixed,x_half,0.001,v,2.308561116576291e-08,1.3146199587255047e-08,2.3667658416437476e-08,0.11549905034354419,2.049164763349968e-07,True
fig5,SD,fixed,x_half,0.005,u,1.0075554294532163e-07,1.0076662236395417e-07,1.2247750702520932e-08,0.03004067291014295,4.077056043037436e-07,True
fig5,SD,fixed,x_half,0.005,v,7.085777312121344e-08,6.565285151638456e-08,2.3678915314628846e-08,0.11549905034354419,2.0501393945835484e-07,True
fig5,SD,fixed,x_half,0.01,u,2.015089349324123e-07,2.0153723029932985e-07,1.233528761773739e-08,0.03004067291014295,4.106195508547512e-07,True
fig5,SD,fixed,x_half,0.01,v,1.3444289664876763e-07,1.312641740025544e-07,2.3680869834508123e-08,0.11549905034354419,2.0503086184753003e-07,True
fig5,SD,fixed,x_half,0.02,u,4.0301020240787744e-07,4.030828209726847e-07,1.2516209117741095e-08,0.03004067291014295,4.1664210236499444e-07,True
fig5,SD,fixed,x_half,0.02,v,2.6578788064890446e-07,2.6236493452791443e-07,2.412444054245011e-08,0.11549905034354419,2.0887133245419403e-07,True
fig5,SD,fixed,y_half,0.001,u,2.0151491663712717e-08,1.2629702741961957e-08,1.7190804304373364e-08,0.03004067291014295,5.722509730655551e-07,True
fig5,SD,fixed,y_half,0.001,v,2.308561116576291e-08,2.1557019030948865e-08,2.8842486204938567e-08,0.11549905034354419,2.4972054851662e-07,True
fig5,SD,fixed,y_half,0.005,u,1.0075554294532163e-07,2.522582096681214e-08,7.701857646612298e-08,0.03004067291014295,2.5638099617974395e-06,True
fig5,SD,fixed,y_half,0.005,v,7.085777312121344e-08,2.4443602614221405e-08,4.6923324018011137e-08,0.11549905034354419,4.062658859829657e-07,True
fig5,SD,fixed,y_half,0.01,u,2.015089349324123e-07,5.0452886523125184e-08,1.5180865805316385e-07,0.03004067291014295,5.053437335017455e-06,True
fig5,SD,fixed,y_half,0.01,v,1.3444289664876763e-07,3.9700670223519197e-08,9.315472057624952e-08,0.11549905034354419,8.065410087716483e-07,True
fig5,SD,fixed,y_half,0.02,u,4.0301020240787744e-07,1.0091034562294265e-07,3.0202618524644703e-07,0.03004067291014295,1.005390878392976e-05,True
fig5,SD,fixed,y_half,0.02,v,2.6578788064890446e-07,7.133428771288752e-08,1.8562010201117474e-07,0.11549905034354419,1.6071136642168068e-06,True
fig5,SD,fixed,domain_double,0.001,u,2.0151491663712717e-08,2.0151491663712717e-08,0.0,0.03004067291014295,0.0,True
fig5,SD,fixed,domain_double,0.001,v,2.308561116576291e-08,2.308561116576291e-08,0.0,0.11549905034354419,0.0,True
fig5,SD,fixed,domain_double,0.005,u,1.0075554294532163e-07,1.0075554294532163e-07,0.0,0.03004067291014295,0.0,True
fig5,SD,fixed,domain_double,0.005,v,7.085777312121344e-08,7.085777312121344e-08,0.0,0.11549905034354419,0.0,True
fig5,SD,fixed,domain_double,0.01,u,2.015089349324123e-07,2.015089349324123e-07,0.0,0.03004067291014295,0.0,True
fig5,SD,fixed,domain_double,0.01,v,1.3444289664876763e-07,1.3444289664876763e-07,0.0,0.11549905034354419,0.0,True
fig5,SD,fixed,domain_double,0.02,u,4.0301020240787744e-07,4.0301020240787744e-07,0.0,0.03004067291014295,0.0,True
fig5,SD,fixed,domain_double,0.02,v,2.6578788064890446e-07,2.6578788064890446e-07,0.0,0.11549905034354419,0.0,True
fig5,SD2,fixed,time_half,0.001,u,1.584826309838916e-07,1.5848263015469377e-07,4.171809212915722e-15,0.03004067291014295,1.3887202944469162e-13,True
fig5,SD2,fixed,time_half,0.001,v,6.029136986052119e-07,6.029137002705465e-07,4.796857355771067e-14,0.11549905034354419,4.153157399565742e-13,True
fig5,SD2,fixed,time_half,0.005,u,1.7012863804538592e-07,1.701286393221424e-07,9.882942835821472e-15,0.03004067291014295,3.2898540140505933e-13,True
fig5,SD2,fixed,time_half,0.005,v,6.054698199059461e-07,6.054698265742231e-07,1.3180862651340775e-13,0.11549905034354419,1.1412096127314625e-12,True
fig5,SD2,fixed,time_half,0.01,u,2.0012768728924074e-07,2.0012768564819233e-07,1.2121597128822437e-14,0.03004067291014295,4.035061786092579e-13,True
fig5,SD2,fixed,time_half,0.01,v,6.086845997024803e-07,6.086846174035987e-07,1.9798550819627447e-13,0.11549905034354419,1.714174338294383e-12,True
fig5,SD2,fixed,time_half,0.02,u,4.016200976326642e-07,4.0162009604712695e-07,1.8396722239822424e-14,0.03004067291014295,6.123938133759628e-13,True
fig5,SD2,fixed,time_half,0.02,v,6.151804779960801e-07,6.151804985143894e-07,2.129427276870155e-13,0.11549905034354419,1.843675138917867e-12,True
fig5,SD2,fixed,x_half,0.001,u,1.584826309838916e-07,2.0064481136457257e-08,1.5236921555028538e-07,0.03004067291014295,5.07209728643726e-06,True
fig5,SD2,fixed,x_half,0.001,v,6.029136986052119e-07,3.8623049515573715e-08,5.656501234976852e-07,0.11549905034354419,4.8974439340860105e-06,True
fig5,SD2,fixed,x_half,0.005,u,1.7012863804538592e-07,1.0067293066892691e-07,1.5218822728424453e-07,0.03004067291014295,5.066072512405659e-06,True
fig5,SD2,fixed,x_half,0.005,v,6.054698199059461e-07,6.756916920425127e-08,5.654170280242066e-07,0.11549905034354419,4.895425774864915e-06,True
fig5,SD2,fixed,x_half,0.01,u,2.0012768728924074e-07,2.014437956434842e-07,1.5195118050967404e-07,0.03004067291014295,5.058181651396003e-06,True
fig5,SD2,fixed,x_half,0.01,v,6.086845997024803e-07,1.329413103490218e-07,5.651405992970759e-07,0.11549905034354419,4.893032432873717e-06,True
fig5,SD2,fixed,x_half,0.02,u,4.016200976326642e-07,4.029898864627707e-07,1.5144164810035332e-07,0.03004067291014295,5.041220233426278e-06,True
fig5,SD2,fixed,x_half,0.02,v,6.151804779960801e-07,2.636051827514807e-07,5.64637629790754e-07,0.11549905034354419,4.8886776827279296e-06,True
fig5,SD2,fixed,y_half,0.001,u,1.584826309838916e-07,1.6099214021625396e-07,1.7190789234830528e-08,0.03004067291014295,5.722504714275631e-07,True
fig5,SD2,fixed,y_half,0.001,v,6.029136986052119e-07,1.1820661838385371e-06,2.3806043162460933e-07,0.11549905034354419,2.0611462251552246e-06,True
fig5,SD2,fixed,y_half,0.005,u,1.7012863804538592e-07,1.582453111430293e-07,7.701853313446527e-08,0.03004067291014295,2.563808519364448e-06,True
fig5,SD2,fixed,y_half,0.005,v,6.054698199059461e-07,1.1826523132335565e-06,2.398454374621939e-07,0.11549905034354419,2.076600948222429e-06,True
fig5,SD2,fixed,y_half,0.01,u,2.0012768728924074e-07,1.6202126942865824e-07,1.5180858166288086e-07,0.03004067291014295,5.053434792122254e-06,True
fig5,SD2,fixed,y_half,0.01,v,6.086845997024803e-07,1.1833946640602e-06,2.420802802730049e-07,0.11549905034354419,2.0959503957214655e-06,True
fig5,SD2,fixed,y_half,0.02,u,4.016200976326642e-07,1.6968724807914226e-07,3.0202628716578805e-07,0.03004067291014295,1.0053912176641413e-05,True
fig5,SD2,fixed,y_half,0.02,v,6.151804779960801e-07,1.1849118825221772e-06,2.465572223192547e-07,0.11549905034354419,2.134712117423362e-06,True
fig5,SD2,fixed,domain_double,0.001,u,1.584826309838916e-07,1.584826309838916e-07,0.0,0.03004067291014295,0.0,True
fig5,SD2,fixed,domain_double,0.001,v,6.029136986052119e-07,6.029136986052119e-07,0.0,0.11549905034354419,0.0,True
fig5,SD2,fixed,domain_double,0.005,u,1.7012863804538592e-07,1.7012863804538592e-07,0.0,0.03004067291014295,0.0,True
fig5,SD2,fixed,domain_double,0.005,v,6.054698199059461e-07,6.054698199059461e-07,0.0,0.11549905034354419,0.0,True
fig5,SD2,fixed,domain_double,0.01,u,2.0012768728924074e-07,2.0012768728924074e-07,0.0,0.03004067291014295,0.0,True
fig5,SD2,fixed,domain_double,0.01,v,6.086845997024803e-07,6.086845997024803e-07,0.0,0.11549905034354419,0.0,True
fig5,SD2,fixed,domain_double,0.02,u,4.016200976326642e-07,4.016200976326642e-07,0.0,0.03004067291014295,0.0,True
fig5,SD2,fixed,domain_double,0.02,v,6.151804779960801e-07,6.151804779960801e-07,0.0,0.11549905034354419,0.0,True
fig5,FD,fixed,time_half,0.001,u,1.200203412002332e-08,1.200203412002332e-08,1.3877787807814457e-17,0.03004067291014295,4.619666093807357e-16,True
fig5,FD,fixed,time_half,0.001,v,2.400695191251412e-08,2.400695189863633e-08,1.1102230246251565e-16,0.11549905034354419,9.612399593960925e-16,True
fig5,FD,fixed,time_half,0.005,u,1.1706945635125976e-08,1.1706945635125976e-08,1.0408340855860843e-17,0.03004067291014295,3.4647495703555176e-16,True
fig5,FD,fixed,time_half,0.005,v,2.5229257002989947e-08,2.522925698911216e-08,2.3592239273284576e-16,0.11549905034354419,2.0426349137166966e-15,True
fig5,FD,fixed,time_half,0.01,u,1.1734001822277795e-08,1.1734001818808348e-08,1.3877787807814457e-17,0.03004067291014295,4.619666093807357e-16,True
fig5,FD,fixed,time_half,0.01,v,2.707441650040554e-08,2.7074416458772177e-08,2.636779683484747e-16,0.11549905034354419,2.28294490356572e-15,True
fig5,FD,fixed,time_half,0.02,u,1.5887743613773875e-08,1.5887743613773875e-08,1.0408340855860843e-17,0.03004067291014295,3.4647495703555176e-16,True
fig5,FD,fixed,time_half,0.02,v,3.132929619897862e-08,3.1329296226734193e-08,3.469446951953614e-16,0.11549905034354419,3.003874873112789e-15,True
fig5,FD,fixed,x_half,0.001,u,1.200203412002332e-08,8.547805172010037e-10,1.217888380075638e-08,0.03004067291014295,4.054131489392933e-07,True
fig5,FD,fixed,x_half,0.001,v,2.400695191251412e-08,1.802128751782206e-09,2.3667603918364755e-08,0.11549905034354419,2.0491600448633174e-07,True
fig5,FD,fixed,x_half,0.005,u,1.1706945635125976e-08,3.7518190568186505e-09,1.2246198465015734e-08,0.03004067291014295,4.076539331075011e-07,True
fig5,FD,fixed,x_half,0.005,v,2.5229257002989947e-08,3.327263978225581e-09,2.3678665278525912e-08,0.11549905034354419,2.050117746258113e-07,True
fig5,FD,fixed,x_half,0.01,u,1.1734001822277795e-08,7.493485679188616e-09,1.2332137189902115e-08,0.03004067291014295,4.105146787753308e-07,True
fig5,FD,fixed,x_half,0.01,v,2.707441650040554e-08,5.247004386532694e-09,2.3680403082870782e-08,0.11549905034354419,2.0502682067458573e-07,True
fig5,FD,fixed,x_half,0.02,u,1.5887743613773875e-08,1.497642709326341e-08,1.2509727823073469e-08,0.03004067291014295,4.1642635171629847e-07,True
fig5,FD,fixed,x_half,0.02,v,3.132929619897862e-08,9.149053251111816e-09,2.4122979919161125e-08,0.11549905034354419,2.0885868626113322e-07,True
fig5,FD,fixed,y_half,0.001,u,1.200203412002332e-08,1.2161869022281335e-08,4.777601290278932e-09,0.03004067291014295,1.5903775872696314e-07,True
fig5,FD,fixed,y_half,0.001,v,2.400695191251412e-08,2.383895561508531e-08,3.192953351716099e-08,0.11549905034354419,2.76448450633912e-07,True
fig5,FD,fixed,y_half,0.005,u,1.1706945635125976e-08,1.2061901286802845e-08,4.907732300413192e-09,0.03004067291014295,1.6336958613054712e-07,True
fig5,FD,fixed,y_half,0.005,v,2.5229257002989947e-08,2.4120791822235255e-08,3.179171781386714e-08,0.11549905034354419,2.75255231270775e-07,True
fig5,FD,fixed,y_half,0.01,u,1.1734001822277795e-08,1.1942194188402366e-08,5.64643284385602e-09,0.03004067291014295,1.8795959933206272e-07,True
fig5,FD,fixed,y_half,0.01,v,2.707441650040554e-08,2.4556026531619146e-08,3.184142226275721e-08,0.11549905034354419,2.756855763579617e-07,True
fig5,FD,fixed,y_half,0.02,u,1.5887743613773875e-08,1.1770395064863992e-08,1.1257049039453682e-08,0.03004067291014295,3.7472692682768914e-07,True
fig5,FD,fixed,y_half,0.02,v,3.132929619897862e-08,2.5893295993451027e-08,3.2556416326712245e-08,0.11549905034354419,2.818760520530287e-07,True
fig5,FD,fixed,domain_double,0.001,u,1.200203412002332e-08,1.200203412002332e-08,0.0,0.03004067291014295,0.0,True
fig5,FD,fixed,domain_double,0.001,v,2.400695191251412e-08,2.400695191251412e-08,0.0,0.11549905034354419,0.0,True
fig5,FD,fixed,domain_double,0.005,u,1.1706945635125976e-08,1.1706945635125976e-08,0.0,0.03004067291014295,0.0,True
fig5,FD,fixed,domain_double,0.005,v,2.5229257002989947e-08,2.5229257002989947e-08,0.0,0.11549905034354419,0.0,True
fig5,FD,fixed,domain_double,0.01,u,1.1734001822277795e-08,1.1734001822277795e-08,0.0,0.03004067291014295,0.0,True
fig5,FD,fixed,domain_double,0.01,v,2.707441650040554e-08,2.707441650040554e-08,0.0,0.11549905034354419,0.0,True
fig5,FD,fixed,domain_double,0.02,u,1.5887743613773875e-08,1.5887743613773875e-08,0.0,0.03004067291014295,0.0,True
fig5,FD,fixed,domain_double,0.02,v,3.132929619897862e-08,3.132929619897862e-08,0.0,0.11549905034354419,0.0,True
fig5,SD,moving,time_half,0.001,u,2.015301715351664e-08,2.015301715351664e-08,1.1796119636642288e-16,0.03004067291014295,3.926716179736253e-15,True
fig5,SD,moving,time_half,0.001,v,2.1732450575240314e-08,2.173245056830142e-08,1.970645868709653e-15,0.11549905034354419,1.706200927928064e-14,True
fig5,SD,moving,time_half,0.005,u,1.0076275786495559e-07,1.0076275786755767e-07,5.898059818321144e-17,0.03004067291014295,1.9633580898681265e-15,True
fig5,SD,moving,time_half,0.005,v,7.016439555751486e-08,7.016439547424813e-08,3.1363800445660672e-15,0.11549905034354419,2.7155028852939613e-14,True
fig5,SD,moving,time_half,0.01,u,2.015249614406578e-07,2.0152496144239251e-07,1.1449174941446927e-16,0.03004067291014295,3.811224527391069e-15,True
fig5,SD,moving,time_half,0.01,v,1.3389989453327367e-07,1.3389989445000694e-07,1.3314002678121994e-14,0.11549905034354419,1.1527369825570327e-13,True
fig5,SD,moving,time_half,0.02,u,4.030421536125803e-07,4.0304215361778445e-07,1.7694179454963432e-16,0.03004067291014295,5.89007426960438e-15,True
fig5,SD,moving,time_half,0.02,v,2.652831205263162e-07,2.652831213034723e-07,6.2450045135165055e-15,0.11549905034354419,5.4069747716030204e-14,True
fig5,SD,moving,x_half,0.001,u,2.015301715351664e-08,2.015235637739532e-08,1.1392313405134136e-08,0.03004067291014295,3.792296344096749e-07,True
fig5,SD,moving,x_half,0.001,v,2.1732450575240314e-08,1.313383279910596e-08,2.2112763259363177e-08,0.11549905034354419,1.914540699130447e-07,True
fig5,SD,moving,x_half,0.005,u,1.0076275786495559e-07,1.0076314461288094e-07,1.1460604191354529e-08,0.03004067291014295,3.815029119232866e-07,True
fig5,SD,moving,x_half,0.005,v,7.016439555751486e-08,6.564828287924929e-08,2.219064731967535e-08,0.11549905034354419,1.9212839632595034e-07,True
fig5,SD,moving,x_half,0.01,u,2.015249614406578e-07,2.015328113384729e-07,1.1547842768827588e-08,0.03004067291014295,3.8440692734710903e-07,True
fig5,SD,moving,x_half,0.01,v,1.3389989453327367e-07,1.3125400039060153e-07,2.2277065095388515e-08,0.11549905034354419,1.9287660832818e-07,True
fig5,SD,moving,x_half,0.02,u,4.030421536125803e-07,4.03078567045613e-07,1.1728352504458694e-08,0.03004067291014295,3.90415771961577e-07,True
fig5,SD,moving,x_half,0.02,v,2.652831205263162e-07,2.623435335774582e-07,2.2413543340760178e-08,0.11549905034354419,1.9405824787383614e-07,True
fig5,SD,moving,y_half,0.001,u,2.015301715351664e-08,1.1864263377292517e-08,1.7190785279661003e-08,0.03004067291014295,5.722503397670795e-07,True
fig5,SD,moving,y_half,0.001,v,2.1732450575240314e-08,2.0144630824558973e-08,2.8842677829432617e-08,0.11549905034354419,2.4972220761678996e-07,True
fig5,SD,moving,y_half,0.005,u,1.0076275786495559e-07,2.5224164236503643e-08,7.701856480617914e-08,0.03004067291014295,2.563809573658869e-06,True
fig5,SD,moving,y_half,0.005,v,7.016439555751486e-08,2.379822681974897e-08,4.6922398300175416e-08,0.11549905034354419,4.0625787104402924e-07,True
fig5,SD,moving,y_half,0.01,u,2.015249614406578e-07,5.044964560430715e-08,1.518086309854061e-07,0.03004067291014295,5.053436433980456e-06,True
fig5,SD,moving,y_half,0.01,v,1.3389989453327367e-07,3.912648709192279e-08,9.315495032302668e-08,0.11549905034354419,8.065429979375893e-07,True
fig5,SD,moving,y_half,0.02,u,4.030421536125803e-07,1.0090460502137216e-07,3.020261155088286e-07,0.03004067291014295,1.0053906462489803e-05,True
fig5,SD,moving,y_half,0.02,v,2.652831205263162e-07,7.070522835272985e-08,1.8562019819812203e-07,0.11549905034354419,1.6071144970110767e-06,True
fig5,SD,moving,domain_double,0.001,u,2.015301715351664e-08,2.0153399870811994e-08,4.5690851796509335e-10,0.03004067291014295,1.5209663223316895e-08,True
fig5,SD,moving,domain_double,0.001,v,2.1732450575240314e-08,2.1670710108334656e-08,8.267034765085945e-10,0.11549905034354419,7.157664708494316e-09,True
fig5,SD,moving,domain_double,0.005,u,1.0076275786495559e-07,1.0076588723498259e-07,4.5664208525586503e-10,0.03004067291014295,1.52007941573667e-08,True
fig5,SD,moving,domain_double,0.005,v,7.016439555751486e-08,7.014411812500398e-08,8.254712191568814e-10,0.11549905034354419,7.146995725952487e-09,True
fig5,SD,moving,domain_double,0.01,u,2.015249614406578e-07,2.0153114294908792e-07,4.563020065961876e-10,0.03004067291014295,1.518947355011217e-08,True
fig5,SD,moving,domain_double,0.01,v,1.3389989453327367e-07,1.338684248730626e-07,8.238844745322993e-10,0.11549905034354419,7.133257564297803e-09,True
fig5,SD,moving,domain_double,0.02,u,4.030421536125803e-07,4.030553198697273e-07,4.555989127630333e-10,0.03004067291014295,1.5166068820289464e-08,True
fig5,SD,moving,domain_double,0.02,v,2.652831205263162e-07,2.652697121408032e-07,8.205551862983107e-10,0.11549905034354419,7.104432320937915e-09,True
fig5,SD2,moving,time_half,0.001,u,1.4592700063945085e-07,1.459270008857816e-07,4.602709272744088e-15,0.03004067291014295,1.532159178494975e-13,True
fig5,SD2,moving,time_half,0.001,v,5.516888674783615e-07,5.516888713641421e-07,5.508287104433532e-14,0.11549905034354419,4.769118956432543e-13,True
fig5,SD2,moving,time_half,0.005,u,1.574331409022467e-07,1.5743313975385975e-07,1.0158403455982727e-14,0.03004067291014295,3.381549902816204e-13,True
fig5,SD2,moving,time_half,0.005,v,5.543595011647806e-07,5.543595123433387e-07,1.188875387025945e-13,0.11549905034354419,1.0293378027695595e-12,True
fig5,SD2,moving,time_half,0.01,u,2.0021043063873922e-07,2.0021043084690604e-07,1.0161351765913883e-14,0.03004067291014295,3.3825313421934024e-13,True
fig5,SD2,moving,time_half,0.01,v,5.577192956074395e-07,5.577193020328552e-07,2.0402360627769928e-13,0.11549905034354419,1.7664526736007329e-12,True
fig5,SD2,moving,time_half,0.02,u,4.0172203792654404e-07,4.0172204105945464e-07,1.5663623581169193e-14,0.03004067291014295,5.214138720534625e-13,True
fig5,SD2,moving,time_half,0.02,v,5.645112952437636e-07,5.645113003369118e-07,2.276701640798254e-13,0.11549905034354419,1.9711864591322244e-12,True
fig5,SD2,moving,x_half,0.001,u,1.4592700063945085e-07,2.0069905315792114e-08,1.4064805029315175e-07,0.03004067291014295,4.681920765019323e-06,True
fig5,SD2,moving,x_half,0.001,v,5.516888674783615e-07,3.538601477809378e-08,5.175463208273445e-07,0.11549905034354419,4.480957369674795e-06,True
fig5,SD2,moving,x_half,0.005,u,1.574331409022467e-07,1.0067985342036151e-07,1.4054104036098636e-07,0.03004067291014295,4.678358596738823e-06,True
fig5,SD2,moving,x_half,0.005,v,5.543595011647806e-07,6.740342473054994e-08,5.173811063463596e-07,0.11549905034354419,4.479526929506729e-06,True
fig5,SD2,moving,x_half,0.01,u,2.0021043063873922e-07,2.0144611275873386e-07,1.403971630134504e-07,0.03004067291014295,4.673569178473582e-06,True
fig5,SD2,moving,x_half,0.01,v,5.577192956074395e-07,1.327955814478532e-07,5.171889726415801e-07,0.11549905034354419,4.47786342054966e-06,True
fig5,SD2,moving,x_half,0.02,u,4.0172203792654404e-07,4.029917814825021e-07,1.4007608894334167e-07,0.03004067291014295,4.662881199843106e-06,True
fig5,SD2,moving,x_half,0.02,v,5.645112952437636e-07,2.634942015133923e-07,5.168525972348847e-07,0.11549905034354419,4.474951055420294e-06,True
fig5,SD2,moving,y_half,0.001,u,1.4592700063945085e-07,1.4872211330160812e-07,1.7190773382060043e-08,0.03004067291014295,5.722499437173306e-07,True
fig5,SD2,moving,y_half,0.001,v,5.516888674783615e-07,1.0851920443782914e-06,2.1761145260756898e-07,0.11549905034354419,1.8840973320585606e-06,True
fig5,SD2,moving,y_half,0.005,u,1.574331409022467e-07,1.459423973788898e-07,7.701853315441459e-08,0.03004067291014295,2.5638085200285246e-06,True
fig5,SD2,moving,y_half,0.005,v,5.543595011647806e-07,1.0856446549453724e-06,2.1943063308049737e-07,0.11549905034354419,1.8998479418472764e-06,True
fig5,SD2,moving,y_half,0.01,u,2.0021043063873922e-07,1.494008796919244e-07,1.5180856711375507e-07,0.03004067291014295,5.053434307808009e-06,True
fig5,SD2,moving,y_half,0.01,v,5.577192956074395e-07,1.0862214436246909e-06,2.2170438846585983e-07,0.11549905034354419,1.919534297523789e-06,True
fig5,SD2,moving,y_half,0.02,u,4.0172203792654404e-07,1.5713999424252223e-07,3.0202620497285504e-07,0.03004067291014295,1.0053909440586424e-05,True
fig5,SD2,moving,y_half,0.02,v,5.645112952437636e-07,1.087412037560631e-06,2.2625369730522316e-07,0.11549905034354419,1.958922576698654e-06,True
fig5,SD2,moving,domain_double,0.001,u,1.4592700063945085e-07,1.4539375821701062e-07,9.355805123678618e-10,0.03004067291014295,3.114379345517163e-08,True
fig5,SD2,moving,domain_double,0.001,v,5.516888674783615e-07,5.497715821478621e-07,2.7308138458859155e-09,0.11549905034354419,2.364360432196882e-08,True
fig5,SD2,moving,domain_double,0.005,u,1.574331409022467e-07,1.5690246144006714e-07,9.35186515033104e-10,0.03004067291014295,3.113067799214801e-08,True
fig5,SD2,moving,domain_double,0.005,v,5.543595011647806e-07,5.524416173616209e-07,2.7298029878219943e-09,0.11549905034354419,2.3634852232138517e-08,True
fig5,SD2,moving,domain_double,0.01,u,2.0021043063873922e-07,2.0021004797868974e-07,9.346840489088404e-10,0.03004067291014295,3.111395179810546e-08,True
fig5,SD2,moving,domain_double,0.01,v,5.577192956074395e-07,5.558006320183217e-07,2.7285682047129e-09,0.11549905034354419,2.362416138138761e-08,True
fig5,SD2,moving,domain_double,0.02,u,4.0172203792654404e-07,4.0172986872158423e-07,9.33639478228887e-10,0.03004067291014295,3.107917991789233e-08,True
fig5,SD2,moving,domain_double,0.02,v,5.645112952437636e-07,5.625909223969106e-07,2.726223906346359e-09,0.11549905034354419,2.3603864258947485e-08,True
fig5,FD,moving,time_half,0.001,u,1.119067107382965e-08,1.119067107382965e-08,5.898059818321144e-17,0.03004067291014295,1.9633580898681265e-15,True
fig5,FD,moving,time_half,0.001,v,2.2463842536124545e-08,2.2463842522246757e-08,1.1102230246251565e-16,0.11549905034354419,9.612399593960925e-16,True
fig5,FD,moving,time_half,0.005,u,1.0959255811876512e-08,1.0959255811876512e-08,1.3877787807814457e-17,0.03004067291014295,4.619666093807357e-16,True
fig5,FD,moving,time_half,0.005,v,2.3814785088394075e-08,2.3814785074516287e-08,1.8041124150158794e-16,0.11549905034354419,1.5620149340186503e-15,True
fig5,FD,moving,time_half,0.01,u,1.098150436210088e-08,1.0981504369039774e-08,4.458239333260394e-16,0.03004067291014295,1.4840677326356134e-14,True
fig5,FD,moving,time_half,0.01,v,2.565999711323652e-08,2.5659997154869885e-08,2.220446049250313e-16,0.11549905034354419,1.922479918792185e-15,True
fig5,FD,moving,time_half,0.02,u,1.572228269103304e-08,1.572228269103304e-08,1.734723475976807e-16,0.03004067291014295,5.774582617259196e-15,True
fig5,FD,moving,time_half,0.02,v,2.957938917413916e-08,2.9579389257405886e-08,3.0531133177191805e-16,0.11549905034354419,2.6434098883392542e-15,True
fig5,FD,moving,x_half,0.001,u,1.119067107382965e-08,8.431975430378547e-10,1.1392063330867286e-08,0.03004067291014295,3.792213098868655e-07,True
fig5,FD,moving,x_half,0.001,v,2.2463842536124545e-08,1.7116652262227916e-09,2.2112702446897003e-08,0.11549905034354419,1.9145354339385693e-07,True
fig5,FD,moving,x_half,0.005,u,1.0959255811876512e-08,3.751496611623106e-09,1.1459337277697212e-08,0.03004067291014295,3.8146073864504127e-07,True
fig5,FD,moving,x_half,0.005,v,2.3814785088394075e-08,3.228350503592381e-09,2.2190357662488225e-08,0.11549905034354419,1.9212588845089628e-07,True
fig5,FD,moving,x_half,0.01,u,1.098150436210088e-08,7.49341705005846e-09,1.1545262083162422e-08,0.03004067291014295,3.843210209603618e-07,True
fig5,FD,moving,x_half,0.01,v,2.565999711323652e-08,5.1574304549273364e-09,2.227652019792803e-08,0.11549905034354419,1.928718905624593e-07,True
fig5,FD,moving,x_half,0.02,u,1.572228269103304e-08,1.4977365863158565e-08,1.1723009080838453e-08,0.03004067291014295,3.9023789899460904e-07,True
fig5,FD,moving,x_half,0.02,v,2.957938917413916e-08,9.052554511557176e-09,2.2412587841191822e-08,0.11549905034354419,1.940499750822806e-07,True
fig5,FD,moving,y_half,0.001,u,1.119067107382965e-08,1.1379890172552587e-08,4.777334996347582e-09,0.03004067291014295,1.5902889428067903e-07,True
fig5,FD,moving,y_half,0.001,v,2.2463842536124545e-08,2.2309566194422814e-08,3.192930538020722e-08,0.11549905034354419,2.7644647540595043e-07,True
fig5,FD,moving,y_half,0.005,u,1.0959255811876512e-08,1.1255455924924496e-08,4.907413496402224e-09,0.03004067291014295,1.6335897371810477e-07,True
fig5,FD,moving,y_half,0.005,v,2.3814785088394075e-08,2.267955065415883e-08,3.1792057528234885e-08,0.11549905034354419,2.7525817254489574e-07,True
fig5,FD,moving,y_half,0.01,u,1.098150436210088e-08,1.1105297448993356e-08,5.64645470310654e-09,0.03004067291014295,1.8796032698721832e-07,True
fig5,FD,moving,y_half,0.01,v,2.565999711323652e-08,2.312601739273834e-08,3.184167239600466e-08,0.11549905034354419,2.756877420315902e-07,True
fig5,FD,moving,y_half,0.02,u,1.572228269103304e-08,1.0987916874982684e-08,1.1257114294546677e-08,0.03004067291014295,3.747290990524323e-07,True
fig5,FD,moving,y_half,0.02,v,2.957938917413916e-08,2.4148181801408874e-08,3.255666541912561e-08,0.11549905034354419,2.818782087150326e-07,True
fig5,FD,moving,domain_double,0.001,u,1.119067107382965e-08,1.117002856529381e-08,4.569084555150482e-10,0.03004067291014295,1.5209661144467153e-08,True
fig5,FD,moving,domain_double,0.001,v,2.2463842536124545e-08,2.2422104006825094e-08,8.267174236853414e-10,0.11549905034354419,7.157785464264216e-09,True
fig5,FD,moving,domain_double,0.005,u,1.0959255811876512e-08,1.0891766002996128e-08,4.566419638252217e-10,0.03004067291014295,1.5200790115158865e-08,True
fig5,FD,moving,domain_double,0.005,v,2.3814785088394075e-08,2.377202634740172e-08,8.255398517564849e-10,0.11549905034354419,7.1475899524798855e-09,True
fig5,FD,moving,domain_double,0.01,u,1.098150436210088e-08,1.0913332036677215e-08,4.5630189210443817e-10,0.03004067291014295,1.5189469738887644e-08,True
fig5,FD,moving,domain_double,0.01,v,2.565999711323652e-08,2.5611986587126268e-08,8.240215385035832e-10,0.11549905034354419,7.1344442751051745e-09,True
fig5,FD,moving,domain_double,0.02,u,1.572228269103304e-08,1.5701997167771875e-08,4.555986247989363e-10,0.03004067291014295,1.5166059234482318e-08,True
fig5,FD,moving,domain_double,0.02,v,2.957938917413916e-08,2.9524810096770437e-08,8.208310420254605e-10,0.11549905034354419,7.106820701849527e-09,True
