case,mesh,variant,field,order
fig3,fixed,main,u,FD < SD < SD2
fig3,fixed,main,v,FD < SD < SD2
fig3,fixed,time_half,u,FD < SD < SD2
fig3,fixed,time_half,v,FD < SD < SD2
fig3,fixed,x_half,u,FD < SD2 < SD
fig3,fixed,x_half,v,FD < SD < SD2
fig3,fixed,y_half,u,SD < FD < SD2
fig3,fixed,y_half,v,FD < SD < SD2
fig3,fixed,domain_double,u,FD < SD < SD2
fig3,fixed,domain_double,v,FD < SD < SD2
fig3,moving,main,u,FD < SD < SD2
fig3,moving,main,v,FD < SD < SD2
fig3,moving,time_half,u,FD < SD < SD2
fig3,moving,time_half,v,FD < SD < SD2
fig3,moving,x_half,u,FD < SD < SD2
fig3,moving,x_half,v,FD < SD < SD2
fig3,moving,y_half,u,SD < FD < SD2
fig3,moving,y_half,v,FD < SD < SD2
fig3,moving,domain_double,u,FD < SD < SD2
fig3,moving,domain_double,v,FD < SD < SD2
fig4,fixed,main,u,SD < FD < SD2
fig4,fixed,main,v,SD < FD < SD2
fig4,fixed,time_half,u,SD < FD < SD2
fig4,fixed,time_half,v,SD < FD < SD2
fig4,fixed,x_half,u,FD < SD < SD2
fig4,fixed,x_half,v,SD < FD < SD2
fig4,fixed,y_half,u,SD < FD < SD2
fig4,fixed,y_half,v,SD < FD < SD2
fig4,fixed,domain_double,u,SD < FD < SD2
fig4,fixed,domain_double,v,SD < FD < SD2
fig4,moving,main,u,SD < FD < SD2
fig4,moving,main,v,SD < FD < SD2
fig4,moving,time_half,u,SD < FD < SD2
fig4,moving,time_half,v,SD < FD < SD2
fig4,moving,x_half,u,SD < FD < SD2
fig4,moving,x_half,v,FD < SD < SD2
fig4,moving,y_half,u,SD < FD < SD2
fig4,moving,y_half,v,SD < FD < SD2
fig4,moving,domain_double,u,SD < FD < SD2
fig4,moving,domain_double,v,SD < FD < SD2
fig5,fixed,main,u,FD < SD2 < SD
fig5,fixed,main,v,FD < SD < SD2
fig5,fixed,time_half,u,FD < SD2 < SD
fig5,fixed,time_half,v,FD < SD < SD2
fig5,fixed,x_half,u,FD < SD2 < SD
fig5,fixed,x_half,v,FD < SD < SD2
fig5,fixed,y_half,u,FD < SD < SD2
fig5,fixed,y_half,v,FD < SD < SD2
fig5,fixed,domain_double,u,FD < SD2 < SD
fig5,fixed,domain_double,v,FD < SD < SD2
fig5,moving,main,u,FD < SD2 < SD
fig5,moving,main,v,FD < SD < SD2
fig5,moving,time_half,u,FD < SD2 < SD
fig5,moving,time_half,v,FD < SD < SD2
fig5,moving,x_half,u,FD < SD2 < SD
fig5,moving,x_half,v,FD < SD < SD2
fig5,moving,y_half,u,FD < SD < SD2
fig5,moving,y_half,v,FD < SD < SD2
fig5,moving,domain_double,u,FD < SD2 < SD
fig5,moving,domain_double,v,FD < SD < SD2
