case,model,mesh,variant,nx,L,h,dt,T,eval_half,status,reached,reason
fig3,SD,fixed,main,256,40.0,0.125,0.000125,0.02,10.0,completed,0.02,
fig3,SD,moving,main,256,40.0,0.125,0.000125,0.02,10.0,completed,0.02,
fig3,SD2,fixed,main,256,40.0,0.125,0.000125,0.02,10.0,completed,0.02,
fig3,FD,fixed,main,256,40.0,0.125,0.000125,0.02,10.0,completed,0.02,
fig3,SD2,moving,main,256,40.0,0.125,0.000125,0.02,10.0,completed,0.02,
fig4,SD,fixed,main,256,40.0,0.125,0.000125,0.02,10.0,completed,0.02,
fig3,FD,moving,main,256,40.0,0.125,0.000125,0.02,10.0,completed,0.02,
fig4,SD,moving,main,256,40.0,0.125,0.000125,0.02,10.0,completed,0.02,
fig4,SD2,fixed,main,256,40.0,0.125,0.000125,0.02,10.0,completed,0.02,
fig4,FD,fixed,main,256,40.0,0.125,0.000125,0.02,10.0,completed,0.02,
fig4,SD2,moving,main,256,40.0,0.125,0.000125,0.02,10.0,completed,0.02,
fig4,FD,moving,main,256,40.0,0.125,0.000125,0.02,10.0,completed,0.02,
fig5,SD,fixed,main,1024,640.0,0.125,0.000125,0.02,100.0,completed,0.02,
fig5,SD,moving,main,1024,640.0,0.125,0.000125,0.02,100.0,completed,0.02,
fig5,SD2,fixed,main,1024,640.0,0.125,0.000125,0.02,100.0,completed,0.02,
fig5,FD,fixed,main,1024,640.0,0.125,0.000125,0.02,100.0,completed,0.02,
fig5,SD2,moving,main,1024,640.0,0.125,0.000125,0.02,100.0,completed,0.02,
fig3,SD,fixed,time_half,256,40.0,0.125,6.25e-05,0.02,10.0,completed,0.02,
fig5,FD,moving,main,1024,640.0,0.125,0.000125,0.02,100.0,completed,0.02,
fig3,SD,moving,time_half,256,40.0,0.125,6.25e-05,0.02,10.0,completed,0.02,
fig3,SD2,fixed,time_half,256,40.0,0.125,6.25e-05,0.02,10.0,completed,0.02,
fig3,FD,fixed,time_half,256,40.0,0.125,6.25e-05,0.02,10.0,completed,0.02,
fig3,SD2,moving,time_half,256,40.0,0.125,6.25e-05,0.02,10.0,completed,0.02,
fig3,FD,moving,time_half,256,40.0,0.125,6.25e-05,0.02,10.0,completed,0.02,
fig4,SD,fixed,time_half,256,40.0,0.125,6.25e-05,0.02,10.0,completed,0.02,
fig4,SD,moving,time_half,256,40.0,0.125,6.25e-05,0.02,10.0,completed,0.02,
fig4,SD2,fixed,time_half,256,40.0,0.125,6.25e-05,0.02,10.0,completed,0.02,
fig4,FD,fixed,time_half,256,40.0,0.125,6.25e-05,0.02,10.0,completed,0.02,
fig4,FD,moving,time_half,256,40.0,0.125,6.25e-05,0.02,10.0,completed,0.02,
fig4,SD2,moving,time_half,256,40.0,0.125,6.25e-05,0.02,10.0,completed,0.02,
fig5,SD,fixed,time_half,1024,640.0,0.125,6.25e-05,0.02,100.0,completed,0.02,
fig5,SD,moving,time_half,1024,640.0,0.125,6.25e-05,0.02,100.0,completed,0.02,
fig5,SD2,fixed,time_half,1024,640.0,0.125,6.25e-05,0.02,100.0,completed,0.02,
fig5,FD,fixed,time_half,1024,640.0,0.125,6.25e-05,0.02,100.0,completed,0.02,
fig5,FD,moving,time_half,1024,640.0,0.125,6.25e-05,0.02,100.0,completed,0.02,
fig3,SD,fixed,x_half,512,40.0,0.125,6.25e-05,0.02,10.0,completed,0.02,
fig5,SD2,moving,time_half,1024,640.0,0.125,6.25e-05,0.02,100.0,completed,0.02,
fig3,SD,moving,x_half,512,40.0,0.125,6.25e-05,0.02,10.0,completed,0.02,
fig3,SD2,fixed,x_half,512,40.0,0.125,6.25e-05,0.02,10.0,completed,0.02,
fig3,FD,fixed,x_half,512,40.0,0.125,6.25e-05,0.02,10.0,completed,0.02,
fig3,FD,moving,x_half,512,40.0,0.125,6.25e-05,0.02,10.0,completed,0.02,
fig4,SD,fixed,x_half,512,40.0,0.125,6.25e-05,0.02,10.0,completed,0.02,
fig3,SD2,moving,x_half,512,40.0,0.125,6.25e-05,0.02,10.0,completed,0.02,
fig4,SD,moving,x_half,512,40.0,0.125,6.25e-05,0.02,10.0,completed,0.02,
fig4,SD2,fixed,x_half,512,40.0,0.125,6.25e-05,0.02,10.0,completed,0.02,
fig4,FD,fixed,x_half,512,40.0,0.125,6.25e-05,0.02,10.0,completed,0.02,
fig4,FD,moving,x_half,512,40.0,0.125,6.25e-05,0.02,10.0,completed,0.02,
fig4,SD2,moving,x_half,512,40.0,0.125,6.25e-05,0.02,10.0,completed,0.02,
fig5,SD,fixed,x_half,2048,640.0,0.125,6.25e-05,0.02,100.0,completed,0.02,
fig5,SD,moving,x_half,2048,640.0,0.125,6.25e-05,0.02,100.0,completed,0.02,
fig5,SD2,fixed,x_half,2048,640.0,0.125,6.25e-05,0.02,100.0,completed,0.02,
fig5,FD,fixed,x_half,2048,640.0,0.125,6.25e-05,0.02,100.0,completed,0.02,
fig5,FD,moving,x_half,2048,640.0,0.125,6.25e-05,0.02,100.0,completed,0.02,
fig3,SD,fixed,y_half,256,40.0,0.0625,0.000125,0.02,10.0,completed,0.02,
fig3,SD,moving,y_half,256,40.0,0.0625,0.000125,0.02,10.0,completed,0.02,
fig3,SD2,fixed,y_half,256,40.0,0.0625,0.000125,0.02,10.0,completed,0.02,
fig5,SD2,moving,x_half,2048,640.0,0.125,6.25e-05,0.02,100.0,completed,0.02,
fig3,FD,fixed,y_half,256,40.0,0.0625,0.000125,0.02,10.0,completed,0.02,
fig3,FD,moving,y_half,256,40.0,0.0625,0.000125,0.02,10.0,completed,0.02,
fig4,SD,fixed,y_half,256,40.0,0.0625,0.000125,0.02,10.0,completed,0.02,
fig4,SD,moving,y_half,256,40.0,0.0625,0.000125,0.02,10.0,completed,0.02,
fig3,SD2,moving,y_half,256,40.0,0.0625,0.000125,0.02,10.0,completed,0.02,
fig4,SD2,fixed,y_half,256,40.0,0.0625,0.000125,0.02,10.0,completed,0.02,
fig4,FD,fixed,y_half,256,40.0,0.0625,0.000125,0.02,10.0,completed,0.02,
fig4,SD2,moving,y_half,256,40.0,0.0625,0.000125,0.02,10.0,completed,0.02,
fig4,FD,moving,y_half,256,40.0,0.0625,0.000125,0.02,10.0,completed,0.02,
fig5,SD,fixed,y_half,1024,640.0,0.0625,0.000125,0.02,100.0,completed,0.02,
fig5,SD,moving,y_half,1024,640.0,0.0625,0.000125,0.02,100.0,completed,0.02,
fig5,SD2,fixed,y_half,1024,640.0,0.0625,0.000125,0.02,100.0,completed,0.02,
fig5,FD,fixed,y_half,1024,640.0,0.0625,0.000125,0.02,100.0,completed,0.02,
fig5,FD,moving,y_half,1024,640.0,0.0625,0.000125,0.02,100.0,completed,0.02,
fig3,SD,fixed,domain_double,512,80.0,0.125,0.000125,0.02,10.0,completed,0.02,
fig3,SD,moving,domain_double,512,80.0,0.125,0.000125,0.02,10.0,completed,0.02,
fig5,SD2,moving,y_half,1024,640.0,0.0625,0.000125,0.02,100.0,completed,0.02,
fig3,SD2,fixed,domain_double,512,80.0,0.125,0.000125,0.02,10.0,completed,0.02,
fig3,FD,fixed,domain_double,512,80.0,0.125,0.000125,0.02,10.0,completed,0.02,
fig3,FD,moving,domain_double,512,80.0,0.125,0.000125,0.02,10.0,completed,0.02,
fig3,SD2,moving,domain_double,512,80.0,0.125,0.000125,0.02,10.0,completed,0.02,
fig4,SD,fixed,domain_double,512,80.0,0.125,0.000125,0.02,10.0,completed,0.02,
fig4,SD,moving,domain_double,512,80.0,0.125,0.000125,0.02,10.0,completed,0.02,
fig4,SD2,fixed,domain_double,512,80.0,0.125,0.000125,0.02,10.0,completed,0.02,
fig4,FD,fixed,domain_double,512,80.0,0.125,0.000125,0.02,10.0,completed,0.02,
fig4,FD,moving,domain_double,512,80.0,0.125,0.000125,0.02,10.0,completed,0.02,
fig4,SD2,moving,domain_double,512,80.0,0.125,0.000125,0.02,10.0,completed,0.02,
fig5,SD,fixed,domain_double,2048,1280.0,0.125,0.000125,0.02,100.0,completed,0.02,
fig5,SD,moving,domain_double,2048,1280.0,0.125,0.000125,0.02,100.0,completed,0.02,
fig5,SD2,fixed,domain_double,2048,1280.0,0.125,0.000125,0.02,100.0,completed,0.02,
fig5,FD,fixed,domain_double,2048,1280.0,0.125,0.000125,0.02,100.0,completed,0.02,
fig5,FD,moving,domain_double,2048,1280.0,0.125,0.000125,0.02,100.0,completed,0.02,
fig5,SD2,moving,domain_double,2048,1280.0,0.125,0.000125,0.02,100.0,completed,0.02,
fig4,SD,moving,x_half_time_half,512,40.0,0.125,3.125e-05,0.02,10.0,completed,0.02,
fig4,SD2,moving,x_half_time_half,512,40.0,0.125,3.125e-05,0.02,10.0,completed,0.02,
fig4,FD,moving,x_half_time_half,512,40.0,0.125,3.125e-05,0.02,10.0,completed,0.02,
