case,route,phase,status,t,nx,h,dt,E_u,E_v
P2,fd,main,completed,0.005,512,0.125,1.25e-05,0.00022823852701070457,0.0002095595933442329
P2,fd,main,completed,0.01,512,0.125,1.25e-05,0.0006547078346432755,0.0005882383428419402
P1,fd,main,completed,0.005,512,0.125,1.25e-05,9.906560613393012e-06,3.759024540472833e-06
P1,fd,main,completed,0.01,512,0.125,1.25e-05,2.098421570706499e-05,7.750846554965829e-06
P1,sd,main,completed,0.005,512,0.125,1.25e-05,7.318995200789047e-06,4.22805233712964e-06
P1,sd,main,completed,0.01,512,0.125,1.25e-05,1.4105173813283578e-05,8.332743111683083e-06
P2,sd,main,completed,0.005,512,0.125,1.25e-05,0.0001705953879551636,0.0001652424812013109
P2,sd,main,completed,0.01,512,0.125,1.25e-05,0.0004599733526002847,0.0005117774241794049
P3,fd,main,completed,0.005,512,0.125,1.25e-05,1.3228841846180117e-05,1.0716598650151177e-05
P3,fd,main,completed,0.01,512,0.125,1.25e-05,3.0060956205835154e-05,2.128413435942278e-05
P4,fd,main,completed,0.005,512,0.125,1.25e-05,7.417196784986757e-06,1.2897849008819406e-06
P4,fd,main,completed,0.01,512,0.125,1.25e-05,1.5085733690245462e-05,3.058477736711529e-06
P3,sd,main,completed,0.005,512,0.125,1.25e-05,1.652588033929092e-05,9.407742172728994e-06
P3,sd,main,completed,0.01,512,0.125,1.25e-05,3.1001403050456844e-05,1.8154731790009926e-05
P4,sd,main,completed,0.005,512,0.125,1.25e-05,6.00343950618587e-06,1.8666182594051506e-06
P4,sd,main,completed,0.01,512,0.125,1.25e-05,1.2278391402498201e-05,3.4417924552609946e-06
P5,fd,main,completed,0.005,512,0.125,1.25e-05,1.1933717930512344e-07,1.7162007912019384e-08
P5,fd,main,completed,0.01,512,0.125,1.25e-05,2.3835633555790992e-07,3.43204804853503e-08
P6,fd,main,completed,0.005,512,0.125,1.25e-05,5.192567231437906e-05,2.4365966782236015e-05
P6,fd,main,completed,0.01,512,0.125,1.25e-05,0.0001296175895679763,5.519764551442652e-05
P5,sd,main,completed,0.005,512,0.125,1.25e-05,3.587039029140371e-07,1.3813509884552655e-07
P5,sd,main,completed,0.01,512,0.125,1.25e-05,7.258098342899366e-07,2.7802488879180576e-07
P6,sd,main,completed,0.005,512,0.125,1.25e-05,4.460854579635409e-05,2.5588602625803425e-05
P6,sd,main,completed,0.01,512,0.125,1.25e-05,0.00011096982374270148,4.478896875159677e-05
P7,fd,main,completed,0.005,512,0.125,1.25e-05,1.0822952248856765e-05,1.1395221977461567e-05
P7,fd,main,completed,0.01,512,0.125,1.25e-05,2.608293445449661e-05,2.2676451948200338e-05
P10,fd,main,completed,0.005,512,0.125,1.25e-05,0.0003850045899915777,0.002083985390456178
P10,fd,main,completed,0.01,512,0.125,1.25e-05,0.000891274026406208,0.004428589631875646
P7,sd,main,completed,0.005,512,0.125,1.25e-05,1.809995150736654e-05,1.0408045738041771e-05
P7,sd,main,completed,0.01,512,0.125,1.25e-05,3.4283661562550805e-05,1.990655254868745e-05
P10,sd,main,completed,0.005,512,0.125,1.25e-05,0.0015895861090617913,0.001353329209476506
P10,sd,main,completed,0.01,512,0.125,1.25e-05,0.003361106661032176,0.0036056923632434845
P1,fd,time_half,completed,0.005,512,0.125,6.25e-06,9.916006741050865e-06,3.74134071412513e-06
P1,fd,time_half,completed,0.01,512,0.125,6.25e-06,2.1015424380266268e-05,7.794633838431597e-06
P2,fd,time_half,completed,0.005,512,0.125,6.25e-06,0.00022832220112012358,0.00020972929201268364
P2,fd,time_half,completed,0.01,512,0.125,6.25e-06,0.0006553147879067023,0.0005891791394665447
P1,sd,time_half,completed,0.005,512,0.125,6.25e-06,7.339053163857301e-06,4.210328755138715e-06
P1,sd,time_half,completed,0.01,512,0.125,6.25e-06,1.4151450424937373e-05,8.30543500907055e-06
P2,sd,time_half,completed,0.005,512,0.125,6.25e-06,0.00017063883873469354,0.00016541675060932626
P2,sd,time_half,completed,0.01,512,0.125,6.25e-06,0.0004605751948618675,0.0005127435226379706
P3,fd,time_half,completed,0.005,512,0.125,6.25e-06,1.325648204808516e-05,1.0691897078918267e-05
P3,fd,time_half,completed,0.01,512,0.125,6.25e-06,3.0136128733149192e-05,2.123751436644561e-05
P4,fd,time_half,completed,0.005,512,0.125,6.25e-06,7.419194459568068e-06,1.3015413830030909e-06
P4,fd,time_half,completed,0.01,512,0.125,6.25e-06,1.50940171862457e-05,3.0831047071744333e-06
P3,sd,time_half,completed,0.005,512,0.125,6.25e-06,1.6480502125881813e-05,9.38817133377956e-06
P3,sd,time_half,completed,0.01,512,0.125,6.25e-06,3.090925194837446e-05,1.813824365493044e-05
P4,sd,time_half,completed,0.005,512,0.125,6.25e-06,6.005423936472631e-06,1.8549958694935587e-06
P4,sd,time_half,completed,0.01,512,0.125,6.25e-06,1.2289636223461464e-05,3.420921414698519e-06
P5,fd,time_half,completed,0.005,512,0.125,6.25e-06,1.1935176574828787e-07,1.6782470926846038e-08
P5,fd,time_half,completed,0.01,512,0.125,6.25e-06,2.38451045853072e-07,3.356162200929269e-08
P6,fd,time_half,completed,0.005,512,0.125,6.25e-06,5.180469856480574e-05,2.4207143868526515e-05
P6,fd,time_half,completed,0.01,512,0.125,6.25e-06,0.00013029995076419,5.562973159267681e-05
P5,sd,time_half,completed,0.005,512,0.125,6.25e-06,3.5884176424749725e-07,1.376795403518205e-07
P5,sd,time_half,completed,0.01,512,0.125,6.25e-06,7.260569356293267e-07,2.771163167963886e-07
P6,sd,time_half,completed,0.005,512,0.125,6.25e-06,4.4463002610850566e-05,2.5431554514732113e-05
P6,sd,time_half,completed,0.01,512,0.125,6.25e-06,0.00011077562975381205,4.517669314485495e-05
P7,fd,time_half,completed,0.005,512,0.125,6.25e-06,1.086146326190196e-05,1.1371284544536842e-05
P7,fd,time_half,completed,0.01,512,0.125,6.25e-06,2.617237744284573e-05,2.262957293086565e-05
P10,fd,time_half,completed,0.005,512,0.125,6.25e-06,0.00038501834637982846,0.0020841618098161874
P10,fd,time_half,completed,0.01,512,0.125,6.25e-06,0.0008915839531238312,0.004429240399283607
P7,sd,time_half,completed,0.005,512,0.125,6.25e-06,1.805904333429531e-05,1.0391378910346027e-05
P7,sd,time_half,completed,0.01,512,0.125,6.25e-06,3.419770932500121e-05,1.988991511492344e-05
P10,sd,time_half,completed,0.005,512,0.125,6.25e-06,0.0015896413617999539,0.0013538617542430131
P10,sd,time_half,completed,0.01,512,0.125,6.25e-06,0.003361270225605395,0.0036084891856615897
P1,fd,space_x,completed,0.005,1024,0.125,1.25e-05,2.27149649134617e-06,1.0485019845130061e-06
P1,fd,space_x,completed,0.01,1024,0.125,1.25e-05,4.845183516621887e-06,2.10556603158496e-06
P1,sd,space_x,completed,0.005,1024,0.125,1.25e-05,5.0435226224276875e-06,1.7839858646451212e-06
P1,sd,space_x,completed,0.01,1024,0.125,1.25e-05,9.891824490626533e-06,3.67505397158574e-06
P2,fd,space_x,completed,0.005,1024,0.125,1.25e-05,6.54825190631314e-05,6.500666239328545e-05
P2,fd,space_x,completed,0.01,1024,0.125,1.25e-05,0.0005128959005209488,0.0003623416934894763
P2,sd,space_x,completed,0.005,1024,0.125,1.25e-05,0.00015533263111677797,5.181146824551064e-05
P2,sd,space_x,completed,0.01,1024,0.125,1.25e-05,0.0008774558918527298,0.0009527493935048703
P3,fd,space_x,completed,0.005,1024,0.125,1.25e-05,8.313124905123814e-06,6.237101336958872e-06
P3,fd,space_x,completed,0.01,1024,0.125,1.25e-05,1.8604105644692837e-05,1.2833821052993244e-05
P4,fd,space_x,completed,0.005,1024,0.125,1.25e-05,6.474138333212309e-07,1.4904641515434136e-07
P4,fd,space_x,completed,0.01,1024,0.125,1.25e-05,1.3111222232353725e-06,3.0628954883482606e-07
P3,sd,space_x,completed,0.005,1024,0.125,1.25e-05,2.1838219185665864e-05,7.042598692330593e-06
P3,sd,space_x,completed,0.01,1024,0.125,1.25e-05,4.3490591246531096e-05,1.4951987792444221e-05
P5,fd,space_x,completed,0.005,1024,0.125,1.25e-05,4.191459573865686e-08,9.050417706935043e-09
P5,fd,space_x,completed,0.01,1024,0.125,1.25e-05,8.366269610426968e-08,1.8087893974283453e-08
P4,sd,space_x,completed,0.005,1024,0.125,1.25e-05,9.441262122100724e-07,4.484060828757741e-07
P4,sd,space_x,completed,0.01,1024,0.125,1.25e-05,2.0205129301897884e-06,9.194437230464203e-07
P6,fd,space_x,completed,0.005,1024,0.125,1.25e-05,8.461315208263542e-06,5.083574181607986e-06
P6,fd,space_x,completed,0.01,1024,0.125,1.25e-05,2.182854654653177e-05,1.0712546849478422e-05
P5,sd,space_x,completed,0.005,1024,0.125,1.25e-05,4.2693124785442294e-07,1.32490096491078e-07
P5,sd,space_x,completed,0.01,1024,0.125,1.25e-05,8.595596876492806e-07,2.7045878131515266e-07
P7,fd,space_x,completed,0.005,1024,0.125,1.25e-05,8.135897175298723e-06,6.276142983319133e-06
P7,fd,space_x,completed,0.01,1024,0.125,1.25e-05,1.8291726940455888e-05,1.2908275238254774e-05
P6,sd,space_x,completed,0.005,1024,0.125,1.25e-05,1.2892128801178515e-05,5.2129611357587535e-06
P6,sd,space_x,completed,0.01,1024,0.125,1.25e-05,2.5375744980848935e-05,1.1739550477174454e-05
P10,fd,space_x,failed,0.005,1024,0.125,1.25e-05,0.0003839203876543351,0.0020680221661644183
P7,sd,space_x,completed,0.005,1024,0.125,1.25e-05,2.1933231229676053e-05,7.098849992392964e-06
P7,sd,space_x,completed,0.01,1024,0.125,1.25e-05,4.367847204544972e-05,1.5050566770424822e-05
P1,fd,space_y,completed,0.005,512,0.0625,1.25e-05,8.748763367982804e-06,3.1455521857792768e-06
P1,fd,space_y,completed,0.01,512,0.0625,1.25e-05,1.8494443781102987e-05,6.507549582646099e-06
P10,sd,space_x,failed,0.005,1024,0.125,1.25e-05,0.0015907327788640124,0.0013609563862058138
P1,sd,space_y,completed,0.005,512,0.0625,1.25e-05,6.949129284006261e-06,3.757191020137274e-06
P1,sd,space_y,completed,0.01,512,0.0625,1.25e-05,1.4958035233880729e-05,6.938052356020297e-06
P2,fd,space_y,completed,0.005,512,0.0625,1.25e-05,0.0002067572199155876,0.00017796000739744855
P2,fd,space_y,completed,0.01,512,0.0625,1.25e-05,0.0005998243483766874,0.0005267898822507444
P2,sd,space_y,completed,0.005,512,0.0625,1.25e-05,0.0001831702760677345,0.00016682881436458352
P2,sd,space_y,completed,0.01,512,0.0625,1.25e-05,0.0005504394724018535,0.0005091887833368336
P6,fd,space_y,completed,0.005,512,0.0625,1.25e-05,5.022439425439451e-05,2.1864540878158145e-05
P6,fd,space_y,completed,0.01,512,0.0625,1.25e-05,0.0001227220689321573,4.9365936856782255e-05
P10,fd,space_y,completed,0.005,512,0.0625,1.25e-05,9.786748412943247e-05,0.000548290300335097
P10,fd,space_y,completed,0.01,512,0.0625,1.25e-05,0.00023015366725864794,0.0011656318659989395
P6,sd,space_y,completed,0.005,512,0.0625,1.25e-05,4.820374581882003e-05,2.4576730489722642e-05
P6,sd,space_y,completed,0.01,512,0.0625,1.25e-05,0.0001187144299605869,4.66330966238937e-05
P10,sd,space_y,completed,0.005,512,0.0625,1.25e-05,0.0004008388092489046,0.0003256205873181095
P10,sd,space_y,completed,0.01,512,0.0625,1.25e-05,0.0008456087111310406,0.0008471205555178329
P1,fd,fine_half,completed,0.005,1024,0.125,6.25e-06,2.280678557786686e-06,1.0314595067506538e-06
P1,fd,fine_half,completed,0.01,1024,0.125,6.25e-06,4.878853594902921e-06,2.10259439087368e-06
P2,fd,fine_half,completed,0.005,1024,0.125,6.25e-06,6.575129550157044e-05,6.513885054904023e-05
P2,fd,fine_half,completed,0.01,1024,0.125,6.25e-06,0.0005618951919981185,0.0003908825670662086
P1,sd,fine_half,completed,0.005,1024,0.125,6.25e-06,5.025389326007712e-06,1.775430124584254e-06
P1,sd,fine_half,completed,0.01,1024,0.125,6.25e-06,9.849627515601256e-06,3.6600458652724654e-06
P2,sd,fine_half,completed,0.005,1024,0.125,6.25e-06,0.00015510022562548187,5.1839284690213816e-05
P2,sd,fine_half,completed,0.01,1024,0.125,6.25e-06,0.000959036018761239,0.0010716230190863651
P6,fd,fine_half,completed,0.005,1024,0.125,6.25e-06,8.648485142259688e-06,4.925047319304099e-06
P6,fd,fine_half,completed,0.01,1024,0.125,6.25e-06,2.239576472251592e-05,1.112009865189556e-05
P10,fd,fine_half,failed,0.005,1024,0.125,6.25e-06,0.0003841144485818848,0.0020681588373401283
P6,sd,fine_half,completed,0.005,1024,0.125,6.25e-06,1.260423460158755e-05,5.165759410674653e-06
P6,sd,fine_half,completed,0.01,1024,0.125,6.25e-06,2.475343514807271e-05,1.1666803503951328e-05
P10,sd,fine_half,failed,0.005,1024,0.125,6.25e-06,0.0015907931321297308,0.0013615364904930871
P5,fd,main_quarter,completed,0.005,512,0.125,3.125e-06,1.1935905869231433e-07,1.659271506304627e-08
P5,fd,main_quarter,completed,0.01,512,0.125,3.125e-06,2.3849840197209815e-07,3.318782480776772e-08
P5,sd,main_quarter,completed,0.005,512,0.125,3.125e-06,3.589106950530052e-07,1.374517688279564e-07
P5,sd,main_quarter,completed,0.01,512,0.125,3.125e-06,7.261804872982225e-07,2.7666204907572656e-07
P6,fd,fine_quarter,completed,0.005,1024,0.125,3.125e-06,8.748997637919587e-06,4.845800848807258e-06
P6,fd,fine_quarter,completed,0.01,1024,0.125,3.125e-06,2.2681083744258146e-05,1.1326298015701397e-05
P6,sd,fine_quarter,completed,0.005,1024,0.125,3.125e-06,1.246026736767547e-05,5.1421794404760135e-06
P6,sd,fine_quarter,completed,0.01,1024,0.125,3.125e-06,2.44425054432007e-05,1.1630495368786242e-05
P2,fd,fine_seed,completed,0.005,1024,0.125,6.25e-06,6.57409191839875e-05,6.510889134525577e-05
P2,fd,fine_seed,completed,0.01,1024,0.125,6.25e-06,0.016097346694037284,0.011425697020583936
P10,fd,fine_seed,failed,0.005,1024,0.125,6.25e-06,0.004083554118503141,0.003813761249055858
P2,sd,fine_seed,completed,0.005,1024,0.125,6.25e-06,0.00015520786040612577,5.18373590989718e-05
P2,sd,fine_seed,completed,0.01,1024,0.125,6.25e-06,0.016926142212770223,0.012344260015393127
P10,sd,fine_seed,failed,0.005,1024,0.125,6.25e-06,0.004456325237473191,0.0032261785696494627
