center,point,a,p,q,d,k,config,method,u_ratio,v_ratio,both_better,both_better_eval8
P2,P2_mmm,3.9,1.9,2.9,2.0,4.8,main,theory,0.8078369069005152,0.8936769658255047,True,True
P2,P2_mmm,3.9,1.9,2.9,2.0,4.8,main,original,0.7742478291248636,0.8933847317393778,True,True
P2,P2_mm0,3.9,1.9,3.0,2.0,4.9,main,original,0.788586739108341,0.9007579981988234,True,True
P2,P2_mm0,3.9,1.9,3.0,2.0,4.9,main,theory,0.819064132018567,0.901150708245916,True,True
P2,P2_mmm,3.9,1.9,2.9,2.0,4.8,fine,original,0.8252382207455561,0.4377326414195704,True,True
P2,P2_mmm,3.9,1.9,2.9,2.0,4.8,fine,theory,0.9586479405689592,0.45672414738430284,True,True
P2,P2_mmp,3.9,1.9,3.1,2.0,5.0,main,original,0.8087675801748413,0.9028760994141816,True,True
P2,P2_mmp,3.9,1.9,3.1,2.0,5.0,main,theory,0.8360527925437097,0.903340633633466,True,True
P2,P2_mm0,3.9,1.9,3.0,2.0,4.9,fine,original,0.8318029304049707,0.45605581486757996,True,True
P2,P2_mm0,3.9,1.9,3.0,2.0,4.9,fine,theory,0.9488754004261516,0.4721580142150154,True,True
P2,P2_m0m,3.9,2.0,2.9,1.9,4.9,main,original,0.7585676276107987,0.8840757438944072,True,True
P2,P2_m0m,3.9,2.0,2.9,1.9,4.9,main,theory,0.7878678691638612,0.8841705833748357,True,True
P2,P2_mmp,3.9,1.9,3.1,2.0,5.0,fine,original,0.8386691283511652,0.4781059916902092,True,True
P2,P2_mmp,3.9,1.9,3.1,2.0,5.0,fine,theory,0.9418113831570635,0.4881595005417545,True,True
P2,P2_m00,3.9,2.0,3.0,1.9,5.0,main,original,0.7738192413947006,0.8914935797665607,True,True
P2,P2_m00,3.9,2.0,3.0,1.9,5.0,main,theory,0.8002258838159619,0.8916848580113068,True,True
P2,P2_m0m,3.9,2.0,2.9,1.9,4.9,fine,original,0.9417644514446699,0.511640796051246,True,True
P2,P2_m0m,3.9,2.0,2.9,1.9,4.9,fine,theory,1.0583958276118846,0.5281332991773674,False,False
P2,P2_m0p,3.9,2.0,3.1,1.9,5.1,main,original,0.7945869928862151,0.8940604174259531,True,True
P2,P2_m0p,3.9,2.0,3.1,1.9,5.1,main,theory,0.8180177593893452,0.8943232692865536,True,True
P2,P2_m00,3.9,2.0,3.0,1.9,5.0,fine,original,0.9423972360865691,0.5300551707215477,True,True
P2,P2_m00,3.9,2.0,3.0,1.9,5.0,fine,theory,1.045287135492692,0.5440800526952222,False,False
P2,P2_mpm,3.9,2.1,2.9,1.7999999999999998,5.0,main,original,0.7421464848276492,0.8739927078089607,True,True
P2,P2_mpm,3.9,2.1,2.9,1.7999999999999998,5.0,main,theory,0.7683624918698709,0.8739056006499943,True,True
P2,P2_m0p,3.9,2.0,3.1,1.9,5.1,fine,original,0.9410242588222761,0.5477005859981499,True,True
P2,P2_m0p,3.9,2.0,3.1,1.9,5.1,fine,theory,1.029927034397401,0.5594861267262082,False,False
P2,P2_mp0,3.9,2.1,3.0,1.7999999999999998,5.1,main,original,0.7604093726004095,0.8813258982490048,True,True
P2,P2_mp0,3.9,2.1,3.0,1.7999999999999998,5.1,main,theory,0.7827565438971267,0.8813318755686574,True,True
P2,P2_mpm,3.9,2.1,2.9,1.7999999999999998,5.0,fine,original,1.0549410366019094,0.5898358778077208,False,False
P2,P2_mpm,3.9,2.1,2.9,1.7999999999999998,5.0,fine,theory,1.1551589555050283,0.603545586906593,False,False
P2,P2_mpp,3.9,2.1,3.1,1.7999999999999998,5.2,main,original,0.7810336731172987,0.8843478035199641,True,True
P2,P2_mpp,3.9,2.1,3.1,1.7999999999999998,5.2,main,theory,0.8021858323709595,0.8844251756470044,True,True
P2,P2_mp0,3.9,2.1,3.0,1.7999999999999998,5.1,fine,original,1.05217079438243,0.6072542664718947,False,False
P2,P2_mp0,3.9,2.1,3.0,1.7999999999999998,5.1,fine,theory,1.136922404496984,0.6188338165319998,False,False
P2,P2_0mm,4.0,1.9,2.9,2.1,4.8,main,original,0.80352766030474,0.9060950789494482,True,True
P2,P2_0mm,4.0,1.9,2.9,2.1,4.8,main,theory,0.837511836326513,0.9068067608554812,True,True
P2,P2_mpp,3.9,2.1,3.1,1.7999999999999998,5.2,fine,original,1.044280640696414,0.6209065606198224,False,False
P2,P2_mpp,3.9,2.1,3.1,1.7999999999999998,5.2,fine,theory,1.1147555683383032,0.6305355457166739,False,False
P2,P2_0m0,4.0,1.9,3.0,2.1,4.9,main,original,0.8235755626150666,0.9137404616345056,True,True
P2,P2_0mm,4.0,1.9,2.9,2.1,4.8,fine,original,0.7188104101235246,0.4333348483372035,True,True
P2,P2_0m0,4.0,1.9,3.0,2.1,4.9,main,theory,0.8538933486873505,0.9145206942407896,True,True
P2,P2_0mm,4.0,1.9,2.9,2.1,4.8,fine,theory,0.8564182013131979,0.4345782096639974,True,True
P2,P2_0mp,4.0,1.9,3.1,2.1,5.0,main,original,0.8359088305926404,0.9158950384036876,True,True
P2,P2_0mp,4.0,1.9,3.1,2.1,5.0,main,theory,0.862680421883445,0.9167166500971695,True,True
P2,P2_0m0,4.0,1.9,3.0,2.1,4.9,fine,original,0.733256477401844,0.47679580070212824,True,True
P2,P2_0m0,4.0,1.9,3.0,2.1,4.9,fine,theory,0.8498859074289205,0.4784204052187306,True,True
P2,P2_00m,4.0,2.0,2.9,2.0,4.9,main,original,0.7885736111376412,0.8983664572211797,True,True
P2,P2_00m,4.0,2.0,2.9,2.0,4.9,main,theory,0.8186345420590999,0.8988526202400703,True,True
P2,P2_0mp,4.0,1.9,3.1,2.1,5.0,fine,original,0.7475939980320143,0.5193680126249807,True,True
P2,P2_0mp,4.0,1.9,3.1,2.1,5.0,fine,theory,0.8507549161475153,0.5224020850556708,True,True
P2,P2_000,4.0,2.0,3.0,2.0,5.0,main,original,0.8019104838094421,0.9053771530457823,True,True
P2,P2_000,4.0,2.0,3.0,2.0,5.0,main,theory,0.8284434537962809,0.9059305035322794,True,True
P2,P2_00m,4.0,2.0,2.9,2.0,4.9,fine,original,0.8336449719997834,0.45341087639088345,True,True
P2,P2_00m,4.0,2.0,2.9,2.0,4.9,fine,theory,0.9490052678477576,0.47006571681329357,True,True
P2,P2_00p,4.0,2.0,3.1,2.0,5.1,main,original,0.8205424169116708,0.9083540512963092,True,True
P2,P2_00p,4.0,2.0,3.1,2.0,5.1,main,theory,0.845098562112096,0.9089517114762644,True,True
P2,P2_000,4.0,2.0,3.0,2.0,5.0,fine,original,0.8422796297308796,0.4781698596455379,True,True
P2,P2_000,4.0,2.0,3.0,2.0,5.0,fine,theory,0.9440171203957873,0.48774548819635866,True,True
P2,P2_0pm,4.0,2.1,2.9,1.9,5.0,main,original,0.7748754843983855,0.8893493821895292,True,True
P2,P2_0pm,4.0,2.1,2.9,1.9,5.0,main,theory,0.8006757032730317,0.8896311348281055,True,True
P2,P2_00p,4.0,2.0,3.1,2.0,5.1,fine,original,0.8478363830235084,0.5219670105691502,True,True
P2,P2_00p,4.0,2.0,3.1,2.0,5.1,fine,theory,0.9369243020811673,0.5247024876200307,True,True
P2,P2_0p0,4.0,2.1,3.0,1.9,5.1,main,original,0.7881589120881961,0.8966354492001818,True,True
P2,P2_0p0,4.0,2.1,3.0,1.9,5.1,main,theory,0.8118841688718271,0.8969836913411361,True,True
P2,P2_0pm,4.0,2.1,2.9,1.9,5.0,fine,original,0.9446073152383335,0.5298472138875232,True,True
P2,P2_0pm,4.0,2.1,2.9,1.9,5.0,fine,theory,1.0458707241611236,0.5436874584898304,False,False
P2,P2_0pp,4.0,2.1,3.1,1.9,5.2,main,original,0.8082635365781902,0.9000236600141724,True,True
P2,P2_0pp,4.0,2.1,3.1,1.9,5.2,main,theory,0.8293483588212038,0.9004183014521148,True,True
P2,P2_0p0,4.0,2.1,3.0,1.9,5.1,fine,original,0.9465197730012606,0.5484329438583527,True,True
P2,P2_0p0,4.0,2.1,3.0,1.9,5.1,fine,theory,1.0343908948554184,0.5600634760178664,False,False
P2,P2_pmm,4.1,1.9,2.9,2.1999999999999997,4.8,main,original,0.8361869563310553,0.9172120811493523,True,True
P2,P2_pmm,4.1,1.9,2.9,2.1999999999999997,4.8,main,theory,0.868207907645595,0.9183350303722174,True,True
P2,P2_0pp,4.0,2.1,3.1,1.9,5.2,fine,original,0.9454754052987674,0.5661046290453262,True,True
P2,P2_0pp,4.0,2.1,3.1,1.9,5.2,fine,theory,1.0218181522863905,0.5757629587634971,False,False
P2,P2_pm0,4.1,1.9,3.0,2.1999999999999997,4.9,main,original,0.8469274032529215,0.925125354608313,True,True
P2,P2_pm0,4.1,1.9,3.0,2.1999999999999997,4.9,main,theory,0.8751517009447995,0.9262857075562476,True,True
P2,P2_pmm,4.1,1.9,2.9,2.1999999999999997,4.8,fine,original,0.6217910491852211,0.4748131244311711,True,True
P2,P2_pmm,4.1,1.9,2.9,2.1999999999999997,4.8,fine,theory,0.7621247977145975,0.4783616006086767,True,True
P2,P2_pmp,4.1,1.9,3.1,2.1999999999999997,5.0,main,original,0.8566708358823166,0.9271022773093621,True,True
P2,P2_pm0,4.1,1.9,3.0,2.1999999999999997,4.9,fine,original,0.6441077431311371,0.5176963348853932,True,True
P2,P2_pmp,4.1,1.9,3.1,2.1999999999999997,5.0,main,theory,0.8816022744680942,0.9282739092361245,True,True
P2,P2_pm0,4.1,1.9,3.0,2.1999999999999997,4.9,fine,theory,0.7629679182162258,0.5213858311116849,True,True
P2,P2_p0m,4.1,2.0,2.9,2.0999999999999996,4.9,main,original,0.8162117455762234,0.9102377931586283,True,True
P2,P2_p0m,4.1,2.0,2.9,2.0999999999999996,4.9,main,theory,0.8442799730334585,0.9111050667993683,True,True
P2,P2_pmp,4.1,1.9,3.1,2.1999999999999997,5.0,fine,theory,0.7690372663433749,0.5630562487757217,True,True
P2,P2_pmp,4.1,1.9,3.1,2.1999999999999997,5.0,fine,original,0.6681789637649201,0.5593917154752098,True,True
P2,P2_p00,4.1,2.0,3.0,2.0999999999999996,5.0,main,original,0.833544662226578,0.917522847275612,True,True
P2,P2_p00,4.1,2.0,3.0,2.0999999999999996,5.0,main,theory,0.8607935249494328,0.918429086611049,True,True
P2,P2_p0m,4.1,2.0,2.9,2.0999999999999996,4.9,fine,original,0.7331481278357063,0.4775849067287863,True,True
P2,P2_p0m,4.1,2.0,2.9,2.0999999999999996,4.9,fine,theory,0.8525584409375263,0.4797032893206489,True,True
P2,P2_p0p,4.1,2.0,3.1,2.0999999999999996,5.1,main,theory,0.8700177438804012,0.921583603658379,True,True
P2,P2_p0p,4.1,2.0,3.1,2.0999999999999996,5.1,main,original,0.8459159881592124,0.9206595454257409,True,True
P2,P2_p00,4.1,2.0,3.0,2.0999999999999996,5.0,fine,original,0.7514038674303931,0.5220692592985394,True,True
P2,P2_p00,4.1,2.0,3.0,2.0999999999999996,5.0,fine,theory,0.8537231992956638,0.5243557090821028,True,True
P2,P2_ppm,4.1,2.1,2.9,1.9999999999999996,5.0,main,original,0.8019629789114727,0.9026722164911323,True,True
P2,P2_ppm,4.1,2.1,2.9,1.9999999999999996,5.0,main,theory,0.8288858130586033,0.9033111391302444,True,True
P2,P2_p0p,4.1,2.0,3.1,2.0999999999999996,5.1,fine,original,0.7711601874629507,0.5644141710626498,True,True
P2,P2_p0p,4.1,2.0,3.1,2.0999999999999996,5.1,fine,theory,0.8598380130516086,0.5667329688549567,True,True
P2,P2_pp0,4.1,2.1,3.0,1.9999999999999996,5.1,main,original,0.8143572293145904,0.909574934425677,True,True
P2,P2_pp0,4.1,2.1,3.0,1.9999999999999996,5.1,main,theory,0.8381417717485007,0.9102543125231987,True,True
P2,P2_ppm,4.1,2.1,2.9,1.9999999999999996,5.0,fine,theory,0.9432368782458853,0.4883112347185197,True,True
P2,P2_ppm,4.1,2.1,2.9,1.9999999999999996,5.0,fine,original,0.842844346094159,0.4789632666253058,True,True
P2,P2_ppp,4.1,2.1,3.1,1.9999999999999996,5.2,main,original,0.8323877123389749,0.9135227900484768,True,True
P2,P2_ppp,4.1,2.1,3.1,1.9999999999999996,5.2,main,theory,0.8538167687037264,0.9142248146215057,True,True
P2,P2_pp0,4.1,2.1,3.0,1.9999999999999996,5.1,fine,original,0.8516380590207119,0.5242280947410675,True,True
P2,P2_pp0,4.1,2.1,3.0,1.9999999999999996,5.1,fine,theory,0.9401688059592365,0.5253951469925069,True,True
P6,P6_mmm,3.9,0.9,2.9,3.0,3.8,main,original,0.8680101786450176,0.9296873030927628,True,True
P6,P6_mmm,3.9,0.9,2.9,3.0,3.8,main,theory,0.9417578157993521,0.9350889369560118,True,True
P2,P2_ppp,4.1,2.1,3.1,1.9999999999999996,5.2,fine,original,0.8658465954410484,0.5665494916212759,True,True
P2,P2_ppp,4.1,2.1,3.1,1.9999999999999996,5.2,fine,theory,0.9430001107684212,0.5680883774740993,True,True
P6,P6_mm0,3.9,0.9,3.0,3.0,3.9,main,original,0.8798350724948701,0.9355089152800014,True,True
P6,P6_mm0,3.9,0.9,3.0,3.0,3.9,main,theory,0.9449716719324597,0.9409482561579651,True,True
P6,P6_mmm,3.9,0.9,2.9,3.0,3.8,fine,original,0.7820643928341456,0.7527593659033079,True,True
P6,P6_mmm,3.9,0.9,2.9,3.0,3.8,fine,theory,0.6124797932883932,0.7138118618497732,True,True
P6,P6_mmp,3.9,0.9,3.1,3.0,4.0,main,original,0.8901829667729543,0.9406197026912247,True,True
P6,P6_mmp,3.9,0.9,3.1,3.0,4.0,main,theory,0.947789870686315,0.9460181043826796,True,True
P6,P6_mm0,3.9,0.9,3.0,3.0,3.9,fine,original,0.750182674338473,0.6853789988834593,True,True
P6,P6_mm0,3.9,0.9,3.0,3.0,3.9,fine,theory,0.6101539020380283,0.65998365516745,True,True
P6,P6_m0m,3.9,1.0,2.9,2.9,3.9,main,original,0.8687428011102829,0.9312440745281166,True,True
P6,P6_m0m,3.9,1.0,2.9,2.9,3.9,main,theory,0.9375053626775672,0.9355788332569679,True,True
P6,P6_mmp,3.9,0.9,3.1,3.0,4.0,fine,original,0.7233060832546143,0.6250703952035914,True,True
P6,P6_mmp,3.9,0.9,3.1,3.0,4.0,fine,theory,0.6093077007624013,0.6102719845934738,True,True
P6,P6_m00,3.9,1.0,3.0,2.9,4.0,main,original,0.8800412181084171,0.9363888560838013,True,True
P6,P6_m00,3.9,1.0,3.0,2.9,4.0,main,theory,0.9407850181802118,0.9407971566813995,True,True
P6,P6_m0m,3.9,1.0,2.9,2.9,3.9,fine,original,0.7591576837815913,0.668631562416316,True,True
P6,P6_m0m,3.9,1.0,2.9,2.9,3.9,fine,theory,0.6127129328593806,0.6292405744846914,True,True
P6,P6_m0p,3.9,1.0,3.1,2.9,4.1,main,original,0.8899736324861891,0.940992010740372,True,True
P6,P6_m0p,3.9,1.0,3.1,2.9,4.1,main,theory,0.9436977477654866,0.9454024384775012,True,True
P6,P6_m00,3.9,1.0,3.0,2.9,4.0,fine,original,0.7283720998363107,0.6101011939255373,True,True
P6,P6_m00,3.9,1.0,3.0,2.9,4.0,fine,theory,0.6096862217323604,0.5829286191199693,True,True
P6,P6_mpm,3.9,1.1,2.9,2.8,4.0,main,original,0.8646762399183977,0.9314380563054843,True,True
P6,P6_mpm,3.9,1.1,2.9,2.8,4.0,main,theory,0.9289559837280785,0.9349190756482253,True,True
P6,P6_m0p,3.9,1.0,3.1,2.9,4.1,fine,original,0.7023508400466901,0.5569974874118904,True,True
P6,P6_m0p,3.9,1.0,3.1,2.9,4.1,fine,theory,0.6070464280896694,0.539446925548091,True,True
P6,P6_mp0,3.9,1.1,3.0,2.8,4.1,main,original,0.8778859578061092,0.9361331626778256,True,True
P6,P6_mp0,3.9,1.1,3.0,2.8,4.1,main,theory,0.9348196611776989,0.939709383536416,True,True
P6,P6_mpm,3.9,1.1,2.9,2.8,4.0,fine,original,0.7372689780732586,0.6004537160244993,True,True
P6,P6_mpm,3.9,1.1,2.9,2.8,4.0,fine,theory,0.612767512370865,0.5621015066297663,True,True
P6,P6_mpp,3.9,1.1,3.1,2.8,4.2,main,original,0.8886596250518299,0.9404111794507544,True,True
P6,P6_mpp,3.9,1.1,3.1,2.8,4.2,main,theory,0.9390719404674516,0.9440182747972087,True,True
P6,P6_mp0,3.9,1.1,3.0,2.8,4.1,fine,original,0.7060638264701136,0.549232572930927,True,True
P6,P6_mp0,3.9,1.1,3.0,2.8,4.1,fine,theory,0.6070038234559949,0.5214126005945445,True,True
P6,P6_0mm,4.0,0.9,2.9,3.1,3.8,main,original,0.877651317016785,0.9348413398195613,True,True
P6,P6_0mm,4.0,0.9,2.9,3.1,3.8,main,theory,0.9490161790467416,0.9416306567291025,True,True
P6,P6_mpp,3.9,1.1,3.1,2.8,4.2,fine,original,0.6797217569596499,0.5026315362402839,True,True
P6,P6_mpp,3.9,1.1,3.1,2.8,4.2,fine,theory,0.600342629625561,0.48853184338671796,True,True
P6,P6_0m0,4.0,0.9,3.0,3.1,3.9,main,original,0.8887770365080987,0.940600564511365,True,True
P6,P6_0m0,4.0,0.9,3.0,3.1,3.9,main,theory,0.9522537623653113,0.9472694271247398,True,True
P6,P6_0mm,4.0,0.9,2.9,3.1,3.8,fine,original,0.7620539914008182,0.7691548184117073,True,True
P6,P6_0mm,4.0,0.9,2.9,3.1,3.8,fine,theory,0.5971962533642227,0.7476497723763229,True,True
P6,P6_0mp,4.0,0.9,3.1,3.1,4.0,main,original,0.8984976702496381,0.945624249772678,True,True
P6,P6_0mp,4.0,0.9,3.1,3.1,4.0,main,theory,0.9555082358440921,0.9521164544348275,True,True
P6,P6_0m0,4.0,0.9,3.0,3.1,3.9,fine,original,0.7347676329723147,0.6991974438863061,True,True
P6,P6_0m0,4.0,0.9,3.0,3.1,3.9,fine,theory,0.599779665081211,0.6888497712936615,True,True
P6,P6_00m,4.0,1.0,2.9,3.0,3.9,main,original,0.8790226570695269,0.9369666949183484,True,True
P6,P6_00m,4.0,1.0,2.9,3.0,3.9,main,theory,0.9452956710863598,0.9424878739571554,True,True
P6,P6_0mp,4.0,0.9,3.1,3.1,4.0,fine,original,0.7112244253546188,0.6362319003432237,True,True
P6,P6_0mp,4.0,0.9,3.1,3.1,4.0,fine,theory,0.6007804689126319,0.6351440341183697,True,True
P6,P6_000,4.0,1.0,3.0,3.0,4.0,main,original,0.8896002585649342,0.9420028162988763,True,True
P6,P6_000,4.0,1.0,3.0,3.0,4.0,main,theory,0.9481697093667872,0.9474671780021788,True,True
P6,P6_00m,4.0,1.0,2.9,3.0,3.9,fine,original,0.7408202850194285,0.6781450643599454,True,True
P6,P6_00m,4.0,1.0,2.9,3.0,3.9,fine,theory,0.6007269444531189,0.6529430658611156,True,True
P6,P6_00p,4.0,1.0,3.1,3.0,4.1,main,original,0.8988815289017781,0.9464768603427921,True,True
P6,P6_00p,4.0,1.0,3.1,3.0,4.1,main,theory,0.9507109593851718,0.9518309737685852,True,True
P6,P6_000,4.0,1.0,3.0,3.0,4.0,fine,original,0.7134806336565529,0.6181158446691765,True,True
P6,P6_000,4.0,1.0,3.0,3.0,4.0,fine,theory,0.5992848459735326,0.6035644806700711,True,True
P6,P6_0pm,4.0,1.1,2.9,2.9,4.0,main,original,0.8791702903119675,0.9377744365794621,True,True
P6,P6_0pm,4.0,1.1,2.9,2.9,4.0,main,theory,0.9410963095364291,0.9422783777942222,True,True
P6,P6_00p,4.0,1.0,3.1,3.0,4.1,fine,original,0.6894730608247243,0.5634818762598977,True,True
P6,P6_00p,4.0,1.0,3.1,3.0,4.1,fine,theory,0.5976158240968226,0.5569535363953739,True,True
P6,P6_0p0,4.0,1.1,3.0,2.9,4.1,main,original,0.8893347750663431,0.9423113899387383,True,True
P6,P6_0p0,4.0,1.1,3.0,2.9,4.1,main,theory,0.9440636894383757,0.9468020981370018,True,True
P6,P6_0pm,4.0,1.1,2.9,2.9,4.0,fine,original,0.7181403904079555,0.6052034884708428,True,True
P6,P6_0pm,4.0,1.1,2.9,2.9,4.0,fine,theory,0.5999684516356707,0.578269252152771,True,True
P6,P6_0pp,4.0,1.1,3.1,2.9,4.2,main,original,0.8982937181147314,0.946415116654763,True,True
P6,P6_0pp,4.0,1.1,3.1,2.9,4.2,main,theory,0.9467206588907205,0.9508428284583398,True,True
P6,P6_0p0,4.0,1.1,3.0,2.9,4.1,fine,original,0.6916966859072365,0.5522037899157053,True,True
P6,P6_0p0,4.0,1.1,3.0,2.9,4.1,fine,theory,0.596583610880121,0.5348556802908685,True,True
P6,P6_pmm,4.1,0.9,2.9,3.1999999999999997,3.8,main,original,0.8885961479229667,0.9393453646474874,True,True
P6,P6_pmm,4.1,0.9,2.9,3.1999999999999997,3.8,main,theory,0.9601192911084913,0.9475384365594173,True,True
P6,P6_0pp,4.0,1.1,3.1,2.9,4.2,fine,original,0.6688025137598418,0.5040733790355054,True,True
P6,P6_0pp,4.0,1.1,3.1,2.9,4.2,fine,theory,0.59219219479453,0.5213401569122731,True,True
P6,P6_pm0,4.1,0.9,3.0,3.1999999999999997,3.9,main,original,0.8999849020573246,0.9450626747766016,True,True
P6,P6_pm0,4.1,0.9,3.0,3.1999999999999997,3.9,main,theory,0.9633756583405735,0.9529740022889208,True,True
P6,P6_pmm,4.1,0.9,2.9,3.1999999999999997,3.8,fine,original,0.7466151652437657,0.7877460341419639,True,True
P6,P6_pmm,4.1,0.9,2.9,3.1999999999999997,3.8,fine,theory,0.6180933874637512,0.7852391140662165,True,True
P6,P6_pmp,4.1,0.9,3.1,3.1999999999999997,4.0,main,original,0.9104065367303107,0.9500219208079758,True,True
P6,P6_pmp,4.1,0.9,3.1,3.1999999999999997,4.0,main,theory,0.9666843018458292,0.9576184229279153,True,True
P6,P6_pm0,4.1,0.9,3.0,3.1999999999999997,3.9,fine,original,0.7229116539020912,0.715727704696438,True,True
P6,P6_pm0,4.1,0.9,3.0,3.1999999999999997,3.9,fine,theory,0.6173799287285443,0.7217372796625764,True,True
P6,P6_p0m,4.1,1.0,2.9,3.0999999999999996,3.9,main,original,0.8881019595642845,0.9419576237594436,True,True
P6,P6_p0m,4.1,1.0,2.9,3.0999999999999996,3.9,main,theory,0.952160197015979,0.9486769152127886,True,True
P6,P6_pmp,4.1,0.9,3.1,3.1999999999999997,4.0,fine,theory,0.6187317015481713,0.6627387476427854,True,True
P6,P6_pmp,4.1,0.9,3.1,3.1999999999999997,4.0,fine,original,0.7024151189053907,0.6498036304275474,True,True
P6,P6_p00,4.1,1.0,3.0,3.0999999999999996,4.0,main,original,0.8980314608209075,0.9469128518567929,True,True
P6,P6_p00,4.1,1.0,3.0,3.0999999999999996,4.0,main,theory,0.9546712504000548,0.9534426017702774,True,True
P6,P6_p0m,4.1,1.0,2.9,3.0999999999999996,3.9,fine,original,0.7245675000928812,0.6914286506912986,True,True
P6,P6_p0m,4.1,1.0,2.9,3.0999999999999996,3.9,fine,theory,0.5895948398373204,0.6813832167244036,True,True
P6,P6_p0p,4.1,1.0,3.1,3.0999999999999996,4.1,main,original,0.9067296238723236,0.951286973144272,True,True
P6,P6_p0p,4.1,1.0,3.1,3.0999999999999996,4.1,main,theory,0.9568816428890033,0.9575922581576228,True,True
P6,P6_p00,4.1,1.0,3.0,3.0999999999999996,4.0,fine,original,0.7009221321806934,0.628699917824707,True,True
P6,P6_p00,4.1,1.0,3.0,3.0999999999999996,4.0,fine,theory,0.590347374158726,0.6276421783204765,True,True
P6,P6_ppm,4.1,1.1,2.9,2.9999999999999996,4.0,main,original,0.8888847110179131,0.9432909203716553,True,True
P6,P6_ppm,4.1,1.1,2.9,2.9999999999999996,4.0,main,theory,0.9485096122185116,0.9488259409407815,True,True
P6,P6_p0p,4.1,1.0,3.1,3.0999999999999996,4.1,fine,original,0.6799648037586757,0.5722995534082214,True,True
P6,P6_p0p,4.1,1.0,3.1,3.0999999999999996,4.1,fine,theory,0.5902653120168907,0.5774928573011412,True,True
P6,P6_pp0,4.1,1.1,3.0,2.9999999999999996,4.1,main,original,0.8983756545242291,0.94770521683309,True,True
P6,P6_pp0,4.1,1.1,3.0,2.9999999999999996,4.1,main,theory,0.9510992059628014,0.9531167881195158,True,True
P6,P6_ppm,4.1,1.1,2.9,2.9999999999999996,4.0,fine,theory,0.5901311440008172,0.598039777934932,True,True
P6,P6_ppm,4.1,1.1,2.9,2.9999999999999996,4.0,fine,original,0.7035876351150985,0.6123834512011225,True,True
P6,P6_ppp,4.1,1.1,3.1,2.9999999999999996,4.2,main,original,0.9067246663043621,0.9516708081438515,True,True
P6,P6_ppp,4.1,1.1,3.1,2.9999999999999996,4.2,main,theory,0.9534078041600224,0.9569241382158001,True,True
P6,P6_pp0,4.1,1.1,3.0,2.9999999999999996,4.1,fine,original,0.6809567683056734,0.5584164691070527,True,True
P6,P6_pp0,4.1,1.1,3.0,2.9999999999999996,4.1,fine,theory,0.588792754391696,0.5520578954769749,True,True
P6,P6_ppp,4.1,1.1,3.1,2.9999999999999996,4.2,fine,original,0.6593171569317808,0.5112946048085922,True,True
P6,P6_ppp,4.1,1.1,3.1,2.9999999999999996,4.2,fine,theory,0.5844917785516853,0.5526264177603206,True,True
