key,case,route,branch,phase,status,h,nx,dt,t,E_u,E_v
P1_fd_minus_main,P1,fd,minus,main,completed,0.125,512,1.25e-05,0.005,1.0811310664937679e-05,3.835077627856176e-06
P1_fd_minus_main,P1,fd,minus,main,completed,0.125,512,1.25e-05,0.01,2.3968512234073813e-05,8.516921327528237e-06
P1_fd_fixed_main,P1,fd,fixed,main,completed,0.125,512,1.25e-05,0.005,2.0042009705845132e-05,6.177436100429645e-06
P1_fd_fixed_main,P1,fd,fixed,main,completed,0.125,512,1.25e-05,0.01,4.278421844494673e-05,1.402562130892182e-05
P1_fd_plus_main,P1,fd,plus,main,completed,0.125,512,1.25e-05,0.005,9.909926689699589e-06,4.095559506367419e-06
P1_fd_plus_main,P1,fd,plus,main,completed,0.125,512,1.25e-05,0.01,1.992651147753044e-05,8.202727699635481e-06
P1_sd_fixed_main,P1,sd,fixed,main,completed,0.125,512,1.25e-05,0.005,1.3142052332160148e-05,6.630521630524022e-06
P1_sd_fixed_main,P1,sd,fixed,main,completed,0.125,512,1.25e-05,0.01,2.865002514829129e-05,1.3164954122124595e-05
P2_fd_fixed_main,P2,fd,fixed,main,completed,0.125,512,1.25e-05,0.005,0.0007393354627116544,0.0006260434615417143
P2_fd_fixed_main,P2,fd,fixed,main,completed,0.125,512,1.25e-05,0.01,0.002521717183463501,0.0017513903437038625
P1_sd_minus_main,P1,sd,minus,main,completed,0.125,512,1.25e-05,0.005,7.338819148383635e-06,3.83809351495179e-06
P1_sd_minus_main,P1,sd,minus,main,completed,0.125,512,1.25e-05,0.01,1.652942669716495e-05,7.591557765196377e-06
P2_fd_minus_main,P2,fd,minus,main,completed,0.125,512,1.25e-05,0.005,0.00048452513157748456,0.0003409194348922284
P2_fd_minus_main,P2,fd,minus,main,completed,0.125,512,1.25e-05,0.01,0.0017934751006873917,0.0009205764593247512
P1_sd_plus_main,P1,sd,plus,main,completed,0.125,512,1.25e-05,0.005,8.327590176882005e-06,4.776312258480964e-06
P1_sd_plus_main,P1,sd,plus,main,completed,0.125,512,1.25e-05,0.01,1.5928931502040555e-05,9.170788857260082e-06
P2_fd_plus_main,P2,fd,plus,main,completed,0.125,512,1.25e-05,0.005,0.0001985133917407067,0.0002807746397042177
P2_fd_plus_main,P2,fd,plus,main,completed,0.125,512,1.25e-05,0.01,0.0004251725865407341,0.0005825800468601816
P2_sd_fixed_main,P2,sd,fixed,main,completed,0.125,512,1.25e-05,0.005,0.0005944376764492887,0.0005653163609007361
P2_sd_fixed_main,P2,sd,fixed,main,completed,0.125,512,1.25e-05,0.01,0.0020221914465783364,0.0015856688025017718
P2_sd_minus_main,P2,sd,minus,main,completed,0.125,512,1.25e-05,0.005,0.0003423484723694692,0.00029495370188037384
P2_sd_minus_main,P2,sd,minus,main,completed,0.125,512,1.25e-05,0.01,0.0014762427668388867,0.0008380552706639399
P2_sd_plus_main,P2,sd,plus,main,completed,0.125,512,1.25e-05,0.005,0.0002520138437644981,0.0002645658682562946
P2_sd_plus_main,P2,sd,plus,main,completed,0.125,512,1.25e-05,0.01,0.0006040469534775994,0.0004812684742350193
P3_fd_fixed_main,P3,fd,fixed,main,completed,0.125,512,1.25e-05,0.005,3.0171330898332016e-05,1.7573766066369956e-05
P3_fd_fixed_main,P3,fd,fixed,main,completed,0.125,512,1.25e-05,0.01,6.71885689209617e-05,3.831117511687854e-05
P3_fd_minus_main,P3,fd,minus,main,completed,0.125,512,1.25e-05,0.005,1.6207805285439747e-05,1.1922147048815113e-05
P3_fd_minus_main,P3,fd,minus,main,completed,0.125,512,1.25e-05,0.01,3.808160141161032e-05,2.3438088386007472e-05
P3_fd_plus_main,P3,fd,plus,main,completed,0.125,512,1.25e-05,0.005,1.2836487811362929e-05,1.2223991059934214e-05
P3_fd_plus_main,P3,fd,plus,main,completed,0.125,512,1.25e-05,0.01,2.5857055886202573e-05,2.4436098448488153e-05
P3_sd_fixed_main,P3,sd,fixed,main,completed,0.125,512,1.25e-05,0.005,2.2441050057997458e-05,1.352009672639376e-05
P3_sd_fixed_main,P3,sd,fixed,main,completed,0.125,512,1.25e-05,0.01,4.7751055394229525e-05,2.5667548548158337e-05
P3_sd_minus_main,P3,sd,minus,main,completed,0.125,512,1.25e-05,0.005,1.2869632739276327e-05,8.165859792796937e-06
P3_sd_minus_main,P3,sd,minus,main,completed,0.125,512,1.25e-05,0.01,2.5260412017225065e-05,1.667042225572679e-05
P4_fd_fixed_main,P4,fd,fixed,main,completed,0.125,512,1.25e-05,0.005,1.0610411734224279e-05,1.7397130976926078e-06
P4_fd_fixed_main,P4,fd,fixed,main,completed,0.125,512,1.25e-05,0.01,2.1881159314118825e-05,4.367423799112036e-06
P4_fd_minus_main,P4,fd,minus,main,completed,0.125,512,1.25e-05,0.005,7.489017807005283e-06,1.3298530621153049e-06
P4_fd_minus_main,P4,fd,minus,main,completed,0.125,512,1.25e-05,0.01,1.5368171404017694e-05,3.206716964576639e-06
P3_sd_plus_main,P3,sd,plus,main,completed,0.125,512,1.25e-05,0.005,2.0383297084203278e-05,1.1232978415320893e-05
P3_sd_plus_main,P3,sd,plus,main,completed,0.125,512,1.25e-05,0.01,3.962630500420339e-05,2.090410416610844e-05
P4_fd_plus_main,P4,fd,plus,main,completed,0.125,512,1.25e-05,0.005,7.390864636303007e-06,1.2655007761985804e-06
P4_fd_plus_main,P4,fd,plus,main,completed,0.125,512,1.25e-05,0.01,1.4949687505483311e-05,2.9415146540201498e-06
P4_sd_fixed_main,P4,sd,fixed,main,completed,0.125,512,1.25e-05,0.005,9.197990579301596e-06,2.415853545212343e-06
P4_sd_fixed_main,P4,sd,fixed,main,completed,0.125,512,1.25e-05,0.01,1.907201830386729e-05,4.5088506548385254e-06
P4_sd_minus_main,P4,sd,minus,main,completed,0.125,512,1.25e-05,0.005,6.091910504157916e-06,1.819038663891659e-06
P4_sd_minus_main,P4,sd,minus,main,completed,0.125,512,1.25e-05,0.01,1.2592146698908735e-05,3.3839928279544296e-06
P4_sd_plus_main,P4,sd,plus,main,completed,0.125,512,1.25e-05,0.005,5.97080326869559e-06,1.9125373060258077e-06
P4_sd_plus_main,P4,sd,plus,main,completed,0.125,512,1.25e-05,0.01,1.2129550104877929e-05,3.5140041618475504e-06
P5_fd_fixed_main,P5,fd,fixed,main,completed,0.125,512,1.25e-05,0.005,1.3862512843187957e-07,1.8638348253663395e-08
P5_fd_fixed_main,P5,fd,fixed,main,completed,0.125,512,1.25e-05,0.01,2.769505647592929e-07,3.737099472933547e-08
P5_fd_minus_main,P5,fd,minus,main,completed,0.125,512,1.25e-05,0.005,1.1940963640100222e-07,1.7034906055202192e-08
P5_fd_minus_main,P5,fd,minus,main,completed,0.125,512,1.25e-05,0.01,2.386890209926662e-07,3.409843608859209e-08
P5_fd_plus_main,P5,fd,plus,main,completed,0.125,512,1.25e-05,0.005,1.1936426375092068e-07,1.728911802612032e-08
P5_fd_plus_main,P5,fd,plus,main,completed,0.125,512,1.25e-05,0.01,2.383861806842802e-07,3.4541856944181326e-08
P5_sd_fixed_main,P5,sd,fixed,main,completed,0.125,512,1.25e-05,0.005,3.495783876816816e-07,1.3961296820019786e-07
P5_sd_fixed_main,P5,sd,fixed,main,completed,0.125,512,1.25e-05,0.01,7.083928409978846e-07,2.8067206225834695e-07
P5_sd_minus_main,P5,sd,minus,main,completed,0.125,512,1.25e-05,0.005,3.6084816745773907e-07,1.3819893224242819e-07
P5_sd_minus_main,P5,sd,minus,main,completed,0.125,512,1.25e-05,0.01,7.302324313007702e-07,2.7823478282451575e-07
P5_sd_plus_main,P5,sd,plus,main,completed,0.125,512,1.25e-05,0.005,3.5657085434293023e-07,1.3807148194211472e-07
P5_sd_plus_main,P5,sd,plus,main,completed,0.125,512,1.25e-05,0.01,7.215239747337954e-07,2.7781227844581036e-07
P6_fd_fixed_main,P6,fd,fixed,main,completed,0.125,512,1.25e-05,0.005,0.00014748063849800985,5.498262763026229e-05
P6_fd_fixed_main,P6,fd,fixed,main,completed,0.125,512,1.25e-05,0.01,0.0003653767599520741,0.00014368729762992416
P6_fd_minus_main,P6,fd,minus,main,completed,0.125,512,1.25e-05,0.005,7.140851702502893e-05,2.9480637457557357e-05
P6_fd_minus_main,P6,fd,minus,main,completed,0.125,512,1.25e-05,0.01,0.00019974721433357878,7.666821762342124e-05
P6_fd_plus_main,P6,fd,plus,main,completed,0.125,512,1.25e-05,0.005,4.92500042403865e-05,2.91071224147732e-05
P6_fd_plus_main,P6,fd,plus,main,completed,0.125,512,1.25e-05,0.01,9.826620901765004e-05,5.889726065488876e-05
P6_sd_fixed_main,P6,sd,fixed,main,completed,0.125,512,1.25e-05,0.005,0.00012995148178784888,5.2153100073892844e-05
P6_sd_fixed_main,P6,sd,fixed,main,completed,0.125,512,1.25e-05,0.01,0.0003250392601266139,0.00013535383903384712
P6_sd_minus_main,P6,sd,minus,main,completed,0.125,512,1.25e-05,0.005,6.150509223790124e-05,2.61936164304144e-05
P6_sd_minus_main,P6,sd,minus,main,completed,0.125,512,1.25e-05,0.01,0.00015869391918599263,6.753076369292454e-05
P6_sd_plus_main,P6,sd,plus,main,completed,0.125,512,1.25e-05,0.005,4.8935910061609356e-05,3.171613062202816e-05
P6_sd_plus_main,P6,sd,plus,main,completed,0.125,512,1.25e-05,0.01,8.558087812815529e-05,5.722183566303496e-05
P7_fd_fixed_main,P7,fd,fixed,main,completed,0.125,512,1.25e-05,0.005,2.2100460885798867e-05,1.963724496911734e-05
P7_fd_fixed_main,P7,fd,fixed,main,completed,0.125,512,1.25e-05,0.01,5.4308851081597e-05,4.225501954180366e-05
P7_fd_minus_main,P7,fd,minus,main,completed,0.125,512,1.25e-05,0.005,1.3817599304077888e-05,1.298552345974091e-05
P7_fd_minus_main,P7,fd,minus,main,completed,0.125,512,1.25e-05,0.01,3.397616505607104e-05,2.5711333754729893e-05
P7_fd_plus_main,P7,fd,plus,main,completed,0.125,512,1.25e-05,0.005,9.78137413776281e-06,1.3188042448208925e-05
P7_fd_plus_main,P7,fd,plus,main,completed,0.125,512,1.25e-05,0.01,2.136337617297812e-05,2.6340186302098445e-05
P7_sd_fixed_main,P7,sd,fixed,main,completed,0.125,512,1.25e-05,0.005,1.684540658231093e-05,1.557370756599674e-05
P7_sd_fixed_main,P7,sd,fixed,main,completed,0.125,512,1.25e-05,0.01,3.549123273471899e-05,2.9719137084271985e-05
P7_sd_minus_main,P7,sd,minus,main,completed,0.125,512,1.25e-05,0.005,1.6029193685929144e-05,9.034909533189861e-06
P7_sd_minus_main,P7,sd,minus,main,completed,0.125,512,1.25e-05,0.01,3.2277438104522105e-05,1.8007038327327862e-05
P10_fd_fixed_main,P10,fd,fixed,main,completed,0.125,512,1.25e-05,0.005,0.0004316083456776809,0.0022242678234238866
P10_fd_fixed_main,P10,fd,fixed,main,completed,0.125,512,1.25e-05,0.01,0.0010178223536434494,0.004769506191284911
P7_sd_plus_main,P7,sd,plus,main,completed,0.125,512,1.25e-05,0.005,2.1100137852281264e-05,1.2412114847704103e-05
P7_sd_plus_main,P7,sd,plus,main,completed,0.125,512,1.25e-05,0.01,4.0917700509846e-05,2.318942718304573e-05
P10_fd_minus_main,P10,fd,minus,main,completed,0.125,512,1.25e-05,0.005,0.00038517079752664607,0.0022041444333638083
P10_fd_minus_main,P10,fd,minus,main,completed,0.125,512,1.25e-05,0.01,0.0008911738816403947,0.00474839255685211
P10_fd_plus_main,P10,fd,plus,main,completed,0.125,512,1.25e-05,0.005,0.00038237683593522753,0.00206954274720772
P10_fd_plus_main,P10,fd,plus,main,completed,0.125,512,1.25e-05,0.01,0.0008877958214985604,0.004375549600503348
P10_sd_fixed_main,P10,sd,fixed,main,completed,0.125,512,1.25e-05,0.005,0.0016130110829175592,0.0012694541932276593
P10_sd_fixed_main,P10,sd,fixed,main,completed,0.125,512,1.25e-05,0.01,0.0034116108401611722,0.0032124856490831633
P10_sd_minus_main,P10,sd,minus,main,completed,0.125,512,1.25e-05,0.005,0.0015894758263494957,0.001364600825669804
P10_sd_minus_main,P10,sd,minus,main,completed,0.125,512,1.25e-05,0.01,0.0033607080100868103,0.0036125890482612277
P10_sd_plus_main,P10,sd,plus,main,completed,0.125,512,1.25e-05,0.005,0.0015936674211811663,0.0013551306445158673
P10_sd_plus_main,P10,sd,plus,main,completed,0.125,512,1.25e-05,0.01,0.003360607289309314,0.003621369912878869
P1_fd_fixed_time_half,P1,fd,fixed,time_half,completed,0.125,512,6.25e-06,0.005,2.0050666115434268e-05,6.204709840695877e-06
P1_fd_fixed_time_half,P1,fd,fixed,time_half,completed,0.125,512,6.25e-06,0.01,4.282060792459852e-05,1.4085641352967748e-05
P1_fd_plus_time_half,P1,fd,plus,time_half,completed,0.125,512,6.25e-06,0.005,9.907068038383926e-06,4.078680664876266e-06
P1_fd_plus_time_half,P1,fd,plus,time_half,completed,0.125,512,6.25e-06,0.01,1.9940399686113608e-05,8.16930259150972e-06
P1_fd_minus_time_half,P1,fd,minus,time_half,completed,0.125,512,6.25e-06,0.005,1.0829458642280798e-05,3.854798539149051e-06
P1_fd_minus_time_half,P1,fd,minus,time_half,completed,0.125,512,6.25e-06,0.01,2.401691556142005e-05,8.55851833964083e-06
P1_sd_fixed_time_half,P1,sd,fixed,time_half,completed,0.125,512,6.25e-06,0.005,1.3151033976477322e-05,6.604867567483463e-06
P1_sd_fixed_time_half,P1,sd,fixed,time_half,completed,0.125,512,6.25e-06,0.01,2.8686932106003482e-05,1.312613098641835e-05
P2_fd_fixed_time_half,P2,fd,fixed,time_half,completed,0.125,512,6.25e-06,0.005,0.0007403293565251268,0.0006265487031453798
P2_fd_fixed_time_half,P2,fd,fixed,time_half,completed,0.125,512,6.25e-06,0.01,0.002525095226194818,0.0017536528698018916
P1_sd_minus_time_half,P1,sd,minus,time_half,completed,0.125,512,6.25e-06,0.005,7.320678523048407e-06,3.821629968536744e-06
P1_sd_minus_time_half,P1,sd,minus,time_half,completed,0.125,512,6.25e-06,0.01,1.6497844134266693e-05,7.5620243683016675e-06
P2_fd_minus_time_half,P2,fd,minus,time_half,completed,0.125,512,6.25e-06,0.005,0.00048528008125092725,0.00034116711237497377
P2_fd_minus_time_half,P2,fd,minus,time_half,completed,0.125,512,6.25e-06,0.01,0.0017971962691167853,0.0009221387083611088
P1_sd_plus_time_half,P1,sd,plus,time_half,completed,0.125,512,6.25e-06,0.005,8.34820457695784e-06,4.758101075696963e-06
P1_sd_plus_time_half,P1,sd,plus,time_half,completed,0.125,512,6.25e-06,0.01,1.5973609871489103e-05,9.143296047786631e-06
P2_fd_plus_time_half,P2,fd,plus,time_half,completed,0.125,512,6.25e-06,0.005,0.00019851672824133804,0.0002806962371040278
P2_fd_plus_time_half,P2,fd,plus,time_half,completed,0.125,512,6.25e-06,0.01,0.00042568857190738996,0.0005824729182433153
P2_sd_fixed_time_half,P2,sd,fixed,time_half,completed,0.125,512,6.25e-06,0.005,0.0005944895188596533,0.0005657724437384548
P2_sd_fixed_time_half,P2,sd,fixed,time_half,completed,0.125,512,6.25e-06,0.01,0.0020253820606757067,0.00158769359300992
P2_sd_minus_time_half,P2,sd,minus,time_half,completed,0.125,512,6.25e-06,0.005,0.0003431133465117142,0.0002952034668119996
P2_sd_minus_time_half,P2,sd,minus,time_half,completed,0.125,512,6.25e-06,0.01,0.0014799738795887585,0.0008391401846865598
P2_sd_plus_time_half,P2,sd,plus,time_half,completed,0.125,512,6.25e-06,0.005,0.0002516459992465414,0.0002644529560045239
P2_sd_plus_time_half,P2,sd,plus,time_half,completed,0.125,512,6.25e-06,0.01,0.0006050591393602645,0.0004825001079857838
P3_fd_fixed_time_half,P3,fd,fixed,time_half,completed,0.125,512,6.25e-06,0.005,3.0198893554711503e-05,1.7617377160328296e-05
P3_fd_fixed_time_half,P3,fd,fixed,time_half,completed,0.125,512,6.25e-06,0.01,6.728066792582865e-05,3.840826568179967e-05
P3_fd_minus_time_half,P3,fd,minus,time_half,completed,0.125,512,6.25e-06,0.005,1.625377455471977e-05,1.1948336430478435e-05
P3_fd_minus_time_half,P3,fd,minus,time_half,completed,0.125,512,6.25e-06,0.01,3.819121561798866e-05,2.3494197599949196e-05
P3_fd_plus_time_half,P3,fd,plus,time_half,completed,0.125,512,6.25e-06,0.005,1.2821580706479097e-05,1.2199492114506327e-05
P3_fd_plus_time_half,P3,fd,plus,time_half,completed,0.125,512,6.25e-06,0.01,2.588351372168063e-05,2.438705630658511e-05
P3_sd_fixed_time_half,P3,sd,fixed,time_half,completed,0.125,512,6.25e-06,0.005,2.2376661328094016e-05,1.3481459531616835e-05
P3_sd_fixed_time_half,P3,sd,fixed,time_half,completed,0.125,512,6.25e-06,0.01,4.76289740436453e-05,2.576607478044224e-05
P3_sd_minus_time_half,P3,sd,minus,time_half,completed,0.125,512,6.25e-06,0.005,1.2833544938972707e-05,8.149714042837708e-06
P3_sd_minus_time_half,P3,sd,minus,time_half,completed,0.125,512,6.25e-06,0.01,2.5197918838593125e-05,1.6658627465693243e-05
P4_fd_fixed_time_half,P4,fd,fixed,time_half,completed,0.125,512,6.25e-06,0.005,1.0612777423091302e-05,1.7530099231111151e-06
P4_fd_fixed_time_half,P4,fd,fixed,time_half,completed,0.125,512,6.25e-06,0.01,2.189137214092529e-05,4.3965245158372745e-06
P3_sd_plus_time_half,P3,sd,plus,time_half,completed,0.125,512,6.25e-06,0.005,2.0340332361978852e-05,1.1211998125038036e-05
P3_sd_plus_time_half,P3,sd,plus,time_half,completed,0.125,512,6.25e-06,0.01,3.9535471094032104e-05,2.0867532424695412e-05
P4_fd_minus_time_half,P4,fd,minus,time_half,completed,0.125,512,6.25e-06,0.005,7.492220721161402e-06,1.3411380827832442e-06
P4_fd_minus_time_half,P4,fd,minus,time_half,completed,0.125,512,6.25e-06,0.01,1.5378706102464612e-05,3.231327819097629e-06
P4_fd_plus_time_half,P4,fd,plus,time_half,completed,0.125,512,6.25e-06,0.005,7.391662653066788e-06,1.261021980503152e-06
P4_fd_plus_time_half,P4,fd,plus,time_half,completed,0.125,512,6.25e-06,0.01,1.4958757694083502e-05,2.9669328403258977e-06
P4_sd_fixed_time_half,P4,sd,fixed,time_half,completed,0.125,512,6.25e-06,0.005,9.200347628746108e-06,2.40297586337479e-06
P4_sd_fixed_time_half,P4,sd,fixed,time_half,completed,0.125,512,6.25e-06,0.01,1.9082264908432123e-05,4.484923618264247e-06
P4_sd_minus_time_half,P4,sd,minus,time_half,completed,0.125,512,6.25e-06,0.005,6.0950845574003765e-06,1.807491784355797e-06
P4_sd_minus_time_half,P4,sd,minus,time_half,completed,0.125,512,6.25e-06,0.01,1.2602654521520762e-05,3.362192465938829e-06
P4_sd_plus_time_half,P4,sd,plus,time_half,completed,0.125,512,6.25e-06,0.005,5.973027247030416e-06,1.9008366372308405e-06
P4_sd_plus_time_half,P4,sd,plus,time_half,completed,0.125,512,6.25e-06,0.01,1.2138635342995308e-05,3.4930870578542272e-06
P5_fd_fixed_time_half,P5,fd,fixed,time_half,completed,0.125,512,6.25e-06,0.005,1.3864085762760325e-07,1.822324389999519e-08
P5_fd_fixed_time_half,P5,fd,fixed,time_half,completed,0.125,512,6.25e-06,0.01,2.7705267419131374e-07,3.6568237118950186e-08
P5_fd_minus_time_half,P5,fd,minus,time_half,completed,0.125,512,6.25e-06,0.005,1.1944016076181896e-07,1.665658216909449e-08
P5_fd_minus_time_half,P5,fd,minus,time_half,completed,0.125,512,6.25e-06,0.01,2.3878308713642937e-07,3.334197772042469e-08
P5_fd_plus_time_half,P5,fd,plus,time_half,completed,0.125,512,6.25e-06,0.005,1.1937920041393824e-07,1.6908361447076636e-08
P5_fd_plus_time_half,P5,fd,plus,time_half,completed,0.125,512,6.25e-06,0.01,2.38449088696413e-07,3.380666295516033e-08
P5_sd_fixed_time_half,P5,sd,fixed,time_half,completed,0.125,512,6.25e-06,0.005,3.497773649607794e-07,1.3913216162508846e-07
P5_sd_fixed_time_half,P5,sd,fixed,time_half,completed,0.125,512,6.25e-06,0.01,7.087652233450648e-07,2.797123158787551e-07
P5_sd_minus_time_half,P5,sd,minus,time_half,completed,0.125,512,6.25e-06,0.005,3.609860227959949e-07,1.3774203984351363e-07
P5_sd_minus_time_half,P5,sd,minus,time_half,completed,0.125,512,6.25e-06,0.01,7.305062364459936e-07,2.773281877199718e-07
P6_fd_fixed_time_half,P6,fd,fixed,time_half,completed,0.125,512,6.25e-06,0.005,0.00014768581393642677,5.528050366665482e-05
P6_fd_fixed_time_half,P6,fd,fixed,time_half,completed,0.125,512,6.25e-06,0.01,0.0003662073584207448,0.00014438398505767225
P5_sd_plus_time_half,P5,sd,plus,time_half,completed,0.125,512,6.25e-06,0.005,3.567087142886116e-07,1.3761495584740935e-07
P5_sd_plus_time_half,P5,sd,plus,time_half,completed,0.125,512,6.25e-06,0.01,7.217708834494907e-07,2.769078755182619e-07
P6_fd_minus_time_half,P6,fd,minus,time_half,completed,0.125,512,6.25e-06,0.005,7.173756946898813e-05,2.9674357639231097e-05
P6_fd_minus_time_half,P6,fd,minus,time_half,completed,0.125,512,6.25e-06,0.01,0.00020058877602879832,7.713985591495387e-05
P6_fd_plus_time_half,P6,fd,plus,time_half,completed,0.125,512,6.25e-06,0.005,4.915106119729451e-05,2.895702663308075e-05
P6_fd_plus_time_half,P6,fd,plus,time_half,completed,0.125,512,6.25e-06,0.01,9.849455587884748e-05,5.8603391587030984e-05
P6_sd_fixed_time_half,P6,sd,fixed,time_half,completed,0.125,512,6.25e-06,0.005,0.0001301583488815261,5.191079810440424e-05
P6_sd_fixed_time_half,P6,sd,fixed,time_half,completed,0.125,512,6.25e-06,0.01,0.000325871033656,0.00013606300824309248
P6_sd_minus_time_half,P6,sd,minus,time_half,completed,0.125,512,6.25e-06,0.005,6.135941374862952e-05,2.6389738047472022e-05
P6_sd_minus_time_half,P6,sd,minus,time_half,completed,0.125,512,6.25e-06,0.01,0.0001584814718240679,6.80004273697632e-05
P6_sd_plus_time_half,P6,sd,plus,time_half,completed,0.125,512,6.25e-06,0.005,4.914104384168283e-05,3.155211370053923e-05
P6_sd_plus_time_half,P6,sd,plus,time_half,completed,0.125,512,6.25e-06,0.01,8.606047035242259e-05,5.694816080814569e-05
P7_fd_fixed_time_half,P7,fd,fixed,time_half,completed,0.125,512,6.25e-06,0.005,2.213923050842226e-05,1.9679566660824044e-05
P7_fd_fixed_time_half,P7,fd,fixed,time_half,completed,0.125,512,6.25e-06,0.01,5.4426285956310494e-05,4.23473517752182e-05
P7_fd_minus_time_half,P7,fd,minus,time_half,completed,0.125,512,6.25e-06,0.005,1.3868409652451064e-05,1.301080449289671e-05
P7_fd_minus_time_half,P7,fd,minus,time_half,completed,0.125,512,6.25e-06,0.01,3.408955412909087e-05,2.5767168864709866e-05
P7_fd_plus_time_half,P7,fd,plus,time_half,completed,0.125,512,6.25e-06,0.005,9.763566833020931e-06,1.3162755554629868e-05
P7_fd_plus_time_half,P7,fd,plus,time_half,completed,0.125,512,6.25e-06,0.01,2.1409730744048616e-05,2.6290992830912963e-05
P7_sd_fixed_time_half,P7,sd,fixed,time_half,completed,0.125,512,6.25e-06,0.005,1.6778572790920876e-05,1.5612884448845676e-05
P7_sd_fixed_time_half,P7,sd,fixed,time_half,completed,0.125,512,6.25e-06,0.01,3.536756335620339e-05,2.9800402319257735e-05
P7_sd_minus_time_half,P7,sd,minus,time_half,completed,0.125,512,6.25e-06,0.005,1.5995839012905577e-05,9.02127060431468e-06
P7_sd_minus_time_half,P7,sd,minus,time_half,completed,0.125,512,6.25e-06,0.01,3.222574124617239e-05,1.7995223576039443e-05
P10_fd_fixed_time_half,P10,fd,fixed,time_half,completed,0.125,512,6.25e-06,0.005,0.00043162274040797755,0.0022245108421312665
P10_fd_fixed_time_half,P10,fd,fixed,time_half,completed,0.125,512,6.25e-06,0.01,0.0010182639942990512,0.004770270813509114
P7_sd_plus_time_half,P7,sd,plus,time_half,completed,0.125,512,6.25e-06,0.005,2.105827951415229e-05,1.239212072079443e-05
P7_sd_plus_time_half,P7,sd,plus,time_half,completed,0.125,512,6.25e-06,0.01,4.083066372473354e-05,2.3156505526755744e-05
P10_fd_minus_time_half,P10,fd,minus,time_half,completed,0.125,512,6.25e-06,0.005,0.00038518507844953476,0.0022043924663064374
P10_fd_minus_time_half,P10,fd,minus,time_half,completed,0.125,512,6.25e-06,0.01,0.0008914820222387654,0.004749237730668376
P10_fd_plus_time_half,P10,fd,plus,time_half,completed,0.125,512,6.25e-06,0.005,0.00038238975438509293,0.002069489569698213
P10_fd_plus_time_half,P10,fd,plus,time_half,completed,0.125,512,6.25e-06,0.01,0.0008881060162564403,0.004376139794702638
P10_sd_fixed_time_half,P10,sd,fixed,time_half,completed,0.125,512,6.25e-06,0.005,0.0016130229454380807,0.0012697092285991474
P10_sd_fixed_time_half,P10,sd,fixed,time_half,completed,0.125,512,6.25e-06,0.01,0.0034117795300407927,0.0032143339902699353
P10_sd_minus_time_half,P10,sd,minus,time_half,completed,0.125,512,6.25e-06,0.005,0.0015895393702709537,0.001365127371507846
P10_sd_minus_time_half,P10,sd,minus,time_half,completed,0.125,512,6.25e-06,0.01,0.003360881905363655,0.00361523572152489
P10_sd_plus_time_half,P10,sd,plus,time_half,completed,0.125,512,6.25e-06,0.005,0.0015937045008957984,0.0013556648552741635
P10_sd_plus_time_half,P10,sd,plus,time_half,completed,0.125,512,6.25e-06,0.01,0.0033607585015671404,0.0036243698376416944
P1_fd_minus_space_x,P1,fd,minus,space_x,completed,0.125,1024,1.25e-05,0.005,2.2989608450263432e-06,1.0255985240514853e-06
P1_fd_minus_space_x,P1,fd,minus,space_x,completed,0.125,1024,1.25e-05,0.01,4.964038336385812e-06,2.1246719268952496e-06
P1_fd_fixed_space_x,P1,fd,fixed,space_x,completed,0.125,1024,1.25e-05,0.005,2.9329182922310792e-06,1.1937022568742073e-06
P1_fd_fixed_space_x,P1,fd,fixed,space_x,completed,0.125,1024,1.25e-05,0.01,6.284772801512517e-06,2.4439232286233015e-06
P1_fd_plus_space_x,P1,fd,plus,space_x,completed,0.125,1024,1.25e-05,0.005,2.2445597021025776e-06,1.0733332239110105e-06
P1_fd_plus_space_x,P1,fd,plus,space_x,completed,0.125,1024,1.25e-05,0.01,4.716722289632713e-06,2.1558628638396193e-06
P1_sd_fixed_space_x,P1,sd,fixed,space_x,completed,0.125,1024,1.25e-05,0.005,4.645494059429822e-06,1.8188180445632973e-06
P1_sd_fixed_space_x,P1,sd,fixed,space_x,completed,0.125,1024,1.25e-05,0.01,8.926112890605964e-06,3.748721284113632e-06
P2_fd_fixed_space_x,P2,fd,fixed,space_x,completed,0.125,1024,1.25e-05,0.005,0.00011344294171378166,0.00010354358499120586
P2_fd_fixed_space_x,P2,fd,fixed,space_x,completed,0.125,1024,1.25e-05,0.01,0.00041596419699185816,0.00039543928562602026
P1_sd_minus_space_x,P1,sd,minus,space_x,completed,0.125,1024,1.25e-05,0.005,4.938965548317853e-06,1.7622400659278448e-06
P1_sd_minus_space_x,P1,sd,minus,space_x,completed,0.125,1024,1.25e-05,0.01,9.686111649198637e-06,3.6256264051570675e-06
P2_fd_minus_space_x,P2,fd,minus,space_x,completed,0.125,1024,1.25e-05,0.005,7.094830843756839e-05,7.285928012001897e-05
P2_fd_minus_space_x,P2,fd,minus,space_x,completed,0.125,1024,1.25e-05,0.01,0.00237298269473607,0.005781359917183204
P1_sd_plus_space_x,P1,sd,plus,space_x,completed,0.125,1024,1.25e-05,0.005,5.163338205216306e-06,1.8093044427125449e-06
P1_sd_plus_space_x,P1,sd,plus,space_x,completed,0.125,1024,1.25e-05,0.01,1.0156251782023062e-05,3.7327792338226473e-06
P2_fd_plus_space_x,P2,fd,plus,space_x,completed,0.125,1024,1.25e-05,0.005,5.978822278374096e-05,6.765722564860965e-05
P2_fd_plus_space_x,P2,fd,plus,space_x,completed,0.125,1024,1.25e-05,0.01,0.0020700861043847496,0.0011464959025391241
P2_sd_fixed_space_x,P2,sd,fixed,space_x,completed,0.125,1024,1.25e-05,0.005,0.0001170040266815775,5.721647369605343e-05
P2_sd_fixed_space_x,P2,sd,fixed,space_x,completed,0.125,1024,1.25e-05,0.01,0.0003504092551489535,0.0001878790115250606
P2_sd_minus_space_x,P2,sd,minus,space_x,completed,0.125,1024,1.25e-05,0.005,0.0001555092587111062,5.169666121140892e-05
P2_sd_minus_space_x,P2,sd,minus,space_x,completed,0.125,1024,1.25e-05,0.01,0.003406456745803421,0.007006330310224573
P2_sd_plus_space_x,P2,sd,plus,space_x,completed,0.125,1024,1.25e-05,0.005,0.00016183107133649344,5.179495881968421e-05
P2_sd_plus_space_x,P2,sd,plus,space_x,completed,0.125,1024,1.25e-05,0.01,0.0015023062406767096,0.0019184567718357748
P3_fd_fixed_space_x,P3,fd,fixed,space_x,completed,0.125,1024,1.25e-05,0.005,9.395640220288826e-06,6.642115815358451e-06
P3_fd_fixed_space_x,P3,fd,fixed,space_x,completed,0.125,1024,1.25e-05,0.01,2.1015631468834783e-05,1.3920878399908965e-05
P3_fd_minus_space_x,P3,fd,minus,space_x,completed,0.125,1024,1.25e-05,0.005,8.34047803666138e-06,6.174939784053812e-06
P3_fd_minus_space_x,P3,fd,minus,space_x,completed,0.125,1024,1.25e-05,0.01,1.8745073088632935e-05,1.2883074165581654e-05
P3_fd_plus_space_x,P3,fd,plus,space_x,completed,0.125,1024,1.25e-05,0.005,8.206283297562678e-06,6.334875149782704e-06
P3_fd_plus_space_x,P3,fd,plus,space_x,completed,0.125,1024,1.25e-05,0.01,1.8286124965127826e-05,1.2750061357258424e-05
P3_sd_fixed_space_x,P3,sd,fixed,space_x,completed,0.125,1024,1.25e-05,0.005,2.133298857076582e-05,6.858957663724574e-06
P3_sd_fixed_space_x,P3,sd,fixed,space_x,completed,0.125,1024,1.25e-05,0.01,4.212317092378015e-05,1.4610970608508467e-05
P3_sd_minus_space_x,P3,sd,minus,space_x,completed,0.125,1024,1.25e-05,0.005,2.15740406706022e-05,7.036636174073685e-06
P3_sd_minus_space_x,P3,sd,minus,space_x,completed,0.125,1024,1.25e-05,0.01,4.2916895129918586e-05,1.4928471280595268e-05
P4_fd_fixed_space_x,P4,fd,fixed,space_x,completed,0.125,1024,1.25e-05,0.005,8.596727244514213e-07,1.7841217217484662e-07
P4_fd_fixed_space_x,P4,fd,fixed,space_x,completed,0.125,1024,1.25e-05,0.01,1.7716507977327822e-06,3.81023326029295e-07
P3_sd_plus_space_x,P3,sd,plus,space_x,completed,0.125,1024,1.25e-05,0.005,2.2079537207675415e-05,7.050299667743509e-06
P3_sd_plus_space_x,P3,sd,plus,space_x,completed,0.125,1024,1.25e-05,0.01,4.4019403968587056e-05,1.4983342605190408e-05
P4_fd_minus_space_x,P4,fd,minus,space_x,completed,0.125,1024,1.25e-05,0.005,6.508288951101449e-07,1.4705745085552557e-07
P4_fd_minus_space_x,P4,fd,minus,space_x,completed,0.125,1024,1.25e-05,0.01,1.3265829192921075e-06,3.017480715294951e-07
P4_fd_plus_space_x,P4,fd,plus,space_x,completed,0.125,1024,1.25e-05,0.005,6.46831846196072e-07,1.5113604528993463e-07
P4_fd_plus_space_x,P4,fd,plus,space_x,completed,0.125,1024,1.25e-05,0.01,1.3017707143347934e-06,3.1152768717457313e-07
P4_sd_fixed_space_x,P4,sd,fixed,space_x,completed,0.125,1024,1.25e-05,0.005,1.023273122680024e-06,4.797145182755536e-07
P4_sd_fixed_space_x,P4,sd,fixed,space_x,completed,0.125,1024,1.25e-05,0.01,2.1668316263490084e-06,9.978209072059041e-07
P4_sd_minus_space_x,P4,sd,minus,space_x,completed,0.125,1024,1.25e-05,0.005,9.66479279163046e-07,4.477296075000581e-07
P4_sd_minus_space_x,P4,sd,minus,space_x,completed,0.125,1024,1.25e-05,0.01,2.0639315554404902e-06,9.187570710611492e-07
P4_sd_plus_space_x,P4,sd,plus,space_x,completed,0.125,1024,1.25e-05,0.005,9.23146076692305e-07,4.4896633658031426e-07
P4_sd_plus_space_x,P4,sd,plus,space_x,completed,0.125,1024,1.25e-05,0.01,1.9799162807032644e-06,9.216977921999714e-07
P5_fd_fixed_space_x,P5,fd,fixed,space_x,completed,0.125,1024,1.25e-05,0.005,4.3134486038542974e-08,9.17020448465422e-09
P5_fd_fixed_space_x,P5,fd,fixed,space_x,completed,0.125,1024,1.25e-05,0.01,8.613334356866176e-08,1.8337496396347852e-08
P5_fd_minus_space_x,P5,fd,minus,space_x,completed,0.125,1024,1.25e-05,0.005,4.191762426053458e-08,9.038328183108568e-09
P5_fd_minus_space_x,P5,fd,minus,space_x,completed,0.125,1024,1.25e-05,0.01,8.367911602524813e-08,1.8069206172977026e-08
P5_fd_plus_space_x,P5,fd,plus,space_x,completed,0.125,1024,1.25e-05,0.005,4.191423158550478e-08,9.062613548493914e-09
P5_fd_plus_space_x,P5,fd,plus,space_x,completed,0.125,1024,1.25e-05,0.01,8.36899369804911e-08,1.8106809329676565e-08
P5_sd_fixed_space_x,P5,sd,fixed,space_x,completed,0.125,1024,1.25e-05,0.005,4.2578999404074835e-07,1.3260052691976831e-07
P5_sd_fixed_space_x,P5,sd,fixed,space_x,completed,0.125,1024,1.25e-05,0.01,8.572971011422403e-07,2.707173934191065e-07
P5_sd_minus_space_x,P5,sd,minus,space_x,completed,0.125,1024,1.25e-05,0.005,4.270003879924822e-07,1.3249220072453216e-07
P5_sd_minus_space_x,P5,sd,minus,space_x,completed,0.125,1024,1.25e-05,0.01,8.597236267893216e-07,2.710023752350299e-07
P6_fd_fixed_space_x,P6,fd,fixed,space_x,completed,0.125,1024,1.25e-05,0.005,1.5107154773819076e-05,6.952493725842501e-06
P6_fd_fixed_space_x,P6,fd,fixed,space_x,completed,0.125,1024,1.25e-05,0.01,4.128476312237339e-05,1.8318001017814112e-05
P5_sd_plus_space_x,P5,sd,plus,space_x,completed,0.125,1024,1.25e-05,0.005,4.2686513923584357e-07,1.3248693116196808e-07
P5_sd_plus_space_x,P5,sd,plus,space_x,completed,0.125,1024,1.25e-05,0.01,8.59442175316083e-07,2.706854669992653e-07
P6_fd_minus_space_x,P6,fd,minus,space_x,completed,0.125,1024,1.25e-05,0.005,9.282064312943206e-06,4.808618524698716e-06
P6_fd_minus_space_x,P6,fd,minus,space_x,completed,0.125,1024,1.25e-05,0.01,2.6114309857661056e-05,1.2159802611932946e-05
P6_fd_plus_space_x,P6,fd,plus,space_x,completed,0.125,1024,1.25e-05,0.005,7.874885382896935e-06,5.4174765160563965e-06
P6_fd_plus_space_x,P6,fd,plus,space_x,completed,0.125,1024,1.25e-05,0.01,1.9122942878979643e-05,1.1121308800432494e-05
P6_sd_fixed_space_x,P6,sd,fixed,space_x,completed,0.125,1024,1.25e-05,0.005,1.3757034683425928e-05,5.476058397624328e-06
P6_sd_fixed_space_x,P6,sd,fixed,space_x,completed,0.125,1024,1.25e-05,0.01,3.076962487336132e-05,1.1875915831960349e-05
P6_sd_minus_space_x,P6,sd,minus,space_x,completed,0.125,1024,1.25e-05,0.005,1.1372826944633374e-05,5.023661750813702e-06
P6_sd_minus_space_x,P6,sd,minus,space_x,completed,0.125,1024,1.25e-05,0.01,2.5016242418907098e-05,1.1306509649755547e-05
P6_sd_plus_space_x,P6,sd,plus,space_x,completed,0.125,1024,1.25e-05,0.005,1.4388637481488331e-05,5.509198822362116e-06
P6_sd_plus_space_x,P6,sd,plus,space_x,completed,0.125,1024,1.25e-05,0.01,2.925712547341419e-05,1.2370141522555222e-05
P7_fd_fixed_space_x,P7,fd,fixed,space_x,completed,0.125,1024,1.25e-05,0.005,8.866071505408968e-06,6.776450558132474e-06
P7_fd_fixed_space_x,P7,fd,fixed,space_x,completed,0.125,1024,1.25e-05,0.01,2.0180864356511563e-05,1.4223313785421965e-05
P7_fd_minus_space_x,P7,fd,minus,space_x,completed,0.125,1024,1.25e-05,0.005,8.128120631001323e-06,6.20180951305116e-06
P7_fd_minus_space_x,P7,fd,minus,space_x,completed,0.125,1024,1.25e-05,0.01,1.8308567862890257e-05,1.2923397425979033e-05
P7_fd_plus_space_x,P7,fd,plus,space_x,completed,0.125,1024,1.25e-05,0.005,8.061031858463963e-06,6.386507430788946e-06
P7_fd_plus_space_x,P7,fd,plus,space_x,completed,0.125,1024,1.25e-05,0.01,1.8068526225212267e-05,1.2862813724145994e-05
P7_sd_fixed_space_x,P7,sd,fixed,space_x,completed,0.125,1024,1.25e-05,0.005,2.145481884507916e-05,6.934945876224674e-06
P7_sd_fixed_space_x,P7,sd,fixed,space_x,completed,0.125,1024,1.25e-05,0.01,4.22483085666947e-05,1.4726422555288998e-05
P7_sd_minus_space_x,P7,sd,minus,space_x,completed,0.125,1024,1.25e-05,0.005,2.173127708715583e-05,7.081273075471017e-06
P7_sd_minus_space_x,P7,sd,minus,space_x,completed,0.125,1024,1.25e-05,0.01,4.324940924860243e-05,1.5010244456603594e-05
P10_fd_fixed_space_x,P10,fd,fixed,space_x,completed,0.125,1024,1.25e-05,0.005,0.0003869533153915139,0.002078017572361368
P10_fd_fixed_space_x,P10,fd,fixed,space_x,completed,0.125,1024,1.25e-05,0.01,0.0008958247900165972,0.004428505938508742
P7_sd_plus_space_x,P7,sd,plus,space_x,completed,0.125,1024,1.25e-05,0.005,2.2127835392238282e-05,7.121124042330784e-06
P7_sd_plus_space_x,P7,sd,plus,space_x,completed,0.125,1024,1.25e-05,0.01,4.411203585319434e-05,1.5103528438586977e-05
P10_sd_fixed_space_x,P10,sd,fixed,space_x,completed,0.125,1024,1.25e-05,0.005,0.0015923072869519217,0.0013510514691876807
P10_sd_fixed_space_x,P10,sd,fixed,space_x,completed,0.125,1024,1.25e-05,0.01,0.0033659265269341265,0.003622313931868071
P1_fd_fixed_space_y,P1,fd,fixed,space_y,completed,0.0625,512,1.25e-05,0.005,1.908626616953235e-05,5.613293087736171e-06
P1_fd_fixed_space_y,P1,fd,fixed,space_y,completed,0.0625,512,1.25e-05,0.01,4.0748098772080965e-05,1.2922489339595167e-05
P1_fd_minus_space_y,P1,fd,minus,space_y,completed,0.0625,512,1.25e-05,0.005,9.751243556843647e-06,3.2207290689978407e-06
P1_fd_minus_space_y,P1,fd,minus,space_y,completed,0.0625,512,1.25e-05,0.01,2.1689241047617713e-05,7.20368604739674e-06
P1_fd_plus_space_y,P1,fd,plus,space_y,completed,0.0625,512,1.25e-05,0.005,8.869310422765508e-06,3.484120800478774e-06
P1_fd_plus_space_y,P1,fd,plus,space_y,completed,0.0625,512,1.25e-05,0.01,1.7654238583908466e-05,6.959510238269129e-06
P1_sd_fixed_space_y,P1,sd,fixed,space_y,completed,0.0625,512,1.25e-05,0.005,1.7325741192841804e-05,6.32370266107074e-06
P1_sd_fixed_space_y,P1,sd,fixed,space_y,completed,0.0625,512,1.25e-05,0.01,3.71467775197587e-05,1.2267707266921946e-05
P2_fd_fixed_space_y,P2,fd,fixed,space_y,completed,0.0625,512,1.25e-05,0.005,0.0007009737285454953,0.0005870696518830432
P2_fd_fixed_space_y,P2,fd,fixed,space_y,completed,0.0625,512,1.25e-05,0.01,0.0023860011333547426,0.001674784133760765
P2_fd_minus_space_y,P2,fd,minus,space_y,completed,0.0625,512,1.25e-05,0.005,0.00046596375048713057,0.000304511307478883
P2_fd_minus_space_y,P2,fd,minus,space_y,completed,0.0625,512,1.25e-05,0.01,0.0017290767589148714,0.0008513714583473497
P1_sd_minus_space_y,P1,sd,minus,space_y,completed,0.0625,512,1.25e-05,0.005,8.072468113962117e-06,3.3233330742898914e-06
P1_sd_minus_space_y,P1,sd,minus,space_y,completed,0.0625,512,1.25e-05,0.01,1.802798750394352e-05,6.4985979449927456e-06
P1_sd_plus_space_y,P1,sd,plus,space_y,completed,0.0625,512,1.25e-05,0.005,7.313431593658493e-06,4.254589883290194e-06
P1_sd_plus_space_y,P1,sd,plus,space_y,completed,0.0625,512,1.25e-05,0.01,1.439248091772427e-05,7.80837895270059e-06
P2_fd_plus_space_y,P2,fd,plus,space_y,completed,0.0625,512,1.25e-05,0.005,0.00019008304003187426,0.00024684022959187146
P2_fd_plus_space_y,P2,fd,plus,space_y,completed,0.0625,512,1.25e-05,0.01,0.0003824925571418447,0.0005130421839179
P2_sd_fixed_space_y,P2,sd,fixed,space_y,completed,0.0625,512,1.25e-05,0.005,0.000650354768704009,0.000572925943772562
P2_sd_fixed_space_y,P2,sd,fixed,space_y,completed,0.0625,512,1.25e-05,0.01,0.0022601486164064433,0.0016298416029767449
P2_sd_minus_space_y,P2,sd,minus,space_y,completed,0.0625,512,1.25e-05,0.005,0.0004309680826510842,0.0002935649294970588
P2_sd_minus_space_y,P2,sd,minus,space_y,completed,0.0625,512,1.25e-05,0.01,0.0016481711434273016,0.0008313754988795719
P2_sd_plus_space_y,P2,sd,plus,space_y,completed,0.0625,512,1.25e-05,0.005,0.00020170007649578103,0.0002513251863573984
P2_sd_plus_space_y,P2,sd,plus,space_y,completed,0.0625,512,1.25e-05,0.01,0.00041537317295858855,0.0004692457875643541
P6_fd_fixed_space_y,P6,fd,fixed,space_y,completed,0.0625,512,1.25e-05,0.005,0.00014586916962389118,5.2662446523354944e-05
P6_fd_fixed_space_y,P6,fd,fixed,space_y,completed,0.0625,512,1.25e-05,0.01,0.00036096812413122237,0.00013941344202128558
P6_fd_minus_space_y,P6,fd,minus,space_y,completed,0.0625,512,1.25e-05,0.005,6.890873441212086e-05,2.7041746827105584e-05
P6_fd_minus_space_y,P6,fd,minus,space_y,completed,0.0625,512,1.25e-05,0.01,0.0001931376931552098,7.112520656515908e-05
P6_fd_plus_space_y,P6,fd,plus,space_y,completed,0.0625,512,1.25e-05,0.005,4.738914533852778e-05,2.665968220716408e-05
P6_fd_plus_space_y,P6,fd,plus,space_y,completed,0.0625,512,1.25e-05,0.01,9.299046093325103e-05,5.403650226110113e-05
P6_sd_fixed_space_y,P6,sd,fixed,space_y,completed,0.0625,512,1.25e-05,0.005,0.00014140914426885587,5.174211548042429e-05
P6_sd_fixed_space_y,P6,sd,fixed,space_y,completed,0.0625,512,1.25e-05,0.01,0.000350826282700778,0.00013780864194190556
P6_sd_minus_space_y,P6,sd,minus,space_y,completed,0.0625,512,1.25e-05,0.005,6.52125724112107e-05,2.6224390918372364e-05
P6_sd_minus_space_y,P6,sd,minus,space_y,completed,0.0625,512,1.25e-05,0.01,0.00018228034541056815,6.871902466953905e-05
P10_fd_fixed_space_y,P10,fd,fixed,space_y,completed,0.0625,512,1.25e-05,0.005,0.00014767127430115323,0.0006965351765426675
P10_fd_fixed_space_y,P10,fd,fixed,space_y,completed,0.0625,512,1.25e-05,0.01,0.00036955041940966993,0.0015519228383347183
P10_fd_minus_space_y,P10,fd,minus,space_y,completed,0.0625,512,1.25e-05,0.005,9.808454798387878e-05,0.0006781291734325734
P10_fd_minus_space_y,P10,fd,minus,space_y,completed,0.0625,512,1.25e-05,0.01,0.00023618211317932847,0.001508744614765689
P6_sd_plus_space_y,P6,sd,plus,space_y,completed,0.0625,512,1.25e-05,0.005,4.6026650643571365e-05,3.054941100799624e-05
P6_sd_plus_space_y,P6,sd,plus,space_y,completed,0.0625,512,1.25e-05,0.01,8.781570504634573e-05,5.5038935021567426e-05
P10_fd_plus_space_y,P10,fd,plus,space_y,completed,0.0625,512,1.25e-05,0.005,9.529193300439331e-05,0.0006168206816363764
P10_fd_plus_space_y,P10,fd,plus,space_y,completed,0.0625,512,1.25e-05,0.01,0.00022672140273272134,0.0012201517988810195
P10_sd_fixed_space_y,P10,sd,fixed,space_y,completed,0.0625,512,1.25e-05,0.005,0.0004336436235954366,0.0003734260339758322
P10_sd_fixed_space_y,P10,sd,fixed,space_y,completed,0.0625,512,1.25e-05,0.01,0.0009066987246992841,0.0006999254199131499
P10_sd_minus_space_y,P10,sd,minus,space_y,completed,0.0625,512,1.25e-05,0.005,0.0004002234832278795,0.00032578676780659066
P10_sd_minus_space_y,P10,sd,minus,space_y,completed,0.0625,512,1.25e-05,0.01,0.0008447798448163457,0.0008910718227124192
P10_sd_plus_space_y,P10,sd,plus,space_y,completed,0.0625,512,1.25e-05,0.005,0.0004077859888005353,0.0003308833484831908
P10_sd_plus_space_y,P10,sd,plus,space_y,completed,0.0625,512,1.25e-05,0.01,0.0008466037705456841,0.0008270164433659133
P1_fd_fixed_fine_half,P1,fd,fixed,fine_half,completed,0.125,1024,6.25e-06,0.005,2.943073341254987e-06,1.171492498175386e-06
P1_fd_fixed_fine_half,P1,fd,fixed,fine_half,completed,0.125,1024,6.25e-06,0.01,6.3249981274715594e-06,2.492471638637639e-06
P1_fd_minus_fine_half,P1,fd,minus,fine_half,completed,0.125,1024,6.25e-06,0.005,2.3100232280359734e-06,1.0159800591935664e-06
P1_fd_minus_fine_half,P1,fd,minus,fine_half,completed,0.125,1024,6.25e-06,0.01,5.000630941776052e-06,2.163768847818215e-06
P1_fd_plus_fine_half,P1,fd,plus,fine_half,completed,0.125,1024,6.25e-06,0.005,2.2509981829621495e-06,1.055843696529113e-06
P1_fd_plus_fine_half,P1,fd,plus,fine_half,completed,0.125,1024,6.25e-06,0.01,4.744798037137343e-06,2.1222316753943815e-06
P1_sd_fixed_fine_half,P1,sd,fixed,fine_half,completed,0.125,1024,6.25e-06,0.005,4.616981517546748e-06,1.8060997744040463e-06
P1_sd_fixed_fine_half,P1,sd,fixed,fine_half,completed,0.125,1024,6.25e-06,0.01,8.862779887985894e-06,3.7272569304303005e-06
P1_sd_minus_fine_half,P1,sd,minus,fine_half,completed,0.125,1024,6.25e-06,0.005,4.921699391591261e-06,1.7539225136697922e-06
P1_sd_minus_fine_half,P1,sd,minus,fine_half,completed,0.125,1024,6.25e-06,0.01,9.647464877193812e-06,3.6117231780319337e-06
P2_fd_fixed_fine_half,P2,fd,fixed,fine_half,completed,0.125,1024,6.25e-06,0.005,0.00011394530579389439,0.00010383277292569382
P2_fd_fixed_fine_half,P2,fd,fixed,fine_half,completed,0.125,1024,6.25e-06,0.01,0.00041757959081634155,0.00039802361666851915
P2_fd_minus_fine_half,P2,fd,minus,fine_half,completed,0.125,1024,6.25e-06,0.005,7.131225667578178e-05,7.300947077526487e-05
P2_fd_minus_fine_half,P2,fd,minus,fine_half,completed,0.125,1024,6.25e-06,0.01,0.0027298191374089953,0.006773011596195477
P1_sd_plus_fine_half,P1,sd,plus,fine_half,completed,0.125,1024,6.25e-06,0.005,5.1444919266785405e-06,1.8005014669197905e-06
P1_sd_plus_fine_half,P1,sd,plus,fine_half,completed,0.125,1024,6.25e-06,0.01,1.0113064708328068e-05,3.7173573295690154e-06
P2_fd_plus_fine_half,P2,fd,plus,fine_half,completed,0.125,1024,6.25e-06,0.005,6.0021358277317916e-05,6.756179557343422e-05
P2_fd_plus_fine_half,P2,fd,plus,fine_half,completed,0.125,1024,6.25e-06,0.01,0.0023982704349183592,0.0013711760460799471
P2_sd_fixed_fine_half,P2,sd,fixed,fine_half,completed,0.125,1024,6.25e-06,0.005,0.0001164764878578417,5.741939212566827e-05
P2_sd_fixed_fine_half,P2,sd,fixed,fine_half,completed,0.125,1024,6.25e-06,0.01,0.00035171878313544624,0.0001903228969177828
P2_sd_minus_fine_half,P2,sd,minus,fine_half,completed,0.125,1024,6.25e-06,0.005,0.00015532342023583112,5.1724430723876225e-05
P2_sd_minus_fine_half,P2,sd,minus,fine_half,completed,0.125,1024,6.25e-06,0.01,0.00395652077474562,0.008204927900694603
P2_sd_plus_fine_half,P2,sd,plus,fine_half,completed,0.125,1024,6.25e-06,0.005,0.0001616258655534608,5.182014644744548e-05
P2_sd_plus_fine_half,P2,sd,plus,fine_half,completed,0.125,1024,6.25e-06,0.01,0.0017180072828337778,0.002224606371687088
P6_fd_fixed_fine_half,P6,fd,fixed,fine_half,completed,0.125,1024,6.25e-06,0.005,1.5333786603566324e-05,6.874213565488674e-06
P6_fd_fixed_fine_half,P6,fd,fixed,fine_half,completed,0.125,1024,6.25e-06,0.01,4.204239750471572e-05,1.8940089036134644e-05
P6_fd_minus_fine_half,P6,fd,minus,fine_half,completed,0.125,1024,6.25e-06,0.005,9.544513763781737e-06,4.9868540987763055e-06
P6_fd_minus_fine_half,P6,fd,minus,fine_half,completed,0.125,1024,6.25e-06,0.01,2.68486179608729e-05,1.2569258030503683e-05
P6_fd_plus_fine_half,P6,fd,plus,fine_half,completed,0.125,1024,6.25e-06,0.005,7.983531539190736e-06,5.259039828398038e-06
P6_fd_plus_fine_half,P6,fd,plus,fine_half,completed,0.125,1024,6.25e-06,0.01,1.961147261386742e-05,1.0829642229426284e-05
P6_sd_fixed_fine_half,P6,sd,fixed,fine_half,completed,0.125,1024,6.25e-06,0.005,1.3339705715154082e-05,5.339355591660322e-06
P6_sd_fixed_fine_half,P6,sd,fixed,fine_half,completed,0.125,1024,6.25e-06,0.01,2.9996436412105254e-05,1.1707169132901818e-05
P6_sd_minus_fine_half,P6,sd,minus,fine_half,completed,0.125,1024,6.25e-06,0.005,1.111284413113367e-05,4.986326669564889e-06
P6_sd_minus_fine_half,P6,sd,minus,fine_half,completed,0.125,1024,6.25e-06,0.01,2.459722376335627e-05,1.125126361012363e-05
P10_fd_fixed_fine_half,P10,fd,fixed,fine_half,completed,0.125,1024,6.25e-06,0.005,0.0003869690854585439,0.0020782348959444974
P10_fd_fixed_fine_half,P10,fd,fixed,fine_half,completed,0.125,1024,6.25e-06,0.01,0.0008962400304755036,0.004429307495411372
P6_sd_plus_fine_half,P6,sd,plus,fine_half,completed,0.125,1024,6.25e-06,0.005,1.411329031619779e-05,5.451003761036688e-06
P6_sd_plus_fine_half,P6,sd,plus,fine_half,completed,0.125,1024,6.25e-06,0.01,2.864907983224363e-05,1.2279634179934718e-05
P10_fd_minus_fine_half,P10,fd,minus,fine_half,failed,0.125,1024,6.25e-06,0.005,0.0003848100335199778,0.0020746421426638406
P10_fd_plus_fine_half,P10,fd,plus,fine_half,failed,0.125,1024,6.25e-06,0.005,0.00038384686577752625,0.002067269006408523
P10_sd_minus_fine_half,P10,sd,minus,fine_half,failed,0.125,1024,6.25e-06,0.005,0.0015906739108548784,0.0013620161160909916
P10_sd_fixed_fine_half,P10,sd,fixed,fine_half,completed,0.125,1024,6.25e-06,0.005,0.0015923238119657235,0.0013516209853463579
P10_sd_fixed_fine_half,P10,sd,fixed,fine_half,completed,0.125,1024,6.25e-06,0.01,0.0033660162113415826,0.0036252225747963607
P10_sd_plus_fine_half,P10,sd,plus,fine_half,failed,0.125,1024,6.25e-06,0.005,0.0015909560616842455,0.001373879996851457
P6_fd_fixed_fine_quarter,P6,fd,fixed,fine_quarter,completed,0.125,1024,3.125e-06,0.005,1.54544480612806e-05,7.01027056893011e-06
P6_fd_fixed_fine_quarter,P6,fd,fixed,fine_quarter,completed,0.125,1024,3.125e-06,0.01,4.242152780609132e-05,1.92513214511969e-05
P6_fd_minus_fine_quarter,P6,fd,minus,fine_quarter,completed,0.125,1024,3.125e-06,0.005,9.675759606642131e-06,5.075997760783935e-06
P6_fd_minus_fine_quarter,P6,fd,minus,fine_quarter,completed,0.125,1024,3.125e-06,0.01,2.721584846687719e-05,1.2774114565683448e-05
P6_fd_plus_fine_quarter,P6,fd,plus,fine_quarter,completed,0.125,1024,3.125e-06,0.005,8.046489409663238e-06,5.179839681623832e-06
P6_fd_plus_fine_quarter,P6,fd,plus,fine_quarter,completed,0.125,1024,3.125e-06,0.01,1.9855608814678405e-05,1.0688795409108387e-05
P6_sd_fixed_fine_quarter,P6,sd,fixed,fine_quarter,completed,0.125,1024,3.125e-06,0.005,1.313169773142775e-05,5.2759684324721334e-06
P6_sd_fixed_fine_quarter,P6,sd,fixed,fine_quarter,completed,0.125,1024,3.125e-06,0.01,2.9609818338993676e-05,1.1622823683610228e-05
P5_fd_fixed_main_quarter,P5,fd,fixed,main_quarter,completed,0.125,512,3.125e-06,0.005,1.3864872272506545e-07,1.801570539972097e-08
P5_fd_fixed_main_quarter,P5,fd,fixed,main_quarter,completed,0.125,512,3.125e-06,0.01,2.7710373223799323e-07,3.6166886721589186e-08
P5_fd_minus_main_quarter,P5,fd,minus,main_quarter,completed,0.125,512,3.125e-06,0.005,1.1945542299773848e-07,1.6467433069933257e-08
P5_fd_minus_main_quarter,P5,fd,minus,main_quarter,completed,0.125,512,3.125e-06,0.01,2.388301219569122e-07,3.296377472372658e-08
P6_sd_minus_fine_quarter,P6,sd,minus,fine_quarter,completed,0.125,1024,3.125e-06,0.005,1.0982833365646982e-05,4.9676780149443545e-06
P6_sd_minus_fine_quarter,P6,sd,minus,fine_quarter,completed,0.125,1024,3.125e-06,0.01,2.4388531361552168e-05,1.1224332649106827e-05
P6_sd_plus_fine_quarter,P6,sd,plus,fine_quarter,completed,0.125,1024,3.125e-06,0.005,1.397559973970175e-05,5.421951817963233e-06
P6_sd_plus_fine_quarter,P6,sd,plus,fine_quarter,completed,0.125,1024,3.125e-06,0.01,2.8343914536099746e-05,1.2234276912215236e-05
P5_fd_plus_main_quarter,P5,fd,plus,main_quarter,completed,0.125,512,3.125e-06,0.005,1.193866691062695e-07,1.671799632063653e-08
P5_fd_plus_main_quarter,P5,fd,plus,main_quarter,completed,0.125,512,3.125e-06,0.01,2.3848054414576936e-07,3.343909311948057e-08
P5_sd_fixed_main_quarter,P5,sd,fixed,main_quarter,completed,0.125,512,3.125e-06,0.005,3.4987685337828367e-07,1.3889176940506953e-07
P5_sd_fixed_main_quarter,P5,sd,fixed,main_quarter,completed,0.125,512,3.125e-06,0.01,7.089514164615451e-07,2.7923246605221497e-07
P5_sd_minus_main_quarter,P5,sd,minus,main_quarter,completed,0.125,512,3.125e-06,0.005,3.610549509369676e-07,1.375147507393093e-07
P5_sd_minus_main_quarter,P5,sd,minus,main_quarter,completed,0.125,512,3.125e-06,0.01,7.306431410447622e-07,2.76874906376956e-07
P2_fd_plus_fine_seed,P2,fd,plus,fine_seed,completed,0.125,1024,6.25e-06,0.005,6.021649130705242e-05,6.756155657106078e-05
P2_fd_plus_fine_seed,P2,fd,plus,fine_seed,completed,0.125,1024,6.25e-06,0.01,0.04997915816002374,0.03923844322501835
P5_sd_plus_main_quarter,P5,sd,plus,main_quarter,completed,0.125,512,3.125e-06,0.005,3.567776437063408e-07,1.3738670077978465e-07
P5_sd_plus_main_quarter,P5,sd,plus,main_quarter,completed,0.125,512,3.125e-06,0.01,7.218943386400056e-07,2.7645569126988345e-07
P10_fd_plus_fine_seed,P10,fd,plus,fine_seed,failed,0.125,1024,6.25e-06,0.005,0.030920085146015186,0.020828383879986312
P2_sd_plus_fine_seed,P2,sd,plus,fine_seed,completed,0.125,1024,6.25e-06,0.005,0.00016139416579319388,5.18189602798369e-05
P2_sd_plus_fine_seed,P2,sd,plus,fine_seed,completed,0.125,1024,6.25e-06,0.01,0.05338556989299592,0.04159075372592569
P10_sd_plus_fine_seed,P10,sd,plus,fine_seed,failed,0.125,1024,6.25e-06,0.005,0.03266259790932535,0.022000070035276487
