case,model,mesh,t,moving_u,moving_v,frozen_u,frozen_v,ratio_u,ratio_v,displacement
A,FD,minus,0.001,4.501295563374974e-05,4.343072399670689e-05,4.4930191068104364e-05,4.339566281008622e-05,1.0018420701910642,1.000807942184778,0.00023880390231567628
A,FD,minus,0.002,4.7594893426428087e-05,8.382149796326566e-05,4.7496605667163294e-05,8.372311978654956e-05,1.0020693638605156,1.0011750419354524,0.0004778225827214988
A,FD,minus,0.005,0.00018388773318789298,0.0002841137305413799,0.00018365781710083517,0.0002839021962064425,1.0012518720449104,1.0007450958032869,0.001196214867129175
A,FD,minus,0.01,0.0020795423834747417,0.0027695687245670175,0.0021092643392259802,0.0028043072714454276,0.9859088521061589,0.9876124320497501,0.0023979983084833623
A,FD,plus,0.001,1.3106421511643873e-05,2.8074137985889536e-05,1.3076192357130978e-05,2.8063302240921573e-05,1.0023117704058866,1.0003861179584261,7.767348094595006e-05
A,FD,plus,0.002,2.5955407385591656e-05,5.869193866137046e-05,2.5949241806655365e-05,5.867994603825366e-05,1.0002376015061338,1.0002043734516897,0.00015497377537210255
A,FD,plus,0.005,0.0002879181857884383,0.00043272546120975974,0.00029010059915202113,0.0004350651042366316,0.9924770463419857,0.9946223151337844,0.0003831184213551331
A,FD,plus,0.01,0.019533097214656125,0.024868843449505906,0.020140080287763817,0.02565494543222613,0.9698619337939548,0.969358656996683,0.0009836208107395494
A,FD,zero,0.001,2.500076423905817e-05,3.328225263010687e-05,2.494905715266782e-05,3.3265261084602926e-05,1.0020725066311704,1.0005107894827798,0.00013870669546595105
A,FD,zero,0.002,3.0210542767195037e-05,6.564743547166074e-05,3.0160054135697223e-05,6.559594449528916e-05,1.001674023238508,1.000784971948613,0.00027776614050673
A,FD,zero,0.005,0.00018140086266704714,0.0003006346793539283,0.00018219443535416602,0.00030138216922681593,0.9956443637503184,0.9975197939718686,0.0006977242676305395
A,FD,zero,0.01,0.004695862118646366,0.006999849797540314,0.004815424828738868,0.007170064340662696,0.975170890555919,0.976260388326355,0.0014355524129476271
A,SD,minus,0.001,6.719728517756707e-05,2.8466227555146162e-05,6.711987403029696e-05,2.8433703470609473e-05,1.0011533267663042,1.0011438567814532,0.00023982342481443375
A,SD,minus,0.002,9.113518732117853e-05,5.3962248509842325e-05,9.102719535047932e-05,5.388198861289162e-05,1.0011863704059365,1.0014895496438954,0.00047983795105677185
A,SD,minus,0.005,0.00021696088583356143,0.00021161826734483746,0.0002169819047812549,0.00021206782315519312,0.9999031304121205,0.9978801319140873,0.0012010552894969329
A,SD,minus,0.01,0.0016340837910489014,0.0020199882481615195,0.0016968113158886133,0.002079898523787538,0.9630321154436303,0.9711955776011031,0.002407333928445332
A,SD,plus,0.001,3.837982924448369e-05,2.0275485513199243e-05,3.835367103843801e-05,2.0277097288801116e-05,1.0006820261356328,0.9999205125083281,7.845689851465609e-05
A,SD,plus,0.002,7.354008046345228e-05,3.8671527218925306e-05,7.352083042233559e-05,3.8679116514561684e-05,1.0002618311165163,0.9998037882888684,0.00015676512464729564
A,SD,plus,0.005,0.00041719633503278786,0.0002621170945245055,0.0004192598468117925,0.00026403778581629567,0.995078203184263,0.9927256953551091,0.0003926635635555509
A,SD,plus,0.01,0.021262568092789813,0.017221804409926378,0.021628111505593406,0.017533605744763037,0.9830986902065372,0.9822169301981831,0.0009389655535570474
A,SD,zero,0.001,4.8154584188386806e-05,1.9597308744012665e-05,4.810740772009936e-05,1.9598615341287484e-05,1.0009806487300652,0.9999333321639275,0.00013869293660179194
A,SD,zero,0.002,7.688034346675643e-05,3.779111840995775e-05,7.682142334020092e-05,3.776115389730883e-05,1.0007669752003236,1.000793527462916,0.0002776078512835567
A,SD,zero,0.005,0.0002740123302884534,0.000180599131287984,0.0002751899536563851,0.0001810950304128589,0.9957206891011648,0.9972616635379538,0.0006950217422213023
A,SD,zero,0.01,0.004412927740879535,0.003875950716989429,0.004529371767669765,0.003977444695155707,0.9742913514802656,0.9744826173724321,0.0013661474410824326
B,FD,minus,0.001,2.0847589282668721e-07,2.10286759505518e-07,2.0854029436634391e-07,2.1024512536493845e-07,0.9996911793960377,1.0001980266629598,0.0001599107067718201
B,FD,minus,0.002,4.169983746082906e-07,3.991546249637601e-07,4.170550224613656e-07,3.991171128037152e-07,0.9998641717518694,1.0000939878517896,0.00031981111242479867
B,FD,minus,0.005,1.7901247821305866e-06,1.4046788675559085e-06,1.7946959858239353e-06,1.4074814272402314e-06,0.9974529370269639,0.9980088123153298,0.0007993368812354449
B,FD,minus,0.01,2.24870052430437e-05,1.5883515011305693e-05,2.278754473933331e-05,1.6093029308994478e-05,0.986811238344127,0.9869810528728928,0.0015972792721737905
B,FD,plus,0.001,2.0861696042873135e-07,2.0574571729659041e-07,2.0866713851264151e-07,2.0570751718684832e-07,0.9997595304930722,1.000185701087955,0.00011378210624629626
B,FD,plus,0.002,4.1729264493861606e-07,3.952448896504812e-07,4.173954676889302e-07,3.951822435399599e-07,0.9997536562845699,1.0001585246086973,0.0002283854072176461
B,FD,plus,0.005,1.9676720027228534e-06,1.5069364561748344e-06,1.9734703577412027e-06,1.5105508793245015e-06,0.9970618484358762,0.9976072152225132,0.0005770776689581203
B,FD,plus,0.01,2.8494193986761118e-05,2.0602482002529676e-05,2.8893777358318662e-05,2.0890319500532772e-05,0.9861706080654594,0.9862214889534956,0.0011746162718896946
B,FD,zero,0.001,2.0843070031029143e-07,2.080628732081813e-07,2.0849776843911982e-07,2.0802739847392004e-07,0.9996783268745248,1.000170529144341,0.00013508765646785825
B,FD,zero,0.002,4.171254547324921e-07,3.9732867501696134e-07,4.172586673956147e-07,3.9727917344745123e-07,0.9996807432091128,1.000124601471254,0.00027058569510345076
B,FD,zero,0.005,1.874406267976525e-06,1.4527332122260539e-06,1.8797966926942244e-06,1.4556381738861646e-06,0.997132442705826,0.9980043380888018,0.0006794662982520239
B,FD,zero,0.01,2.5296311255140758e-05,1.807849326251887e-05,2.5641440865253884e-05,1.8323070801851138e-05,0.9865401631707521,0.9866519350398646,0.001368590293003999
B,SD,minus,0.001,6.818882751224997e-07,3.691563009167176e-07,6.818555624010791e-07,3.6917272888681296e-07,1.0000479760278047,0.9999555005860132,0.00015993823614157278
B,SD,minus,0.002,1.3598767288902636e-06,7.765650639757204e-07,1.359823502966595e-06,7.764960636702511e-07,1.0000391417882928,1.0000888611143026,0.0003198643420712305
B,SD,minus,0.005,4.854922675656681e-06,3.0940706619575487e-06,4.862502489322296e-06,3.088350427782327e-06,0.9984411702241265,1.0018521972518932,0.0007994580047814669
B,SD,minus,0.01,4.9364409604291115e-05,3.46682005525345e-05,4.999436489389053e-05,3.513078516420576e-05,0.9873994741020022,0.986832500056316,0.0015974683371344548
B,SD,plus,0.001,6.824627220014534e-07,3.7005041814142103e-07,6.824407974836966e-07,3.7005513309207316e-07,1.0000321266223204,0.9999872587886763,0.00011375849372138869
B,SD,plus,0.002,1.3612755835890056e-06,7.730675771200346e-07,1.361229724938795e-06,7.730465050315161e-07,1.0000336891337078,1.0000272585004673,0.00022833551820944376
B,SD,plus,0.005,5.154568891885258e-06,2.9714701256233766e-06,5.163854753020836e-06,2.9689966253854116e-06,0.9982017578766821,1.000833109817915,0.0005769072554129284
B,SD,plus,0.01,6.155061380869187e-05,4.3721233468796417e-05,6.235379663382945e-05,4.4316447595116326e-05,0.9871189427348868,0.9865690018352125,0.00117309186410966
B,SD,zero,0.001,6.82179089495083e-07,3.6962532773410217e-07,6.821520215360977e-07,3.696356816185187e-07,1.0000396802444775,0.9999719889476818,0.00013508824343937131
B,SD,zero,0.002,1.3605589661014328e-06,7.743502615786824e-07,1.3605035448782665e-06,7.742954135081526e-07,1.0000407358168046,1.0000708361041186,0.00027058496353161987
B,SD,zero,0.005,4.994912682854125e-06,3.0321293991719678e-06,5.0038196877100205e-06,3.0280902999502146e-06,0.998219958869067,1.001333876741331,0.0006794425156458755
B,SD,zero,0.01,5.5016342924818495e-05,3.884853604746441e-05,5.572269601866742e-05,3.9369577482240015e-05,0.9873237810745501,0.9867653790541528,0.0013681147895719392
C,FD,minus,0.001,2.7732205420960554e-07,2.931912116421742e-07,2.775596006365788e-07,2.930840715675842e-07,0.9991441606544019,1.0003655608918525,0.00025295315993840994
C,FD,minus,0.002,5.55103556509895e-07,5.458516967316029e-07,5.555574225102333e-07,5.457261469388186e-07,0.9991830439447869,1.0002300600649037,0.0005063377273011455
C,FD,minus,0.005,2.569302091526282e-06,1.9066505625442431e-06,2.580577322663924e-06,1.913214147886144e-06,0.9956307330772005,0.9965693409965879,0.0012687588032192082
C,FD,minus,0.01,3.317001262898023e-05,2.1862911693038e-05,3.392623717873855e-05,2.2354349831332776e-05,0.9777097428820593,0.9780159950075598,0.002546472319742105
C,FD,plus,0.001,2.7707520666719887e-07,2.8263165896547093e-07,2.7715679268291993e-07,2.825289496799499e-07,0.9997056322707039,1.0003635354381821,0.0001640657237213794
C,FD,plus,0.002,5.542754977216902e-07,5.364427346776779e-07,5.544403379742491e-07,5.363801920399425e-07,0.9997026907292474,1.0001166013187355,0.00032988199877936886
C,FD,plus,0.005,2.9016101811274453e-06,2.0854000983838716e-06,2.9154081201965276e-06,2.0934598573552066e-06,0.9952672358379271,0.9961500293674046,0.00083769097267547
C,FD,plus,0.01,4.487196390795534e-05,2.9987001508913202e-05,4.591410860355083e-05,3.065338972541021e-05,0.9773022992868275,0.9782605374979264,0.0017182225673045004
C,FD,zero,0.001,2.776508578605785e-07,2.87855790426228e-07,2.7780358324847043e-07,2.8774563720634916e-07,0.9994502396761553,1.0003828145613198,0.00020587052668780137
C,FD,zero,0.002,5.552606737735388e-07,5.408935311868035e-07,5.555574246751682e-07,5.407370918808496e-07,0.9994658501741689,1.0002893075180208,0.00041280305604518563
C,FD,zero,0.005,2.7282852625432064e-06,1.987775237966005e-06,2.7413849546520375e-06,1.9956462831149935e-06,0.9952215057988841,0.9960558916599677,0.0010397470179212553
C,FD,zero,0.01,3.853024383693171e-05,2.5545148621075597e-05,3.93986425789028e-05,2.611511013361767e-05,0.9779586634176047,0.9781750293364313,0.002103981673587635
C,SD,minus,0.001,8.583818961183098e-07,4.765921879923418e-07,8.582994032724223e-07,4.766411838552642e-07,1.0000961119692884,0.9998972059809728,0.00025299893125095563
C,SD,minus,0.002,1.773123269765975e-06,9.603188466655865e-07,1.7731722353198087e-06,9.603093881205282e-07,0.9999723853369354,1.00000984947682,0.0005064268356331503
C,SD,minus,0.005,6.372105614771417e-06,3.591463520358218e-06,6.388243768862267e-06,3.5819398424008497e-06,0.9974737729687914,1.0026588045518332,0.0012689659955198024
C,SD,minus,0.01,6.511738303538461e-05,4.235991095369318e-05,6.650799936813723e-05,4.331111851396674e-05,0.979090991369997,0.9780377973852876,0.0025468454339506686
C,SD,plus,0.001,8.612191265133795e-07,4.797386053412289e-07,8.612523290096874e-07,4.797609599038744e-07,0.9999614485845907,0.9999534047900648,0.00016403464779152221
C,SD,plus,0.002,1.7874106515436416e-06,9.595177021259893e-07,1.787575288958454e-06,9.595004061835333e-07,0.9999078990318174,1.0000180259876332,0.00032981563648257217
C,SD,plus,0.005,6.84224623348495e-06,3.465643594546819e-06,6.860511784223533e-06,3.4624918521242165e-06,0.9973375819016029,1.0009102526611489,0.000837453555228157
C,SD,plus,0.01,8.534633553469728e-05,5.582648961854897e-05,8.706525452678582e-05,5.700253444429482e-05,0.980257118624058,0.9793685519914009,0.0017159114640276918
C,SD,zero,0.001,8.596814602968017e-07,4.779735124360585e-07,8.596999139798278e-07,4.78023279903983e-07,0.9999785347390107,0.9998958890288052,0.000205876460152854
C,SD,zero,0.002,1.780437342557839e-06,9.600092411576888e-07,1.7805808208981588e-06,9.600131031795023e-07,0.9999194204842399,0.9999959771155199,0.00041281182994451493
C,SD,zero,0.005,6.587538210367505e-06,3.525809916749001e-06,6.605769269973916e-06,3.5202289078717364e-06,0.997240130730984,1.0015854107853,0.0010397313505772499
C,SD,zero,0.01,7.428894508848538e-05,4.843958028544204e-05,7.582390425614483e-05,4.9489597630625326e-05,0.9797562631109826,0.9787830696660684,0.002103226812210479
D,FD,minus,0.001,4.693363037411302e-05,5.166420424229656e-05,4.690145992580774e-05,5.1643332603656944e-05,1.0006859157125636,1.0004041497244145,0.00010116416069760881
D,FD,minus,0.002,4.1957922936264325e-05,9.89141906759805e-05,4.190252240143799e-05,9.885149927946202e-05,1.001322128875574,1.0006341977306916,0.0002020757871131762
D,FD,minus,0.005,0.00011166491076108898,0.00032015849992017564,0.00011162134431796922,0.0003198968715389938,1.0003903056658738,1.0008178522657103,0.0005033998310962629
D,FD,minus,0.01,0.0011086543642491176,0.002720161959189671,0.0011132986180728555,0.0027292679685704258,0.9958283844528818,0.9966635707868859,0.0010013773755638833
D,FD,plus,0.001,1.6662672516876142e-05,3.386548361694608e-05,1.66328003181615e-05,3.38534486323816e-05,1.0017959813226414,1.000355502468749,0.0001521975701836431
D,FD,plus,0.002,1.8196483630106286e-05,6.850211810460749e-05,1.820613564018636e-05,6.84738936516105e-05,0.9994698485021297,1.0004121929028982,0.0003048937962154552
D,FD,plus,0.005,0.0001291205571116727,0.00039380203531802493,0.00012994791921205895,0.0003951266143271681,0.9936331254443859,0.9966477099716538,0.0007654001752919193
D,FD,plus,0.01,0.005967257442545337,0.012538422250457426,0.006085678821244445,0.012797846563245674,0.9805409746098149,0.9797290652371711,0.0015172207009048755
D,FD,zero,0.001,2.7917589238812823e-05,4.0235097748198e-05,2.7886089912332324e-05,4.022176183537951e-05,1.0011295712873165,1.0003315596386124,9.544411426770649e-05
D,FD,zero,0.002,2.219032421857392e-05,7.836126783944408e-05,2.2122791587531054e-05,7.831945273517604e-05,1.0030526270057585,1.000533904449121,0.00019092610630272455
D,FD,zero,0.005,9.016174918641262e-05,0.0003136520521205277,9.038641745817699e-05,0.0003139501924667165,0.9975143580409266,0.9990503578168043,0.00047741236271653387
D,FD,zero,0.01,0.002022386352620309,0.005087856577367322,0.0020499097821347068,0.005144370275329546,0.9865733459324557,0.9890144575647593,0.0009507150088099436
D,SD,minus,0.001,6.373509479207229e-05,3.4774448020247206e-05,6.370390672172377e-05,3.4752274874705336e-05,1.0004895786138321,1.0006380343624068,0.00010205362720494549
D,SD,minus,0.002,8.409780912210785e-05,6.4933461576544e-05,8.405540953915214e-05,6.486991215659543e-05,1.000504424202894,1.0009796439957428,0.00020385545651674386
D,SD,minus,0.005,0.00021751619680654422,0.00024087547203643922,0.00021764725738493418,0.0002408769091908347,0.9993978303243299,0.9999940336564417,0.0005078017363535081
D,SD,minus,0.01,0.0009058399815280449,0.0018238353708039945,0.000913792144283665,0.001842811278026879,0.991297624076366,0.9897027398035015,0.0010099063960415378
D,SD,plus,0.001,3.930479612623827e-05,2.286544508978139e-05,3.930724745826453e-05,2.2870115934381374e-05,0.9999376366399388,0.9997957664660124,0.00015304086142181594
D,SD,plus,0.002,7.923151635891301e-05,4.352158858234034e-05,7.922070481369836e-05,4.353800365564098e-05,1.0001364737317104,0.9996229713831055,0.0003067349443698908
D,SD,plus,0.005,0.0002928771453862833,0.00022705011767065741,0.00029375277137488887,0.0002275884969940023,0.9970191736932139,0.9976344176860614,0.0007726859282378706
D,SD,plus,0.01,0.0076020997894117315,0.008927365577268365,0.007705462021592169,0.009064131517487084,0.9865858488574992,0.984911302317838,0.0016133571835454386
D,SD,zero,0.001,4.542143706087742e-05,2.255422464880752e-05,4.539031968864293e-05,2.2540252546665585e-05,1.0006855508497834,1.0006198733626879,9.585707015413725e-05
D,SD,zero,0.002,7.840164719974396e-05,4.284843543267414e-05,7.838020695905001e-05,4.2815913510185766e-05,1.0002735415167396,1.0007595755835184,0.00019179770628963144
D,SD,zero,0.005,0.00022175614066455296,0.00019769385269041706,0.00022209912044002245,0.00019790635311300875,0.9984557355527118,0.9989262577009322,0.00048028812673500676
D,SD,zero,0.01,0.0018422462276475038,0.0028344613619544212,0.001867079220276846,0.0028698293116393714,0.9866995506352109,0.9876759396311461,0.0009690416297486459
E,FD,minus,0.001,4.2882055892312643e-10,1.3722087355283463e-10,4.288207566816027e-10,1.3722084579725902e-10,0.9999995388318471,1.0000002022693815,6.631406158918995e-08
E,FD,minus,0.002,8.956334181242642e-10,3.514941740445643e-10,8.956333452658782e-10,3.5149413935009477e-10,1.0000000813484518,1.0000000987056843,1.3260375052170925e-07
E,FD,minus,0.005,3.4609322525913644e-09,2.244141678042766e-09,3.460929237641963e-09,2.244138916362992e-09,1.0000008711387012,1.0000012306189041,3.313260359197323e-07
E,FD,minus,0.01,3.990134383666244e-08,3.133779598318842e-08,3.990112025856196e-08,3.133761317108963e-08,1.000005603303843,1.0000058336318658,6.62047346063066e-07
E,FD,plus,0.001,4.2882395204224544e-10,1.3721528080434808e-10,4.2882380632547346e-10,1.3721528080434808e-10,1.000000339805696,1.0,4.964661641515544e-08
E,FD,plus,0.002,8.956502831058977e-10,3.5152557253947947e-10,8.956502518808751e-10,3.5152551008943433e-10,1.000000034862964,1.0000001776543759,9.925464159593611e-08
E,FD,plus,0.005,3.4616312594160092e-09,2.244764693570822e-09,3.461629469181382e-09,2.244762972725134e-09,1.0000005171652955,1.00000076660463,2.478476338677038e-07
E,FD,plus,0.01,3.992906297267673e-08,3.13596972417729e-08,3.99289072396114e-08,3.135957024613667e-08,1.0000039002586372,1.0000040496612432,4.948943012686446e-07
E,FD,zero,0.001,4.2882291814705376e-10,1.3721847963443778e-10,4.288228938609251e-10,1.372184935122256e-10,1.0000000566344032,0.9999998988635755,5.797498503490317e-08
E,FD,zero,0.002,8.956424074613167e-10,3.515093147110626e-10,8.956423935835289e-10,3.515092453221236e-10,1.0000000154947866,1.0000001974028847,1.1591847713654513e-07
E,FD,zero,0.005,3.4612846339099335e-09,2.244453969901805e-09,3.4612820942747646e-09,2.2444516523112412e-09,1.0000007337267232,1.0000010325865392,2.895599526125947e-07
E,FD,zero,0.01,3.991526007635082e-08,3.1348768927963455e-08,3.991506853165405e-08,3.1348614218384974e-08,1.0000047988066616,1.0000049351329345,5.78416701070561e-07
E,SD,minus,0.001,9.784150132446934e-09,5.540038622298127e-09,9.78415077429462e-09,5.540038691687066e-09,0.9999999343992442,0.9999999874750082,6.632043891147132e-08
E,SD,minus,0.002,2.1886975076074178e-08,1.2631247839345328e-08,2.188697692875885e-08,1.2631248942629458e-08,0.9999999153521897,0.999999912654391,1.3261252653634648e-07
E,SD,minus,0.005,9.308423512197073e-08,5.758080499213003e-08,9.308433554511275e-08,5.758087038426618e-08,0.9999989211595975,0.9999988643426938,3.3131522828022675e-07
E,SD,minus,0.01,1.1080104210317576e-06,6.923110678139222e-07,1.1080041010524955e-06,6.923071019654392e-07,1.0000057039312906,1.0000057284526935,6.614542168437154e-07
E,SD,plus,0.001,9.78399806658703e-09,5.539942123100605e-09,9.783997868828553e-09,5.5399421716728625e-09,1.0000000202124406,0.9999999912323531,4.970350083594033e-08
E,SD,plus,0.002,2.1885979563374125e-08,1.2630601654850526e-08,2.1885981155850276e-08,1.2630602501395582e-08,0.9999999272376167,0.9999999329766687,9.938721777513759e-08
E,SD,plus,0.005,9.306407326020727e-08,5.756722781108392e-08,9.306415257523404e-08,5.756727980421594e-08,0.9999991477381508,0.9999990968284033,2.484171849892469e-07
E,SD,plus,0.01,1.1087703704684704e-06,6.927954511390388e-07,1.1087668277919016e-06,6.927932094322187e-07,1.0000031951502155,1.0000032357517217,4.963868712321018e-07
E,SD,zero,0.001,9.784073742163946e-09,5.539990591274524e-09,9.784073887880718e-09,5.5399906259689935e-09,0.9999999851067384,0.9999999937374497,5.80066151084635e-08
E,SD,zero,0.002,2.1886476329197047e-08,1.2630925090573175e-08,2.18864782026984e-08,1.2630926034262746e-08,0.9999999143991402,0.9999999252873805,1.1598916924843161e-07
E,SD,zero,0.005,9.307414080422793e-08,5.7574013376249233e-08,9.307423034371487e-08,5.757407195439157e-08,0.9999990379776807,0.9999989825603722,2.898396695705241e-07
E,SD,zero,0.01,1.1083906548900457e-06,6.925530774554156e-07,1.1083857259994168e-06,6.925499713081318e-07,1.000004446909152,1.0000044850875929,5.785123381382706e-07
A,FD,mass,0.001,0.0025040636223653823,0.005373456397959442,0.0025752177986985147,0.005522387153162167,0.972369647192912,0.9730314534145897,0.0006193115917923972
A,FD,mass,0.002,0.0035091997939006928,0.00593173711345113,0.0036432102472905292,0.006222223862143272,0.9632163821757197,0.9533146419788112,0.0012389532508914544
A,FD,mass,0.005,0.006592757745483957,0.007480351408985952,0.00683626060632523,0.008161148144196939,0.9643806936476393,0.9165807649631904,0.0031092628517926995
A,FD,mass,0.01,0.5368366314436179,0.651166298360017,0.6918189212276382,0.8459744274404013,0.7759785327799318,0.7697233831644297,0.011373733092949756
A,FD,strong,0.001,2.7918101372773063e-05,2.927439012645472e-05,2.7915613011422757e-05,2.9255283776175034e-05,1.0000891386963018,1.0006530905810336,0.0003188407719265096
A,FD,strong,0.002,3.280340533740045e-05,6.127934886546171e-05,3.272965250733506e-05,6.123362973808888e-05,1.0022533948397057,1.0007466342852511,0.0006383067074780535
A,FD,strong,0.005,0.00035381039863002783,0.0004457735478393676,0.0003582228288088185,0.00045142891477634173,0.9876824428150961,0.9874722979590795,0.0016028564974635007
A,FD,strong,0.01,0.0260438437064483,0.028622730527194884,0.02797924056101264,0.03091312255486156,0.9308273986084812,0.925908745594952,0.003464629517495932
A,SD,mass,0.001,0.002502214023138119,0.005816279448026929,0.002572781150844382,0.005987634582361512,0.9725716555086301,0.9713818316770091,0.0006223849654752329
A,SD,mass,0.002,0.0035060146678345325,0.006779261397867442,0.0036386910980880094,0.007108133094024416,0.9635373196908105,0.9537330418822003,0.0012446781485094035
A,SD,mass,0.005,0.00659427183115735,0.009346328483063715,0.0068308669664278385,0.010074237507028738,0.9653638203710745,0.9277454970207755,0.003100187829736082
A,SD,strong,0.001,3.820140705745878e-05,2.3593110969638564e-05,3.815237350734968e-05,2.3590796721720264e-05,1.0012852031368287,1.0000980996083175,0.00031960049159518444
A,SD,strong,0.002,7.28628336368331e-05,3.627055378352395e-05,7.286318666510638e-05,3.62392598507455e-05,0.9999951549158164,1.0008635367528846,0.0006395447342294469
A,SD,strong,0.005,0.00042899589590361664,0.00032073352804329325,0.00043718151205318634,0.0003256062702039486,0.981276389957282,0.9850348638630232,0.001598674087244234
A,SD,strong,0.01,0.033315318788635695,0.031124979857254154,0.03570536828468707,0.033383716731559376,0.9330619004684405,0.93234016174808,0.0029354532253833
B,FD,mass,0.001,2.047114573411335e-07,2.5906868222902446e-07,2.0471810147082437e-07,2.621159128635142e-07,0.9999675449818891,0.9883744920283551,0.0013335194197415618
B,FD,mass,0.002,4.096400196273997e-07,3.905639012202755e-07,4.0941001128169674e-07,3.903241598268714e-07,1.0005618043999045,1.0006142110022358,0.002668008838399992
B,FD,mass,0.005,1.8905366078181274e-06,1.457070768651203e-06,1.939051379740153e-06,1.4911646121773536e-06,0.9749801514137665,0.9771360966805885,0.006677108984384313
B,FD,mass,0.01,2.525563205463266e-05,1.933098913187159e-05,2.8845670033417203e-05,2.2115218891283206e-05,0.87554326265864,0.8741034500676351,0.013377678511474755
B,FD,strong,0.001,2.0710313342053865e-07,2.0803691141990655e-07,2.0717355186938846e-07,2.0793183103107182e-07,0.999660099234606,1.0005053598014007,0.00041364439146995835
B,FD,strong,0.002,4.143006035461916e-07,3.9872784923788984e-07,4.1444832110659746e-07,3.9858866768271994e-07,0.9996435802659027,1.000349185931399,0.0008283137600691992
B,FD,strong,0.005,1.8614347293555156e-06,1.4492166455770672e-06,1.8756922596230297e-06,1.4579018549620848e-06,0.9923987902629723,0.9940426652483795,0.0020782854356173885
B,FD,strong,0.01,2.491596142445429e-05,1.7869436056916488e-05,2.596020110701147e-05,1.8614162897667708e-05,0.9597753623613052,0.9599913869430824,0.004180775510635823
B,SD,mass,0.001,6.850601794172739e-07,3.8534131369116764e-07,6.850894312404598e-07,3.858472423790005e-07,0.9999573021829676,0.9986887850105823,0.001333555405226566
B,SD,mass,0.002,1.3670353187222872e-06,7.301095272804758e-07,1.3670527180265069e-06,7.304355232884419e-07,0.9999872723970405,0.9995536963940385,0.0026680626077164203
B,SD,mass,0.005,5.129709192808196e-06,2.4988766372247007e-06,5.227782653716151e-06,2.5650519230868696e-06,0.9812399505862701,0.9742011905230631,0.006677010757767292
B,SD,mass,0.01,5.913632902943e-05,3.89170718813614e-05,6.748527365818546e-05,4.4525783500726224e-05,0.876284940755474,0.874034521609859,0.013372799594812758
B,SD,strong,0.001,6.831738417201194e-07,3.7321444273930027e-07,6.831036295507076e-07,3.7325863710968576e-07,1.0001027840672696,0.9998815985325143,0.00041364670340186815
B,SD,strong,0.002,1.3627667168614188e-06,7.682691410826337e-07,1.3626453872483957e-06,7.682246790374769e-07,1.0000890397561673,1.0000578763561885,0.0008283123438727613
B,SD,strong,0.005,5.039188887112633e-06,2.780007466507417e-06,5.067683782222776e-06,2.77014083283067e-06,0.994377136314207,1.0035617805274777,0.0020782090179697482
B,SD,strong,0.01,5.628938432267194e-05,3.9491407949898694e-05,5.8575278785222284e-05,4.1158253074158324e-05,0.9609750988820382,0.959501558016655,0.004179170462301707
C,FD,mass,0.001,6.581613418155108e-07,6.996888752830444e-07,6.666700225754774e-07,7.112395095099089e-07,0.9872370431070293,0.9837598529434569,0.001745523657116898
C,FD,mass,0.002,6.854112996057538e-07,7.450831923105916e-07,7.011424861813609e-07,7.686104208648459e-07,0.9775634954582711,0.9693899172902427,0.003493633419334577
C,FD,mass,0.005,3.047399525946126e-06,2.158063274415589e-06,3.1631747821614375e-06,2.2309529500441627e-06,0.9633990328741174,0.9673280085861378,0.008752698624287892
C,FD,mass,0.01,5.0772324628189924e-05,3.571149585845923e-05,6.201629083590898e-05,4.369594762398954e-05,0.8186933456328459,0.8172724886472822,0.017563943485454002
C,FD,strong,0.001,2.854753927694631e-07,2.8569500398756276e-07,2.8626052139824054e-07,2.854108358540941e-07,0.9972572933740829,1.0009956459172906,0.000606799071488584
C,FD,strong,0.002,5.469215515474524e-07,5.425119142810075e-07,5.471365448483922e-07,5.420636953745728e-07,0.999607057318755,1.0008268749784563,0.0012162337306405868
C,FD,strong,0.005,2.7627451757994415e-06,2.014796098404048e-06,2.800041870865133e-06,2.03734442161263e-06,0.9866799509486734,0.9889324932154896,0.003059804409524719
C,FD,strong,0.01,4.0335120884582576e-05,2.68707431830828e-05,4.305137900290079e-05,2.8667795815562336e-05,0.9369065943709911,0.9373145865820628,0.00618060343464974
C,SD,mass,0.001,8.628866827176118e-07,5.800607952299863e-07,8.628898368612248e-07,5.832033625474686e-07,0.9999963446740496,0.9946115411547777,0.001745634040366137
C,SD,mass,0.002,1.7680928224295123e-06,9.759526256036821e-07,1.77031106329828e-06,9.814459063228753e-07,0.9987469767800949,0.994402869599024,0.00349383190838461
C,SD,mass,0.005,7.486147991508929e-06,3.5414240717734913e-06,7.719366942215977e-06,3.681574655467479e-06,0.969787813890332,0.9619318914297036,0.00875288462397664
C,SD,mass,0.01,0.0001111085179340554,6.812241112097439e-05,0.00013567390864915874,8.337532939317605e-05,0.8189379891853241,0.8170571752673633,0.01755692382090497
C,SD,strong,0.001,8.604028906011862e-07,4.970704711726448e-07,8.602758543863054e-07,4.972656930668506e-07,1.0001476691624356,0.999607409284558,0.0006068220702737381
C,SD,strong,0.002,1.7668140735449533e-06,9.670620934598695e-07,1.7674687026181246e-06,9.67324291833993e-07,0.9996296233861445,0.9997289447020642,0.0012162709552580864
C,SD,strong,0.005,6.8348773583637445e-06,3.1834257446794467e-06,6.894585742045489e-06,3.2066978062905704e-06,0.9913398156298756,0.9927426708043798,0.0030597858973010345
C,SD,strong,0.01,8.328557620107535e-05,5.3957795542736164e-05,8.867780788779367e-05,5.7586921465624386e-05,0.9391929974910831,0.9369800324357577,0.006178236406008231
D,FD,mass,0.001,0.000111918601116201,0.00011965898955690335,0.00011158904846939044,0.00011908833297646915,1.0029532705165145,1.0047918764682595,0.00029861388735119565
D,FD,mass,0.002,0.00011005505966180107,0.0001220594579119938,0.00010939131247161837,0.00012091059762142642,1.0060676407951035,1.0095017336211047,0.0005987432306961971
D,FD,mass,0.005,0.00016695034795510821,0.0002603071010995883,0.00016685305687347274,0.00026233952398557747,1.0005830943913077,0.9922527004123828,0.0015077423644984655
D,FD,mass,0.01,0.004758591007333779,0.008529733671782225,0.004824163340121812,0.009173879957118825,0.986407522265534,0.9297847488360964,0.003033592124626394
D,FD,strong,0.001,2.261759185229195e-05,3.6269942560895885e-05,2.2571934281234718e-05,3.62495455092926e-05,1.0020227584613868,1.000562684340361,0.00019120871289979302
D,FD,strong,0.002,2.9014059459209207e-05,7.251820005738097e-05,2.8921973300954917e-05,7.244823595664585e-05,1.0031839514301484,1.0009657115844337,0.00038281817008911645
D,FD,strong,0.005,0.0001548445739665283,0.00031336161726835954,0.0001545006958494355,0.00031386440900726953,1.0022257383062398,0.998398060676901,0.0009596228319035394
D,FD,strong,0.01,0.003712054061231207,0.007003924299230135,0.0037675582025111787,0.007171889965253531,0.985267874231385,0.9765799995765192,0.0019125250737250798
D,SD,mass,0.001,0.00011069863262064272,0.00011762911802826181,0.0001103665096609252,0.00011705401796435755,1.0030092730189428,1.0049131168148315,0.00030051940834208146
D,SD,mass,0.002,0.00010748440732200049,0.00011795910679368582,0.00010681397337686249,0.00011679889958171596,1.0062766501792098,1.009933374510589,0.0006026588037004732
D,SD,mass,0.005,0.0003466527576587719,0.0004126882302175616,0.00034762120814080255,0.0004178437343451691,0.9972140638736909,0.9876616454816847,0.0015194334533794596
D,SD,mass,0.01,0.021077094684199604,0.02838910297221231,0.022127565020481965,0.029687286312990224,0.9525266184819697,0.956271404294374,0.0031395899044501796
D,SD,strong,0.001,4.01616708320951e-05,2.222792374784177e-05,4.0121147943716906e-05,2.2266208340226967e-05,1.0010100131839457,0.998280596687132,0.0001922112159116196
D,SD,strong,0.002,8.190039353928036e-05,4.1920824807917256e-05,8.187951070959265e-05,4.198724026904799e-05,1.0002550434108208,0.9984181989407936,0.0003849115390708313
D,SD,strong,0.005,0.00027403333912423555,0.00022618366767046538,0.0002739491211241063,0.00022703162153536738,1.0003074220489692,0.9962650407059269,0.0009663025718494866
D,SD,strong,0.01,0.005963362417146456,0.008265679877092591,0.00614320561595072,0.008501537156807348,0.9707248609199561,0.9722571018200042,0.001963292227000202
E,FD,mass,0.001,4.316818083549556e-10,1.4026392547439315e-10,4.316813989602153e-10,1.4026450834148108e-10,1.000000948372437,0.999995844514804,5.493402477865783e-06
E,FD,mass,0.002,9.208829289397702e-10,3.898636483090634e-10,9.208864608367673e-10,3.8987083006425394e-10,0.9999961646770288,0.9999815791420216,1.098824803744472e-05
E,FD,mass,0.005,4.351169733546323e-09,3.0382431848163804e-09,4.35161086678737e-09,3.0386456267850193e-09,0.9998986275991694,0.9998675587685871,2.748083077501462e-05
E,FD,mass,0.01,8.59444681255983e-08,6.799857030226342e-08,8.599965787073338e-08,6.804252340730788e-08,0.9993582562244837,0.9993540347588029,5.495342814260118e-05
E,FD,strong,0.001,4.2890513710092115e-10,1.3705184209733545e-10,4.2890506424253516e-10,1.3705185597512326e-10,1.000000169870659,0.9999998987406066,2.081996349490023e-07
E,FD,strong,0.002,8.961744540902927e-10,3.5257832070589856e-10,8.961742979651799e-10,3.5257811253908145e-10,1.0000001742128883,1.000000590413329,4.1627247254760746e-07
E,FD,strong,0.005,3.485468566544192e-09,2.2659994297624664e-09,3.485459601493268e-09,2.2659913528899622e-09,1.0000025721287717,1.000003564388052,1.0397309101045638e-06
E,FD,strong,0.01,4.088433281507209e-08,3.211399221547673e-08,4.0883626546694973e-08,3.2113425016411234e-08,1.0000172750911984,1.0000176623659793,2.076660628645699e-06
E,SD,mass,0.001,9.632172112000736e-09,5.440454677041462e-09,9.632162407957612e-09,5.440449125926339e-09,1.0000010074625731,1.0000010203413348,5.486741638104087e-06
E,SD,mass,0.002,2.1018893573560016e-08,1.2400920353095035e-08,2.1018806896366815e-08,1.2401050387966794e-08,1.0000041237922603,0.9999895142050318,1.0975183517517029e-05
E,SD,mass,0.005,1.161223235346398e-07,7.202551271373592e-08,1.1613653670000668e-07,7.203436361291615e-08,0.9998776167623838,0.9998771294874236,2.746624705885284e-05
E,SD,mass,0.01,2.3695721873898123e-06,1.5063696124431591e-06,2.371324095383487e-06,1.5074859540040175e-06,0.9992612110689192,0.99925946801833,5.628015185352858e-05
E,SD,strong,0.001,9.779418427835473e-09,5.5370411242150475e-09,9.779418913558047e-09,5.537041318504077e-09,0.9999999503321642,0.9999999649110386,2.08327904524519e-07
E,SD,strong,0.002,2.185623087028188e-08,1.2611272234841486e-08,2.1856236234046866e-08,1.2611275780616271e-08,0.999999754588808,0.999999718840913,4.165563800492822e-07
E,SD,strong,0.005,9.246406740964774e-08,5.7163269943927286e-08,9.246438989821137e-08,5.716348000506244e-08,0.9999965122944737,0.9999963252563502,1.0407989873284507e-06
E,SD,strong,0.01,1.1350154002567892e-06,7.094985618877336e-07,1.1349975601072926e-06,7.094873174934291e-07,1.0000157182271783,1.0000158486191753,2.0754910472209342e-06
