case,model,mesh,t,field,E,ratio_own_uniform,ratio_same_mesh_FD
A,FD,fixed,0.001,u,3.932894159008882e-05,1.0,1.0
A,FD,fixed,0.001,v,3.698506052463024e-05,1.0,1.0
A,FD,fixed,0.002,u,3.0855199307344705e-05,1.0,1.0
A,FD,fixed,0.002,v,6.870046953144637e-05,1.0,1.0
A,FD,fixed,0.005,u,9.028902535757055e-05,1.0,1.0
A,FD,fixed,0.005,v,0.0002469523288037845,1.0,1.0
A,FD,fixed,0.01,u,0.001898401806885719,1.0,1.0
A,FD,fixed,0.01,v,0.0032324049435079605,1.0,1.0
A,FD,minus,0.001,u,4.501295563374974e-05,1.14452496848004,1.0
A,FD,minus,0.001,v,4.343072399670689e-05,1.1742774888196856,1.0
A,FD,minus,0.002,u,4.7594893426428087e-05,1.5425242583054293,1.0
A,FD,minus,0.002,v,8.382149796326566e-05,1.220100801856935,1.0
A,FD,minus,0.005,u,0.00018388773318789298,2.0366565311746867,1.0
A,FD,minus,0.005,v,0.0002841137305413799,1.1504800619520454,1.0
A,FD,minus,0.01,u,0.0020795423834747417,1.0954174063320028,1.0
A,FD,minus,0.01,v,0.0027695687245670175,0.8568136644294786,1.0
A,FD,plus,0.001,u,1.3106421511643873e-05,0.33325131523363416,1.0
A,FD,plus,0.001,v,2.8074137985889536e-05,0.7590669742771823,1.0
A,FD,plus,0.002,u,2.5955407385591656e-05,0.8412004449251211,1.0
A,FD,plus,0.002,v,5.869193866137046e-05,0.8543164124155702,1.0
A,FD,plus,0.005,u,0.0002879181857884383,3.188850302107032,1.0
A,FD,plus,0.005,v,0.00043272546120975974,1.7522631323455993,1.0
A,FD,plus,0.01,u,0.019533097214656125,10.289232313100085,1.0
A,FD,plus,0.01,v,0.024868843449505906,7.6936039525162485,1.0
A,FD,zero,0.001,u,2.500076423905817e-05,0.6356836270762636,1.0
A,FD,zero,0.001,v,3.328225263010687e-05,0.8998836870347289,1.0
A,FD,zero,0.002,u,3.0210542767195037e-05,0.9791070369136713,1.0
A,FD,zero,0.002,v,6.564743547166074e-05,0.955560215518059,1.0
A,FD,zero,0.005,u,0.00018140086266704714,2.009113089311214,1.0
A,FD,zero,0.005,v,0.0003006346793539283,1.217379406018062,1.0
A,FD,zero,0.01,u,0.004695862118646366,2.4735870465430136,1.0
A,FD,zero,0.01,v,0.006999849797540314,2.165523787976807,1.0
A,SD,fixed,0.001,u,6.201405981220987e-05,1.0,1.5768046966165463
A,SD,fixed,0.001,v,2.7784960524801505e-05,1.0,0.751248210241486
A,SD,fixed,0.002,u,8.84025442566827e-05,1.0,2.8650777256732725
A,SD,fixed,0.002,v,5.087543935489158e-05,1.0,0.7405399075417424
A,SD,fixed,0.005,u,0.00025889126323419553,1.0,2.8673613676624767
A,SD,fixed,0.005,v,0.00016143967028292572,1.0,0.6537280740170598
A,SD,fixed,0.01,u,0.0017860018965096813,1.0,0.9407923496657292
A,SD,fixed,0.01,v,0.001292419810422718,1.0,0.39983227133049803
A,SD,minus,0.001,u,6.719728517756707e-05,1.0835814552547112,1.4928432099487374
A,SD,minus,0.001,v,2.8466227555146162e-05,1.024519272925961,0.6554398576755156
A,SD,minus,0.002,u,9.113518732117853e-05,1.0309113621952035,1.9148101983263137
A,SD,minus,0.002,v,5.3962248509842325e-05,1.0606738574465786,0.643775759453631
A,SD,minus,0.005,u,0.00021696088583356143,0.8380386542333664,1.179855132652459
A,SD,minus,0.005,v,0.00021161826734483746,1.310819496682401,0.7448364672189478
A,SD,minus,0.01,u,0.0016340837910489014,0.9149395609502611,0.7857900872972273
A,SD,minus,0.01,v,0.0020199882481615195,1.5629505458453412,0.7293511911235623
A,SD,plus,0.001,u,3.837982924448369e-05,0.6188891577281824,2.9283225181172963
A,SD,plus,0.001,v,2.0275485513199243e-05,0.7297287860136015,0.7222122197799979
A,SD,plus,0.002,u,7.354008046345228e-05,0.8318774202914765,2.8333240688903922
A,SD,plus,0.002,v,3.8671527218925306e-05,0.7601217347562249,0.6588899276618703
A,SD,plus,0.005,u,0.00041719633503278786,1.611473210107473,1.449010016127786
A,SD,plus,0.005,v,0.0002621170945245055,1.6236225833783042,0.6057353172418172
A,SD,plus,0.01,u,0.021262568092789813,11.905120668876377,1.0885405350276978
A,SD,plus,0.01,v,0.017221804409926378,13.325240197528045,0.6925052403379274
A,SD,zero,0.001,u,4.8154584188386806e-05,0.7765107515006736,1.9261244867529252
A,SD,zero,0.001,v,1.9597308744012665e-05,0.7053207337300209,0.5888215849393887
A,SD,zero,0.002,u,7.688034346675643e-05,0.8696621133836285,2.5448183456749773
A,SD,zero,0.002,v,3.779111840995775e-05,0.7428165513488425,0.5756678556966898
A,SD,zero,0.005,u,0.0002740123302884534,1.0584070194774367,1.5105348798224312
A,SD,zero,0.005,v,0.000180599131287984,1.118678766944215,0.6007262092187641
A,SD,zero,0.01,u,0.004412927740879535,2.4708415760943816,0.9397481504741478
A,SD,zero,0.01,v,0.003875950716989429,2.998987392279064,0.5537191267091766
B,FD,fixed,0.001,u,2.0943954504026863e-07,1.0,1.0
B,FD,fixed,0.001,v,2.078261717164409e-07,1.0,1.0
B,FD,fixed,0.002,u,4.1900924907523063e-07,1.0,1.0
B,FD,fixed,0.002,v,3.9613180108366564e-07,1.0,1.0
B,FD,fixed,0.005,u,1.886434712050633e-06,1.0,1.0
B,FD,fixed,0.005,v,1.455658496796186e-06,1.0,1.0
B,FD,fixed,0.01,u,2.5557268405806965e-05,1.0,1.0
B,FD,fixed,0.01,v,1.8268504818175213e-05,1.0,1.0
B,FD,minus,0.001,u,2.0847589282668721e-07,0.9953989003681414,1.0
B,FD,minus,0.001,v,2.10286759505518e-07,1.0118396435287964,1.0
B,FD,minus,0.002,u,4.169983746082906e-07,0.9952008828650486,1.0
B,FD,minus,0.002,v,3.991546249637601e-07,1.007630853851736,1.0
B,FD,minus,0.005,u,1.7901247821305866e-06,0.9489460571814046,1.0
B,FD,minus,0.005,v,1.4046788675559085e-06,0.9649783040785456,1.0
B,FD,minus,0.01,u,2.24870052430437e-05,0.8798673193859146,1.0
B,FD,minus,0.01,v,1.5883515011305693e-05,0.8694480018694957,1.0
B,FD,plus,0.001,u,2.0861696042873135e-07,0.9960724484414865,1.0
B,FD,plus,0.001,v,2.0574571729659041e-07,0.9899894493428427,1.0
B,FD,plus,0.002,u,4.1729264493861606e-07,0.9959031831865212,1.0
B,FD,plus,0.002,v,3.952448896504812e-07,0.9977610698490801,1.0
B,FD,plus,0.005,u,1.9676720027228534e-06,1.0430639290897652,1.0
B,FD,plus,0.005,v,1.5069364561748344e-06,1.03522664106417,1.0
B,FD,plus,0.01,u,2.8494193986761118e-05,1.1149154727461736,1.0
B,FD,plus,0.01,v,2.0602482002529676e-05,1.1277596173077287,1.0
B,FD,zero,0.001,u,2.0843070031029143e-07,0.9951831220327411,1.0
B,FD,zero,0.001,v,2.080628732081813e-07,1.0011389397677177,1.0
B,FD,zero,0.002,u,4.171254547324921e-07,0.9955041700227474,1.0
B,FD,zero,0.002,v,3.9732867501696134e-07,1.0030214033057219,1.0
B,FD,zero,0.005,u,1.874406267976525e-06,0.9936237156805535,1.0
B,FD,zero,0.005,v,1.4527332122260539e-06,0.997990404633662,1.0
B,FD,zero,0.01,u,2.5296311255140758e-05,0.9897893176014494,1.0
B,FD,zero,0.01,v,1.807849326251887e-05,0.989598954181116,1.0
B,SD,fixed,0.001,u,6.816229682349295e-07,1.0,3.254509400810028
B,SD,fixed,0.001,v,3.6818891957501876e-07,1.0,1.7716196017765153
B,SD,fixed,0.002,u,1.3593931459943143e-06,1.0,3.2443034348156914
B,SD,fixed,0.002,v,7.784188213455501e-07,1.0,1.9650500646908247
B,SD,fixed,0.005,u,4.970284853800244e-06,1.0,2.6347505280992936
B,SD,fixed,0.005,v,3.1675882508075404e-06,1.0,2.1760517716065997
B,SD,fixed,0.01,u,5.433509380270429e-05,1.0,2.126013349312347
B,SD,fixed,0.01,v,3.841617551453291e-05,1.0,2.102863693382992
B,SD,minus,0.001,u,6.818882751224997e-07,1.000389228209632,3.270825541873926
B,SD,minus,0.001,v,3.691563009167176e-07,1.0026274048192851,1.7554899879801076
B,SD,minus,0.002,u,1.3598767288902636e-06,1.0003557343932286,3.261107984336079
B,SD,minus,0.002,v,7.765650639757204e-07,0.9976185604471571,1.9455244043488813
B,SD,minus,0.005,u,4.854922675656681e-06,0.9767896244306082,2.7120582453913666
B,SD,minus,0.005,v,3.0940706619575487e-06,0.9767906738411316,2.202688979966732
B,SD,minus,0.01,u,4.9364409604291115e-05,0.9085179788874169,2.195241610465754
B,SD,minus,0.01,v,3.46682005525345e-05,0.9024375822996605,2.182652928388842
B,SD,plus,0.001,u,6.824627220014534e-07,1.001231991593092,3.271367393134842
B,SD,plus,0.001,v,3.7005041814142103e-07,1.0050558245168022,1.7985813897062997
B,SD,plus,0.002,u,1.3612755835890056e-06,1.0013847631939576,3.2621605007901584
B,SD,plus,0.002,v,7.730675771200346e-07,0.9931254948123358,1.955920487178634
B,SD,plus,0.005,u,5.154568891885258e-06,1.0370771582526326,2.6196281111650697
B,SD,plus,0.005,v,2.9714701256233766e-06,0.9380859790933479,1.9718615960530106
B,SD,plus,0.01,u,6.155061380869187e-05,1.1327966789233455,2.16011071719696
B,SD,plus,0.01,v,4.3721233468796417e-05,1.138094380380384,2.122134287676024
B,SD,zero,0.001,u,6.82179089495083e-07,1.0008158781116099,3.272929988142442
B,SD,zero,0.001,v,3.6962532773410217e-07,1.0039012802469487,1.7765078508949863
B,SD,zero,0.002,u,1.3605589661014328e-06,1.0008576033434873,3.261750033869251
B,SD,zero,0.002,v,7.743502615786824e-07,0.9947733024237069,1.948890956701342
B,SD,zero,0.005,u,4.994912682854125e-06,1.0049550136014942,2.664797257771804
B,SD,zero,0.005,v,3.0321293991719678e-06,0.9572359660063018,2.087189425872471
B,SD,zero,0.01,u,5.5016342924818495e-05,1.0125379211562215,2.174876106240114
B,SD,zero,0.01,v,3.884853604746441e-05,1.0112546480002398,2.1488812968726165
C,FD,fixed,0.001,u,2.8024980569529845e-07,1.0,1.0
C,FD,fixed,0.001,v,2.889599597377668e-07,1.0,1.0
C,FD,fixed,0.002,u,5.607473302915444e-07,1.0,1.0
C,FD,fixed,0.002,v,5.390195373378148e-07,1.0,1.0
C,FD,fixed,0.005,u,2.7276423110178527e-06,1.0,1.0
C,FD,fixed,0.005,v,1.980877781249113e-06,1.0,1.0
C,FD,fixed,0.01,u,3.7957784784714566e-05,1.0,1.0
C,FD,fixed,0.01,v,2.5118080949737553e-05,1.0,1.0
C,FD,minus,0.001,u,2.7732205420960554e-07,0.9895530650648297,1.0
C,FD,minus,0.001,v,2.931912116421742e-07,1.0146430388080319,1.0
C,FD,minus,0.002,u,5.55103556509895e-07,0.9899352641077842,1.0
C,FD,minus,0.002,v,5.458516967316029e-07,1.0126751609552629,1.0
C,FD,minus,0.005,u,2.569302091526282e-06,0.9419497861387537,1.0
C,FD,minus,0.005,v,1.9066505625442431e-06,0.9625281178841517,1.0
C,FD,minus,0.01,u,3.317001262898023e-05,0.8738658701267954,1.0
C,FD,minus,0.01,v,2.1862911693038e-05,0.8704053361714497,1.0
C,FD,plus,0.001,u,2.7707520666719887e-07,0.9886722525276211,1.0
C,FD,plus,0.001,v,2.8263165896547093e-07,0.9780997312636712,1.0
C,FD,plus,0.002,u,5.542754977216902e-07,0.988458558391193,1.0
C,FD,plus,0.002,v,5.364427346776779e-07,0.9952194633373336,1.0
C,FD,plus,0.005,u,2.9016101811274453e-06,1.0637795760121767,1.0
C,FD,plus,0.005,v,2.0854000983838716e-06,1.0527656567831503,1.0
C,FD,plus,0.01,u,4.487196390795534e-05,1.1821544424274486,1.0
C,FD,plus,0.01,v,2.9987001508913202e-05,1.1938412639452267,1.0
C,FD,zero,0.001,u,2.776508578605785e-07,0.9907263170860299,1.0
C,FD,zero,0.001,v,2.87855790426228e-07,0.9961788155267574,1.0
C,FD,zero,0.002,u,5.552606737735388e-07,0.9902154567278046,1.0
C,FD,zero,0.002,v,5.408935311868035e-07,1.0034766714732535,1.0
C,FD,zero,0.005,u,2.7282852625432064e-06,1.0002357169496736,1.0
C,FD,zero,0.005,v,1.987775237966005e-06,1.0034820203357235,1.0
C,FD,zero,0.01,u,3.853024383693171e-05,1.0150814663043157,1.0
C,FD,zero,0.01,v,2.5545148621075597e-05,1.0170024004697105,1.0
C,SD,fixed,0.001,u,8.687968416909442e-07,1.0,3.1000800858200894
C,SD,fixed,0.001,v,4.71174582239442e-07,1.0,1.630587790318895
C,SD,fixed,0.002,u,1.791981740606463e-06,1.0,3.1957026699971514
C,SD,fixed,0.002,v,9.597832623109426e-07,1.0,1.780609413623956
C,SD,fixed,0.005,u,6.465559283352906e-06,1.0,2.3703838502711174
C,SD,fixed,0.005,v,3.746398740511747e-06,1.0,1.8912821255177703
C,SD,fixed,0.01,u,6.976621712739828e-05,1.0,1.837994960008647
C,SD,fixed,0.01,v,4.5503836671123565e-05,1.0,1.8115968637165736
C,SD,minus,0.001,u,8.583818961183098e-07,0.9880122198046166,3.095252912952706
C,SD,minus,0.001,v,4.765921879923418e-07,1.0114980857565588,1.6255336758661092
C,SD,minus,0.002,u,1.773123269765975e-06,0.9894761925229741,3.1942206980516223
C,SD,minus,0.002,v,9.603188466655865e-07,1.0005580263541525,1.7593035845004956
C,SD,minus,0.005,u,6.372105614771417e-06,0.9855459265802252,2.480092020236553
C,SD,minus,0.005,v,3.591463520358218e-06,0.9586442258593207,1.8836506231984915
C,SD,minus,0.01,u,6.511738303538461e-05,0.9333655416127186,1.9631401339441266
C,SD,minus,0.01,v,4.235991095369318e-05,0.9309085574442232,1.937523763917604
C,SD,plus,0.001,u,8.612191265133795e-07,0.9912779204367086,3.1082504164575386
C,SD,plus,0.001,v,4.797386053412289e-07,1.0181759021488024,1.6973986817231912
C,SD,plus,0.002,u,1.7874106515436416e-06,0.9974491430580791,3.2247693771250314
C,SD,plus,0.002,v,9.595177021259893e-07,0.9997233123400028,1.7886675316844702
C,SD,plus,0.005,u,6.84224623348495e-06,1.058260536115091,2.35808596137002
C,SD,plus,0.005,v,3.465643594546819e-06,0.9250599935001639,1.6618602815031027
C,SD,plus,0.01,u,8.534633553469728e-05,1.2233189507587685,1.9019968840625283
C,SD,plus,0.01,v,5.582648961854897e-05,1.2268523646045892,1.8616896258185518
C,SD,zero,0.001,u,8.596814602968017e-07,0.9895080403648785,3.09626797813997
C,SD,zero,0.001,v,4.779735124360585e-07,1.0144297473864186,1.6604616906553216
C,SD,zero,0.002,u,1.780437342557839e-06,0.9935577479462949,3.206489180042281
C,SD,zero,0.002,v,9.600092411576888e-07,1.000235447788704,1.774858055801261
C,SD,zero,0.005,u,6.587538210367505e-06,1.0188659513692284,2.414534250068428
C,SD,zero,0.005,v,3.525809916749001e-06,0.9411197688656562,1.7737467744878403
C,SD,zero,0.01,u,7.428894508848538e-05,1.0648269054466328,1.9280683870803463
C,SD,zero,0.01,v,4.843958028544204e-05,1.0645163974971252,1.8962340366059869
D,FD,fixed,0.001,u,3.4194885402571984e-05,1.0,1.0
D,FD,fixed,0.001,v,4.1500044676290315e-05,1.0,1.0
D,FD,fixed,0.002,u,2.8804114954317228e-05,1.0,1.0
D,FD,fixed,0.002,v,7.73370656634853e-05,1.0,1.0
D,FD,fixed,0.005,u,0.00011963365033973439,1.0,1.0
D,FD,fixed,0.005,v,0.0002862093023447976,1.0,1.0
D,FD,fixed,0.01,u,0.0016986543191459536,1.0,1.0
D,FD,fixed,0.01,v,0.003396508933930509,1.0,1.0
D,FD,minus,0.001,u,4.693363037411302e-05,1.3725336354127067,1.0
D,FD,minus,0.001,v,5.166420424229656e-05,1.244919243949952,1.0
D,FD,minus,0.002,u,4.1957922936264325e-05,1.4566641954737642,1.0
D,FD,minus,0.002,v,9.89141906759805e-05,1.279001082176859,1.0
D,FD,minus,0.005,u,0.00011166491076108898,0.9333904837308243,1.0
D,FD,minus,0.005,v,0.00032015849992017564,1.1186166812093317,1.0
D,FD,minus,0.01,u,0.0011086543642491176,0.6526662616126186,1.0
D,FD,minus,0.01,v,0.002720161959189671,0.8008699556228885,1.0
D,FD,plus,0.001,u,1.6662672516876142e-05,0.48728552006268316,1.0
D,FD,plus,0.001,v,3.386548361694608e-05,0.8160348713141027,1.0
D,FD,plus,0.002,u,1.8196483630106286e-05,0.6317320861607989,1.0
D,FD,plus,0.002,v,6.850211810460749e-05,0.8857605019911011,1.0
D,FD,plus,0.005,u,0.0001291205571116727,1.0792996514358417,1.0
D,FD,plus,0.005,v,0.00039380203531802493,1.375923256483152,1.0
D,FD,plus,0.01,u,0.005967257442545337,3.5129321930229715,1.0
D,FD,plus,0.01,v,0.012538422250457426,3.6915616871196364,1.0
D,FD,zero,0.001,u,2.7917589238812823e-05,0.8164258751021575,1.0
D,FD,zero,0.001,v,4.0235097748198e-05,0.9695193839438202,1.0
D,FD,zero,0.002,u,2.219032421857392e-05,0.7703872954877228,1.0
D,FD,zero,0.002,v,7.836126783944408e-05,1.0132433544920796,1.0
D,FD,zero,0.005,u,9.016174918641262e-05,0.7536487345355778,1.0
D,FD,zero,0.005,v,0.0003136520521205277,1.0958835004694212,1.0
D,FD,zero,0.01,u,0.002022386352620309,1.1905814678274982,1.0
D,FD,zero,0.01,v,0.005087856577367322,1.497966493342784,1.0
D,SD,fixed,0.001,u,5.173808283731596e-05,1.0,1.5130357136223787
D,SD,fixed,0.001,v,2.614953952351229e-05,1.0,0.6301087077733188
D,SD,fixed,0.002,u,8.672599074954768e-05,1.0,3.010888926359773
D,SD,fixed,0.002,v,4.595067384727258e-05,1.0,0.5941610720946734
D,SD,fixed,0.005,u,0.00026372680570041496,1.0,2.204453387082032
D,SD,fixed,0.005,v,0.00015066243462702467,1.0,0.5264064913079624
D,SD,fixed,0.01,u,0.001866462908217903,1.0,1.0987891339518212
D,SD,fixed,0.01,v,0.0013002593616895375,1.0,0.3828222998915687
D,SD,minus,0.001,u,6.373509479207229e-05,1.2318797160010637,1.357983481866478
D,SD,minus,0.001,v,3.4774448020247206e-05,1.3298302246959208,0.6730859118077345
D,SD,minus,0.002,u,8.409780912210785e-05,0.9696955710194232,2.0043368030837847
D,SD,minus,0.002,v,6.4933461576544e-05,1.4131122819300757,0.6564625473128589
D,SD,minus,0.005,u,0.00021751619680654422,0.8247784908661713,1.9479368704456121
D,SD,minus,0.005,v,0.00024087547203643922,1.5987759167223283,0.7523631954063257
D,SD,minus,0.01,u,0.0009058399815280449,0.4853243948967301,0.8170625676845307
D,SD,minus,0.01,v,0.0018238353708039945,1.402670439868343,0.6704877864505209
D,SD,plus,0.001,u,3.930479612623827e-05,0.7596879120903527,2.358853064322661
D,SD,plus,0.001,v,2.286544508978139e-05,0.8744110032691774,0.675184366135544
D,SD,plus,0.002,u,7.923151635891301e-05,0.913584447685612,4.35422128634917
D,SD,plus,0.002,v,4.352158858234034e-05,0.9471371133096795,0.6353320128857892
D,SD,plus,0.005,u,0.0002928771453862833,1.110532335188491,2.268245676271224
D,SD,plus,0.005,v,0.00022705011767065741,1.5070121376488823,0.5765590253673962
D,SD,plus,0.01,u,0.0076020997894117315,4.072998052058913,1.2739687976607645
D,SD,plus,0.01,v,0.008927365577268365,6.8658344944875305,0.7120007126050231
D,SD,zero,0.001,u,4.542143706087742e-05,0.8779110970095191,1.626982783947893
D,SD,zero,0.001,v,2.255422464880752e-05,0.862509438398636,0.5605609507887339
D,SD,zero,0.002,u,7.840164719974396e-05,0.904015584280343,3.5331456371475456
D,SD,zero,0.002,v,4.284843543267414e-05,0.9324876404444158,0.5468063064072307
D,SD,zero,0.005,u,0.00022175614066455296,0.8408555212110699,2.4595368065238428
D,SD,zero,0.005,v,0.00019769385269041706,1.3121641979291119,0.6302966977383232
D,SD,zero,0.01,u,0.0018422462276475038,0.9870253620022263,0.9109269478903443
D,SD,zero,0.01,v,0.0028344613619544212,2.179919980173313,0.5571032356853688
E,FD,fixed,0.001,u,4.287928762058968e-10,1.0,1.0
E,FD,fixed,0.001,v,1.3727644021521712e-10,1.0,1.0
E,FD,fixed,0.002,u,8.954541032279995e-10,1.0,1.0
E,FD,fixed,0.002,v,3.511363144692581e-10,1.0,1.0
E,FD,fixed,0.005,u,3.452897006511746e-09,1.0,1.0
E,FD,fixed,0.005,v,2.23699848922454e-09,1.0,1.0
E,FD,fixed,0.01,u,3.9583284913713435e-08,1.0,1.0
E,FD,fixed,0.01,v,3.1086724527895626e-08,1.0,1.0
E,FD,minus,0.001,u,4.2882055892312643e-10,1.0000645596481792,1.0
E,FD,minus,0.001,v,1.3722087355283463e-10,0.999595220692674,1.0
E,FD,minus,0.002,u,8.956334181242642e-10,1.0002002502368557,1.0
E,FD,minus,0.002,v,3.514941740445643e-10,1.0010191471532845,1.0
E,FD,minus,0.005,u,3.4609322525913644e-09,1.002327102738502,1.0
E,FD,minus,0.005,v,2.244141678042766e-09,1.0031932023435126,1.0
E,FD,minus,0.01,u,3.990134383666244e-08,1.0080351826191871,1.0
E,FD,minus,0.01,v,3.133779598318842e-08,1.0080764847086896,1.0
E,FD,plus,0.001,u,4.2882395204224544e-10,1.0000724728372907,1.0
E,FD,plus,0.001,v,1.3721528080434808e-10,0.9995544799182354,1.0
E,FD,plus,0.002,u,8.956502831058977e-10,1.0002190842357983,1.0
E,FD,plus,0.002,v,3.5152557253947947e-10,1.0011085668276998,1.0
E,FD,plus,0.005,u,3.4616312594160092e-09,1.0025295434204355,1.0
E,FD,plus,0.005,v,2.244764693570822e-09,1.0034717074614452,1.0
E,FD,plus,0.01,u,3.992906297267673e-08,1.0087354563856197,1.0
E,FD,plus,0.01,v,3.13596972417729e-08,1.0087810059767577,1.0
E,FD,zero,0.001,u,4.2882291814705376e-10,1.0000700616610583,1.0
E,FD,zero,0.001,v,1.3721847963443778e-10,0.9995777820237146,1.0
E,FD,zero,0.002,u,8.956424074613167e-10,1.0002102890953746,1.0
E,FD,zero,0.002,v,3.515093147110626e-10,1.001062266209544,1.0
E,FD,zero,0.005,u,3.4612846339099335e-09,1.0024291565553127,1.0
E,FD,zero,0.005,v,2.244453969901805e-09,1.0033328054145667,1.0
E,FD,zero,0.01,u,3.991526007635082e-08,1.008386751209786,1.0
E,FD,zero,0.01,v,3.1348768927963455e-08,1.008429463188786,1.0
E,SD,fixed,0.001,u,9.785668990403007e-09,1.0,22.82143555413021
E,SD,fixed,0.001,v,5.5414658139962825e-09,1.0,40.36720216017089
E,SD,fixed,0.002,u,2.189696550469744e-08,1.0,24.45347609191988
E,SD,fixed,0.002,v,1.2637750554378435e-08,1.0,35.9910098546212
E,SD,fixed,0.005,u,9.328817872356066e-08,1.0,27.017364997458785
E,SD,fixed,0.005,v,5.7718205867529626e-08,1.0,25.801629346445274
E,SD,fixed,0.01,u,1.0992669120385434e-06,1.0,27.770987537664105
E,SD,fixed,0.01,v,6.867484528619294e-07,1.0,22.091373835338512
E,SD,minus,0.001,u,9.784150132446934e-09,0.9998447875196307,22.816420362440958
E,SD,minus,0.001,v,5.540038622298127e-09,0.9997424523138714,40.37314789549876
E,SD,minus,0.002,u,2.1886975076074178e-08,0.9995437528263393,24.437425662289748
E,SD,minus,0.002,v,1.2631247839345328e-08,0.9994854531267153,35.9358668566264
E,SD,minus,0.005,u,9.308423512197073e-08,0.9978138323163723,26.89571142349699
E,SD,minus,0.005,v,5.758080499213003e-08,0.9976194534578059,25.65827530209647
E,SD,minus,0.01,u,1.1080104210317576e-06,1.0079539453952997,27.768749482910586
E,SD,minus,0.01,v,6.923110678139222e-07,1.0080999308099077,22.091887642172463
E,SD,plus,0.001,u,9.78399806658703e-09,0.9998292478707775,22.815885213480712
E,SD,plus,0.001,v,5.539942123100605e-09,0.9997250382936895,40.374090193350064
E,SD,plus,0.002,u,2.1885979563374125e-08,0.9994982893259361,24.435854011544397
E,SD,plus,0.002,v,1.2630601654850526e-08,0.9994343218362202,35.9308188124265
E,SD,plus,0.005,u,9.306407326020727e-08,0.9975977078080014,26.88445599370614
E,SD,plus,0.005,v,5.756722781108392e-08,0.9973842212491459,25.645105687897207
E,SD,plus,0.01,u,1.1087703704684704e-06,1.008645269247942,27.768504641022922
E,SD,plus,0.01,v,6.927954511390388e-07,1.0088052594103551,22.09190496317024
E,SD,zero,0.001,u,9.784073742163946e-09,0.9998369811772067,22.81611669553713
E,SD,zero,0.001,v,5.539990591274524e-09,0.9997337847473439,40.373502213649
E,SD,zero,0.002,u,2.1886476329197047e-08,0.9995209758403216,24.436623530627468
E,SD,zero,0.002,v,1.2630925090573175e-08,0.9994599146599792,35.933400800361945
E,SD,zero,0.005,u,9.307414080422793e-08,0.9977056265621074,26.890056914819397
E,SD,zero,0.005,v,5.7574013376249233e-08,0.9975017849374713,25.6516792718044
E,SD,zero,0.01,u,1.1083906548900457e-06,1.0082998430604835,27.768594085818073
E,SD,zero,0.01,v,6.925530774554156e-07,1.0084523300624795,22.09187477335515
A,FD,mass,0.001,u,0.0025040636223653823,63.669743479606495,1.0
A,FD,mass,0.001,v,0.005373456397959442,145.2872138570919,1.0
A,FD,mass,0.002,u,0.0035091997939006928,113.73123080314605,1.0
A,FD,mass,0.002,v,0.00593173711345113,86.34201707654977,1.0
A,FD,mass,0.005,u,0.006592757745483957,73.01837315636908,1.0
A,FD,mass,0.005,v,0.007480351408985952,30.290669641465303,1.0
A,FD,mass,0.01,u,0.5368366314436179,282.7834600117059,1.0
A,FD,mass,0.01,v,0.651166298360017,201.4494810335676,1.0
A,FD,strong,0.001,u,2.7918101372773063e-05,0.709861497513796,1.0
A,FD,strong,0.001,v,2.927439012645472e-05,0.7915193245921393,1.0
A,FD,strong,0.002,u,3.280340533740045e-05,1.0631402834462327,1.0
A,FD,strong,0.002,v,6.127934886546171e-05,0.8919786033982231,1.0
A,FD,strong,0.005,u,0.00035381039863002783,3.918642351369247,1.0
A,FD,strong,0.005,v,0.0004457735478393676,1.8050995914825172,1.0
A,FD,strong,0.01,u,0.0260438437064483,13.718825810207472,1.0
A,FD,strong,0.01,v,0.028622730527194884,8.854933409466986,1.0
A,SD,mass,0.001,u,0.002502214023138119,40.34914067415179,0.9992613609291939
A,SD,mass,0.001,v,0.005816279448026929,209.3319313099323,1.082409350196951
A,SD,mass,0.002,u,0.0035060146678345325,39.659657957972165,0.9990923497511608
A,SD,mass,0.002,v,0.006779261397867442,133.25214452847035,1.1428796098354426
A,SD,mass,0.005,u,0.00659427183115735,25.47120265388063,1.0002296589275452
A,SD,mass,0.005,v,0.009346328483063715,57.893629655487516,1.2494504565435538
A,SD,strong,0.001,u,3.820140705745878e-05,0.6160120329670362,1.3683382887460407
A,SD,strong,0.001,v,2.3593110969638564e-05,0.8491324271840804,0.8059300592676707
A,SD,strong,0.002,u,7.28628336368331e-05,0.82421647758543,2.2211972472796697
A,SD,strong,0.002,v,3.627055378352395e-05,0.712928561275149,0.5918886942345886
A,SD,strong,0.005,u,0.00042899589590361664,1.6570504950394669,1.2125022259512748
A,SD,strong,0.005,v,0.00032073352804329325,1.9867082699140948,0.7194987894590552
A,SD,strong,0.01,u,0.033315318788635695,18.653574138830766,1.279201302394048
A,SD,strong,0.01,v,0.031124979857254154,24.08271647203702,1.0874217548071399
B,FD,mass,0.001,u,2.047114573411335e-07,0.9774250478904255,1.0
B,FD,mass,0.001,v,2.5906868222902446e-07,1.2465642805685662,1.0
B,FD,mass,0.002,u,4.096400196273997e-07,0.9776395641181927,1.0
B,FD,mass,0.002,v,3.905639012202755e-07,0.9859443249742674,1.0
B,FD,mass,0.005,u,1.8905366078181274e-06,1.0021744170319233,1.0
B,FD,mass,0.005,v,1.457070768651203e-06,1.000970194491445,1.0
B,FD,mass,0.01,u,2.525563205463266e-05,0.9881976294811784,1.0
B,FD,mass,0.01,v,1.933098913187159e-05,1.0581593471535404,1.0
B,FD,strong,0.001,u,2.0710313342053865e-07,0.9888444581023094,1.0
B,FD,strong,0.001,v,2.0803691141990655e-07,1.001014019080105,1.0
B,FD,strong,0.002,u,4.143006035461916e-07,0.9887624305682244,1.0
B,FD,strong,0.002,v,3.9872784923788984e-07,1.0065534959503943,1.0
B,FD,strong,0.005,u,1.8614347293555156e-06,0.986747496462286,1.0
B,FD,strong,0.005,v,1.4492166455770672e-06,0.9955746136657073,1.0
B,FD,strong,0.01,u,2.491596142445429e-05,0.974907060834132,1.0
B,FD,strong,0.01,v,1.7869436056916488e-05,0.978155368201688,1.0
B,SD,mass,0.001,u,6.850601794172739e-07,1.0050426868555282,3.3464672095791976
B,SD,mass,0.001,v,3.8534131369116764e-07,1.046585850915739,1.487409865120302
B,SD,mass,0.002,u,1.3670353187222872e-06,1.0056217531701495,3.3371625164106646
B,SD,mass,0.002,v,7.301095272804758e-07,0.9379392009284047,1.8693727838116272
B,SD,mass,0.005,u,5.129709192808196e-06,1.032075493396733,2.713361471867189
B,SD,mass,0.005,v,2.4988766372247007e-06,0.7888893503085954,1.7150001846086638
B,SD,mass,0.01,u,5.913632902943e-05,1.0883634294284912,2.341510555012326
B,SD,mass,0.01,v,3.89170718813614e-05,1.0130386838387646,2.0131960975135845
B,SD,strong,0.001,u,6.831738417201194e-07,1.0022752658837273,3.298713208422989
B,SD,strong,0.001,v,3.7321444273930027e-07,1.0136493058239835,1.7939818477019953
B,SD,strong,0.002,u,1.3627667168614188e-06,1.0024816741772204,3.2893186859899903
B,SD,strong,0.002,v,7.682691410826337e-07,0.9869611576896715,1.9268008054894288
B,SD,strong,0.005,u,5.039188887112633e-06,1.013863196041914,2.7071531478610327
B,SD,strong,0.005,v,2.780007466507417e-06,0.8776416776387165,1.9182828702608774
B,SD,strong,0.01,u,5.628938432267194e-05,1.035967371788551,2.259169668942638
B,SD,strong,0.01,v,3.9491407949898694e-05,1.0279890546355668,2.209997440552315
C,FD,mass,0.001,u,6.581613418155108e-07,2.348480992458195,1.0
C,FD,mass,0.001,v,6.996888752830444e-07,2.421404252402364,1.0
C,FD,mass,0.002,u,6.854112996057538e-07,1.2223175440699716,1.0
C,FD,mass,0.002,v,7.450831923105916e-07,1.3822934804747762,1.0
C,FD,mass,0.005,u,3.047399525946126e-06,1.1172284260427652,1.0
C,FD,mass,0.005,v,2.158063274415589e-06,1.0894479683924496,1.0
C,FD,mass,0.01,u,5.0772324628189924e-05,1.3375997813401301,1.0
C,FD,mass,0.01,v,3.571149585845923e-05,1.421744596249992,1.0
C,FD,strong,0.001,u,2.854753927694631e-07,1.018646175547562,1.0
C,FD,strong,0.001,v,2.8569500398756276e-07,0.9887010098106084,1.0
C,FD,strong,0.002,u,5.469215515474524e-07,0.9753440132529855,1.0
C,FD,strong,0.002,v,5.425119142810075e-07,1.0064791286795305,1.0
C,FD,strong,0.005,u,2.7627451757994415e-06,1.0128693064482086,1.0
C,FD,strong,0.005,v,2.014796098404048e-06,1.0171228722316965,1.0
C,FD,strong,0.01,u,4.0335120884582576e-05,1.0626310548244995,1.0
C,FD,strong,0.01,v,2.68707431830828e-05,1.0697769163517072,1.0
C,SD,mass,0.001,u,8.628866827176118e-07,0.9931973061022766,1.311056465785995
C,SD,mass,0.001,v,5.800607952299863e-07,1.23109526085431,0.82902675134764
C,SD,mass,0.002,u,1.7680928224295123e-06,0.9866689946467501,2.5796085116287304
C,SD,mass,0.002,v,9.759526256036821e-07,1.016846890259169,1.3098572557745356
C,SD,mass,0.005,u,7.486147991508929e-06,1.1578500271096062,2.456569257745981
C,SD,mass,0.005,v,3.5414240717734913e-06,0.9452875460047114,1.6410195723906755
C,SD,mass,0.01,u,0.0001111085179340554,1.59258338073803,2.1883677524657887
C,SD,mass,0.01,v,6.812241112097439e-05,1.497069612246662,1.9075765235646873
C,SD,strong,0.001,u,8.604028906011862e-07,0.990338418964069,3.013930140367679
C,SD,strong,0.001,v,4.970704711726448e-07,1.0549602841692403,1.739864065646328
C,SD,strong,0.002,u,1.7668140735449533e-06,0.9859553998284647,3.2304707476711307
C,SD,strong,0.002,v,9.670620934598695e-07,1.0075838279690366,1.782563788928985
C,SD,strong,0.005,u,6.8348773583637445e-06,1.057120824173979,2.473944183573127
C,SD,strong,0.005,v,3.1834257446794467e-06,0.8497295576830671,1.5800237786846465
C,SD,strong,0.01,u,8.328557620107535e-05,1.1937808817839402,2.06484012876505
C,SD,strong,0.01,v,5.3957795542736164e-05,1.1857856279837042,2.0080499886101677
D,FD,mass,0.001,u,0.000111918601116201,3.2729631872894944,1.0
D,FD,mass,0.001,v,0.00011965898955690335,2.8833460419204457,1.0
D,FD,mass,0.002,u,0.00011005505966180107,3.820810319509774,1.0
D,FD,mass,0.002,v,0.0001220594579119938,1.5782788869066722,1.0
D,FD,mass,0.005,u,0.00016695034795510821,1.39551328143047,1.0
D,FD,mass,0.005,v,0.0002603071010995883,0.9094990937296483,1.0
D,FD,mass,0.01,u,0.004758591007333779,2.801388695568322,1.0
D,FD,mass,0.01,v,0.008529733671782225,2.511323785011054,1.0
D,FD,strong,0.001,u,2.261759185229195e-05,0.6614320120105084,1.0
D,FD,strong,0.001,v,3.6269942560895885e-05,0.873973578674664,1.0
D,FD,strong,0.002,u,2.9014059459209207e-05,1.0072886983413636,1.0
D,FD,strong,0.002,v,7.251820005738097e-05,0.9376900899360141,1.0
D,FD,strong,0.005,u,0.0001548445739665283,1.2943229060285488,1.0
D,FD,strong,0.005,v,0.00031336161726835954,1.0948687366242607,1.0
D,FD,strong,0.01,u,0.003712054061231207,2.185291038554299,1.0
D,FD,strong,0.01,v,0.007003924299230135,2.06209506156813,1.0
D,SD,mass,0.001,u,0.00011069863262064272,2.139596725466635,0.9890995019291599
D,SD,mass,0.001,v,0.00011762911802826181,4.4983246424854215,0.9830361969781114
D,SD,mass,0.002,u,0.00010748440732200049,1.239356349729116,0.9766421248809443
D,SD,mass,0.002,v,0.00011795910679368582,2.5670811093162524,0.9664069365172474
D,SD,mass,0.005,u,0.0003466527576587719,1.314438844159657,2.0763823610118166
D,SD,mass,0.005,v,0.0004126882302175616,2.739158113561619,1.5853898279158942
D,SD,mass,0.01,u,0.021077094684199604,11.292533374972876,4.4292721630659795
D,SD,mass,0.01,v,0.02838910297221231,21.833415554358275,3.328251978854648
D,SD,strong,0.001,u,4.01616708320951e-05,0.7762496913227058,1.775682888539936
D,SD,strong,0.001,v,2.222792374784177e-05,0.8500311727422807,0.6128469520050084
D,SD,strong,0.002,u,8.190039353928036e-05,0.9443581195376256,2.8227829909297566
D,SD,strong,0.002,v,4.1920824807917256e-05,0.9123005453032215,0.5780731564593007
D,SD,strong,0.005,u,0.00027403333912423555,1.0390803407201938,1.769731622520215
D,SD,strong,0.005,v,0.00022618366767046538,1.5012612017746745,0.7217976140222818
D,SD,strong,0.01,u,0.005963362417146456,3.195007192958508,1.6064858751460478
D,SD,strong,0.01,v,0.008265679877092591,6.356947021978977,1.180149802304566
E,FD,mass,0.001,u,4.316818083549556e-10,1.0067373604119105,1.0
E,FD,mass,0.001,v,1.4026392547439315e-10,1.021762549017824,1.0
E,FD,mass,0.002,u,9.208829289397702e-10,1.0283976874081018,1.0
E,FD,mass,0.002,v,3.898636483090634e-10,1.1102914516214069,1.0
E,FD,mass,0.005,u,4.351169733546323e-09,1.260150454919606,1.0
E,FD,mass,0.005,v,3.0382431848163804e-09,1.3581784697000818,1.0
E,FD,mass,0.01,u,8.59444681255983e-08,2.1712313243568944,1.0
E,FD,mass,0.01,v,6.799857030226342e-08,2.1873829210036266,1.0
E,FD,strong,0.001,u,4.2890513710092115e-10,1.0002618068098932,1.0
E,FD,strong,0.001,v,1.3705184209733545e-10,0.9983638990235356,1.0
E,FD,strong,0.002,u,8.961744540902927e-10,1.0008044531369018,1.0
E,FD,strong,0.002,v,3.5257832070589856e-10,1.0041066850030025,1.0
E,FD,strong,0.005,u,3.485468566544192e-09,1.0094331107968237,1.0
E,FD,strong,0.005,v,2.2659994297624664e-09,1.0129642199928262,1.0
E,FD,strong,0.01,u,4.088433281507209e-08,1.0328686187666025,1.0
E,FD,strong,0.01,v,3.211399221547673e-08,1.0330452211734074,1.0
E,SD,mass,0.001,u,9.632172112000736e-09,0.9843141150029898,22.313129544899805
E,SD,mass,0.001,v,5.440454677041462e-09,0.9817717657483886,38.78726948957864
E,SD,mass,0.002,u,2.1018893573560016e-08,0.9598998349360757,22.824718444677288
E,SD,mass,0.002,v,1.2400920353095035e-08,0.9812600984435993,31.808352501909173
E,SD,mass,0.005,u,1.161223235346398e-07,1.2447699711100932,26.687610607181927
E,SD,mass,0.005,v,7.202551271373592e-08,1.247882043995673,23.706302732343282
E,SD,mass,0.01,u,2.3695721873898123e-06,2.1555931152294416,27.570968080539465
E,SD,mass,0.01,v,1.5063696124431591e-06,2.1934808970672908,22.152960065882706
E,SD,strong,0.001,u,9.779418427835473e-09,0.9993612534233823,22.800889012281477
E,SD,strong,0.001,v,5.5370411242150475e-09,0.9992015307989343,40.40107042328253
E,SD,strong,0.002,u,2.185623087028188e-08,0.9981397132672641,24.3883663169892
E,SD,strong,0.002,v,1.2611272234841486e-08,0.9979048233763583,35.76871150101459
E,SD,strong,0.005,u,9.246406740964774e-08,0.991165962020172,26.52844679110819
E,SD,strong,0.005,v,5.7163269943927286e-08,0.9903854266559153,25.226515590923796
E,SD,strong,0.01,u,1.1350154002567892e-06,1.0325202985978643,27.761622169320653
E,SD,strong,0.01,v,7.094985618877336e-07,1.0331272810750374,22.09312866264582
