case,model,method,purpose,dt,h,nx,t,kind,u_error,v_error,u_relative_initial_peak,v_relative_initial_peak,run_status,reached
fig1a,structure,euler,main,0.000125,0.125,256,0.0,requested,6.106226635438361e-16,1.3322676295501878e-15,3.0531882546622795e-16,6.661460772090447e-16,stopped,0.078
fig1a,structure,euler,main,0.000125,0.125,256,0.005,requested,0.00017548817353540969,0.00010096397855186012,8.774624039678871e-05,5.048291856678045e-05,stopped,0.078
fig1a,structure,euler,main,0.000125,0.125,256,0.01,requested,0.00034802594157068434,0.00017850652509809883,0.00017401724183549106,8.925490555562351e-05,stopped,0.078
fig1a,structure,euler,main,0.000125,0.125,256,0.02,requested,0.0006891242409661213,0.00044550678396060306,0.00034457057756582496,0.0002227574925058955,stopped,0.078
fig1a,structure,euler,main,0.000125,0.125,256,0.05,requested,0.06752238895980922,0.05231784281996643,0.033762023129367116,0.02615940295293885,stopped,0.078
fig1a,structure,euler,main,0.000125,0.125,256,0.078,last_valid,467.18422340495306,1039.701866320295,233.59784508901066,519.8605027655193,stopped,0.078
fig1a,structure,euler,time_half,6.25e-05,0.125,256,0.0,requested,6.106226635438361e-16,1.3322676295501878e-15,3.0531882546622795e-16,6.661460772090447e-16,stopped,0.07725
fig1a,structure,euler,time_half,6.25e-05,0.125,256,0.005,requested,0.00017389764399267094,0.00010137163503975977,8.69509561060944e-05,5.068675056287485e-05,stopped,0.07725
fig1a,structure,euler,time_half,6.25e-05,0.125,256,0.01,requested,0.0003448139572028719,0.0001794240601136199,0.00017241121023341317,8.971368150854347e-05,stopped,0.07725
fig1a,structure,euler,time_half,6.25e-05,0.125,256,0.02,requested,0.000682841221695929,0.0004450475516974972,0.00034142899082414795,0.00022252787214748515,stopped,0.07725
fig1a,structure,euler,time_half,6.25e-05,0.125,256,0.05,requested,0.07566653891963526,0.05765207090832569,0.03783419805606209,0.0288265660943255,stopped,0.07725
fig1a,structure,euler,time_half,6.25e-05,0.125,256,0.07725,last_valid,473.08140380977665,1225.01362761908,236.5465076629047,612.5180890581195,stopped,0.07725
fig1a,structure,heun,main,0.000125,0.125,256,0.0,requested,6.106226635438361e-16,1.3322676295501878e-15,3.0531882546622795e-16,6.661460772090447e-16,stopped,0.076375
fig1a,structure,heun,main,0.000125,0.125,256,0.005,requested,0.00017241890037711372,0.00010177789695053896,8.621156615085209e-05,5.088988525757307e-05,stopped,0.076375
fig1a,structure,heun,main,0.000125,0.125,256,0.01,requested,0.0003416027538478694,0.00018033864271016498,0.000170805569147325,9.017098122480083e-05,stopped,0.076375
fig1a,structure,heun,main,0.000125,0.125,256,0.02,requested,0.0006765600513993775,0.0004445686721212816,0.0003382883285919824,0.0002222884279516825,stopped,0.076375
fig1a,structure,heun,main,0.000125,0.125,256,0.05,requested,0.08492158434293995,0.06357281920213986,0.042461834347647456,0.03178699473687842,stopped,0.076375
fig1a,structure,heun,main,0.000125,0.125,256,0.076375,last_valid,432.1510462452508,1082.4577333517475,216.08082657437984,541.2388298140341,stopped,0.076375
fig1a,structure,heun,time_half,6.25e-05,0.125,256,0.0,requested,6.106226635438361e-16,1.3322676295501878e-15,3.0531882546622795e-16,6.661460772090447e-16,stopped,0.0764375
fig1a,structure,heun,time_half,6.25e-05,0.125,256,0.005,requested,0.00017241853064953183,0.00010177989494497552,8.621138128252377e-05,5.089088427318126e-05,stopped,0.0764375
fig1a,structure,heun,time_half,6.25e-05,0.125,256,0.01,requested,0.000341602412223585,0.00018034211502615527,0.00017080539833099032,9.01727174147558e-05,stopped,0.0764375
fig1a,structure,heun,time_half,6.25e-05,0.125,256,0.02,requested,0.0006765614964907574,0.00044455698456769,0.0003382890511554068,0.00022228258406731233,stopped,0.0764375
fig1a,structure,heun,time_half,6.25e-05,0.125,256,0.05,requested,0.0851017420496335,0.06367541139337551,0.04255191541192885,0.031838291776773456,stopped,0.0764375
fig1a,structure,heun,time_half,6.25e-05,0.125,256,0.0764375,last_valid,450.97129976258617,1238.276233497177,225.4911842992974,619.1495140686084,stopped,0.0764375
fig1a,structure,rk4,main,0.000125,0.125,256,0.0,requested,6.106226635438361e-16,1.3322676295501878e-15,3.0531882546622795e-16,6.661460772090447e-16,stopped,0.076375
fig1a,structure,rk4,main,0.000125,0.125,256,0.005,requested,0.0001724184078792934,0.00010178055962484223,8.62113198958979e-05,5.0891216619232444e-05,stopped,0.076375
fig1a,structure,rk4,main,0.000125,0.125,256,0.01,requested,0.0003416023004847446,0.00018034326984728288,0.00017080534246019882,9.017329483594879e-05,stopped,0.076375
fig1a,structure,rk4,main,0.000125,0.125,256,0.02,requested,0.0006765619806663459,0.00044455303218637887,0.000338289293249143,0.00022228060784027832,stopped,0.076375
fig1a,structure,rk4,main,0.000125,0.125,256,0.05,requested,0.0851629982831964,0.06371021658938791,0.042582544280460134,0.031855694695133024,stopped,0.076375
fig1a,structure,rk4,main,0.000125,0.125,256,0.076375,last_valid,436.14436043249725,1122.424893550636,218.07753267482443,561.2227777785013,stopped,0.076375
fig1a,structure,rk4,time_half,6.25e-05,0.125,256,0.0,requested,6.106226635438361e-16,1.3322676295501878e-15,3.0531882546622795e-16,6.661460772090447e-16,stopped,0.0764375
fig1a,structure,rk4,time_half,6.25e-05,0.125,256,0.005,requested,0.0001724184078817359,0.00010178055962528632,8.621131989711918e-05,5.0891216619454495e-05,stopped,0.0764375
fig1a,structure,rk4,time_half,6.25e-05,0.125,256,0.01,requested,0.0003416023004900737,0.00018034326984373017,0.00017080534246286344,9.017329483417241e-05,stopped,0.0764375
fig1a,structure,rk4,time_half,6.25e-05,0.125,256,0.02,requested,0.0006765619806026191,0.0004445530312999768,0.0003382892932172788,0.00022228060739706913,stopped,0.0764375
fig1a,structure,rk4,time_half,6.25e-05,0.125,256,0.05,requested,0.08516301269405868,0.06371022442465901,0.042582551486068126,0.03185569861284069,stopped,0.0764375
fig1a,structure,rk4,time_half,6.25e-05,0.125,256,0.0764375,last_valid,451.2909791282213,1245.5492345881294,225.65102790528977,622.7860815561115,stopped,0.0764375
fig1a,structure,rk8,main,0.000125,0.125,256,0.0,requested,6.106226635438361e-16,1.3322676295501878e-15,3.0531882546622795e-16,6.661460772090447e-16,stopped,0.076375
fig1a,structure,rk8,main,0.000125,0.125,256,0.005,requested,0.0001724184078817359,0.00010178055962595245,8.621131989711918e-05,5.089121661978757e-05,stopped,0.076375
fig1a,structure,rk8,main,0.000125,0.125,256,0.01,requested,0.0003416023004887414,0.00018034326984528448,0.00017080534246219727,9.017329483494958e-05,stopped,0.076375
fig1a,structure,rk8,main,0.000125,0.125,256,0.02,requested,0.0006765619805495504,0.00044455303135104707,0.0003382892931907438,0.00022228060742260475,stopped,0.076375
fig1a,structure,rk8,main,0.000125,0.125,256,0.05,requested,0.08516301519842762,0.06371022452473363,0.04258255273828333,0.03185569866287892,stopped,0.076375
fig1a,structure,rk8,main,0.000125,0.125,256,0.076375,last_valid,436.1481009154837,1122.361874106649,218.07940296222168,561.1912674764654,stopped,0.076375
fig1a,structure,rk8,time_half,6.25e-05,0.125,256,0.0,requested,6.106226635438361e-16,1.3322676295501878e-15,3.0531882546622795e-16,6.661460772090447e-16,stopped,0.0764375
fig1a,structure,rk8,time_half,6.25e-05,0.125,256,0.005,requested,0.00017241840788151386,0.00010178055962506427,8.621131989700815e-05,5.089121661934347e-05,stopped,0.0764375
fig1a,structure,rk8,time_half,6.25e-05,0.125,256,0.01,requested,0.00034160230049251616,0.0001803432698448404,0.0001708053424640847,9.017329483472753e-05,stopped,0.0764375
fig1a,structure,rk8,time_half,6.25e-05,0.125,256,0.02,requested,0.000676561980686774,0.0004445530312122692,0.0003382892932593573,0.00022228060735321453,stopped,0.0764375
fig1a,structure,rk8,time_half,6.25e-05,0.125,256,0.05,requested,0.08516301345549138,0.06371022451865804,0.04258255186679382,0.03185569865984107,stopped,0.0764375
fig1a,structure,rk8,time_half,6.25e-05,0.125,256,0.0764375,last_valid,451.2914453782191,1245.5437470862246,225.6512610360106,622.7833377546511,stopped,0.0764375
fig1a,structure,rk4,space_y,0.000125,0.0625,256,0.0,requested,2.498001805406602e-16,2.4424906541753444e-15,1.2490472923475015e-16,1.2212793462653736e-15,stopped,0.079
fig1a,structure,rk4,space_y,0.000125,0.0625,256,0.005,requested,4.0605282095595996e-05,4.311611460727782e-05,2.03033951163439e-05,2.1558657827846492e-05,stopped,0.079
fig1a,structure,rk4,space_y,0.000125,0.0625,256,0.01,requested,7.86497663705088e-05,8.015014431794754e-05,3.9326343766536e-05,4.007618849569248e-05,stopped,0.079
fig1a,structure,rk4,space_y,0.000125,0.0625,256,0.02,requested,0.00015261383274878249,0.00019349970449900056,7.63097505202217e-05,9.67525473266836e-05,stopped,0.079
fig1a,structure,rk4,space_y,0.000125,0.0625,256,0.05,requested,0.04622128692902572,0.036744371095589035,0.023111501826204382,0.018372697325920544,stopped,0.079
fig1a,structure,rk4,space_y,0.000125,0.0625,256,0.079,last_valid,291.3231555640682,952.7619418094264,145.66698785720087,476.39424103852116,stopped,0.079
fig1a,structure,rk4,space_x,0.000125,0.125,512,0.0,requested,6.106226635438361e-16,1.3877787807814457e-15,3.0531882546622795e-16,6.939021637594217e-16,stopped,0.026375
fig1a,structure,rk4,space_x,0.000125,0.125,512,0.005,requested,0.00018133610149262402,8.362551094820425e-05,9.067027614244135e-05,4.181352517853828e-05,stopped,0.026375
fig1a,structure,rk4,space_x,0.000125,0.125,512,0.01,requested,0.00036250688842676126,0.00019220161557753634,0.00018125789297686304,9.610257684744977e-05,stopped,0.026375
fig1a,structure,rk4,space_x,0.000125,0.125,512,0.02,requested,0.07138384544425733,0.07168250374532223,0.0356927987602261,0.03584191165148341,stopped,0.026375
fig1a,structure,rk4,space_x,0.000125,0.125,512,0.026375,last_valid,476.0686503688696,1179.1493155771034,238.0401676025915,589.5855108936485,stopped,0.026375
fig1a,fd,euler,main,0.000125,0.125,256,0.0,requested,6.106226635438361e-16,0.0,3.0531882546622795e-16,0.0,stopped,0.0785
fig1a,fd,euler,main,0.000125,0.125,256,0.005,requested,7.071377020140268e-05,0.00014039516513997263,3.535775291548947e-05,7.019887479266093e-05,stopped,0.0785
fig1a,fd,euler,main,0.000125,0.125,256,0.01,requested,0.0001453464445462238,0.0002948712965813449,7.267500599633328e-05,0.00014743836233980053,stopped,0.0785
fig1a,fd,euler,main,0.000125,0.125,256,0.02,requested,0.00039927727899202736,0.0007038638276604114,0.00019964353951373704,0.0003519383923210927,stopped,0.0785
fig1a,fd,euler,main,0.000125,0.125,256,0.05,requested,0.05146015668028947,0.03327756194888254,0.025730709870394632,0.016639087267183352,stopped,0.0785
fig1a,fd,euler,main,0.000125,0.125,256,0.0785,last_valid,529.5757316627297,939.2279813917927,264.7943649000761,469.6226355213287,stopped,0.0785
fig1a,fd,euler,time_half,6.25e-05,0.125,256,0.0,requested,6.106226635438361e-16,0.0,3.0531882546622795e-16,0.0,stopped,0.0775625
fig1a,fd,euler,time_half,6.25e-05,0.125,256,0.005,requested,7.096304931808461e-05,0.00014126126204594414,3.548239553303804e-05,7.063193121736037e-05,stopped,0.0775625
fig1a,fd,euler,time_half,6.25e-05,0.125,256,0.01,requested,0.00014594348815566427,0.00029687314434956313,7.297353512810271e-05,0.00014843930464928116,stopped,0.0775625
fig1a,fd,euler,time_half,6.25e-05,0.125,256,0.02,requested,0.0004047898229320168,0.0007098505471978545,0.00020239987913487153,0.0003549318071926714,stopped,0.0775625
fig1a,fd,euler,time_half,6.25e-05,0.125,256,0.05,requested,0.057628687189186456,0.03724189159997904,0.028815050826392928,0.018621288581143862,stopped,0.0775625
fig1a,fd,euler,time_half,6.25e-05,0.125,256,0.0775625,last_valid,479.86890471641294,893.1018139483201,239.94034141391217,446.5591272459448,stopped,0.0775625
fig1a,fd,heun,main,0.000125,0.125,256,0.0,requested,6.106226635438361e-16,0.0,3.0531882546622795e-16,0.0,stopped,0.076625
fig1a,fd,heun,main,0.000125,0.125,256,0.005,requested,7.121260664000317e-05,0.00014212589398088227,3.5607177256619125e-05,7.106425514305926e-05,stopped,0.076625
fig1a,fd,heun,main,0.000125,0.125,256,0.01,requested,0.00014654114849754762,0.0002988730118751448,7.327237263366226e-05,0.000149439256819217,stopped,0.076625
fig1a,fd,heun,main,0.000125,0.125,256,0.02,requested,0.0004102985326395192,0.0007158549768349065,0.00020515430159270796,0.00035793407727706156,stopped,0.076625
fig1a,fd,heun,main,0.000125,0.125,256,0.05,requested,0.06463165603566101,0.041731767171414136,0.03231662119158901,0.020866267692494053,stopped,0.076625
fig1a,fd,heun,main,0.000125,0.125,256,0.076625,last_valid,425.17053338919425,786.9337220959369,212.59048447997753,393.474104129296,stopped,0.076625
fig1a,fd,heun,time_half,6.25e-05,0.125,256,0.0,requested,6.106226635438361e-16,0.0,3.0531882546622795e-16,0.0,stopped,0.0766875
fig1a,fd,heun,time_half,6.25e-05,0.125,256,0.005,requested,7.121303335000384e-05,0.00014212903037780222,3.560739061685614e-05,7.106582337038721e-05,stopped,0.0766875
fig1a,fd,heun,time_half,6.25e-05,0.125,256,0.01,requested,0.0001465427531939234,0.0002988803956445185,7.327317500154333e-05,0.00014944294877186542,stopped,0.0766875
fig1a,fd,heun,time_half,6.25e-05,0.125,256,0.02,requested,0.00041030338304781644,0.0007158828920312832,0.00020515672685638184,0.00035794803513218646,stopped,0.0766875
fig1a,fd,heun,time_half,6.25e-05,0.125,256,0.05,requested,0.06476734897652969,0.04181775527362275,0.03238446932727668,0.020909262535048517,stopped,0.0766875
fig1a,fd,heun,time_half,6.25e-05,0.125,256,0.0766875,last_valid,459.9107023319442,944.4629326577709,229.9609952902716,472.24015933776286,stopped,0.0766875
fig1a,fd,rk4,main,0.000125,0.125,256,0.0,requested,6.106226635438361e-16,0.0,3.0531882546622795e-16,0.0,stopped,0.076625
fig1a,fd,rk4,main,0.000125,0.125,256,0.005,requested,7.121317741765054e-05,0.0001421300776733858,3.560746265244752e-05,7.106634702781851e-05,stopped,0.076625
fig1a,fd,rk4,main,0.000125,0.125,256,0.01,requested,0.0001465432916045728,0.0002988828632244367,7.327344421347552e-05,0.00014944418258453656,stopped,0.076625
fig1a,fd,rk4,main,0.000125,0.125,256,0.02,requested,0.0004103049946988513,0.0007158922524204137,0.0002051575327016778,0.0003579527154129064,stopped,0.076625
fig1a,fd,rk4,main,0.000125,0.125,256,0.05,requested,0.06481348532570097,0.04184698725936431,0.03240753806805764,0.02092387879697582,stopped,0.076625
fig1a,fd,rk4,main,0.000125,0.125,256,0.076625,last_valid,434.9152263518825,838.3524985825734,217.46295055031592,419.1839656403996,stopped,0.076625
fig1a,fd,rk4,time_half,6.25e-05,0.125,256,0.0,requested,6.106226635438361e-16,0.0,3.0531882546622795e-16,0.0,stopped,0.0766875
fig1a,fd,rk4,time_half,6.25e-05,0.125,256,0.005,requested,7.121317742275757e-05,0.0001421300776838219,3.5607462655001095e-05,7.106634703303665e-05,stopped,0.0766875
fig1a,fd,rk4,time_half,6.25e-05,0.125,256,0.01,requested,0.00014654329159879964,0.00029888286326706925,7.327344421058887e-05,0.00014944418260585322,stopped,0.0766875
fig1a,fd,rk4,time_half,6.25e-05,0.125,256,0.02,requested,0.00041030499452543445,0.0007158922528924805,0.00020515753261496727,0.0003579527156489442,stopped,0.0766875
fig1a,fd,rk4,time_half,6.25e-05,0.125,256,0.05,requested,0.06481349715765372,0.041846995368638895,0.03240754398417922,0.02092388285168775,stopped,0.0766875
fig1a,fd,rk4,time_half,6.25e-05,0.125,256,0.0766875,last_valid,462.2134350506132,958.2754298988889,231.11238990924352,479.14653509106256,stopped,0.0766875
fig1a,fd,rk8,main,0.000125,0.125,256,0.0,requested,6.106226635438361e-16,0.0,3.0531882546622795e-16,0.0,stopped,0.076625
fig1a,fd,rk8,main,0.000125,0.125,256,0.005,requested,7.121317742297961e-05,0.00014213007768359986,3.560746265511212e-05,7.106634703292563e-05,stopped,0.076625
fig1a,fd,rk8,main,0.000125,0.125,256,0.01,requested,0.000146543291600576,0.0002988828632681795,7.327344421147708e-05,0.00014944418260640833,stopped,0.076625
fig1a,fd,rk8,main,0.000125,0.125,256,0.02,requested,0.00041030499449146163,0.0007158922528984757,0.00020515753259798042,0.00035795271565194187,stopped,0.076625
fig1a,fd,rk8,main,0.000125,0.125,256,0.05,requested,0.06481349807461734,0.0418469956707348,0.032407544442672284,0.020923883002738484,stopped,0.076625
fig1a,fd,rk8,main,0.000125,0.125,256,0.076625,last_valid,434.91501844938443,838.3539264925671,217.46284659651548,419.18467960853917,stopped,0.076625
fig1a,fd,rk8,time_half,6.25e-05,0.125,256,0.0,requested,6.106226635438361e-16,0.0,3.0531882546622795e-16,0.0,stopped,0.0766875
fig1a,fd,rk8,time_half,6.25e-05,0.125,256,0.005,requested,7.121317742320166e-05,0.0001421300776838219,3.5607462655223146e-05,7.106634703303665e-05,stopped,0.0766875
fig1a,fd,rk8,time_half,6.25e-05,0.125,256,0.01,requested,0.00014654329159791146,0.0002988828632668472,7.327344421014477e-05,0.0001494441826057422,stopped,0.0766875
fig1a,fd,rk8,time_half,6.25e-05,0.125,256,0.02,requested,0.0004103049945287651,0.00071589225289026,0.00020515753261663263,0.00035795271564783394,stopped,0.0766875
fig1a,fd,rk8,time_half,6.25e-05,0.125,256,0.05,requested,0.06481349838437933,0.04184699589310292,0.03240754459755708,0.020923883113924593,stopped,0.0766875
fig1a,fd,rk8,time_half,6.25e-05,0.125,256,0.0766875,last_valid,462.21341359179576,958.2752664319207,231.11237917957143,479.1464533560739,stopped,0.0766875
fig1a,fd,rk4,space_y,0.000125,0.0625,256,0.0,requested,2.498001805406602e-16,0.0,1.2490472923475015e-16,0.0,stopped,0.07725
fig1a,fd,rk4,space_y,0.000125,0.0625,256,0.005,requested,3.229973027107924e-05,6.056357564943049e-05,1.6150464964167367e-05,3.028263135835937e-05,stopped,0.07725
fig1a,fd,rk4,space_y,0.000125,0.0625,256,0.01,requested,6.672937793372746e-05,0.00013064891608305373,3.3365928178177895e-05,6.532627772860946e-05,stopped,0.07725
fig1a,fd,rk4,space_y,0.000125,0.0625,256,0.02,requested,0.0001921077599602583,0.0003345763950755032,9.605744755586645e-05,0.00016729285754077733,stopped,0.07725
fig1a,fd,rk4,space_y,0.000125,0.0625,256,0.05,requested,0.05544632971362673,0.03342426357932804,0.027724194534014583,0.016712597325104373,stopped,0.07725
fig1a,fd,rk4,space_y,0.000125,0.0625,256,0.07725,last_valid,384.2417434055983,876.791511865148,192.12800734126222,438.40796794501233,stopped,0.07725
fig1a,fd,rk4,space_x,0.000125,0.125,512,0.0,requested,6.106226635438361e-16,0.0,3.0531882546622795e-16,0.0,stopped,0.02625
fig1a,fd,rk4,space_x,0.000125,0.125,512,0.005,requested,5.360930492059879e-05,0.0001129326097626393,2.6805310365364544e-05,5.6467344333631934e-05,stopped,0.02625
fig1a,fd,rk4,space_x,0.000125,0.125,512,0.01,requested,0.0001115708741146193,0.00023430921660327897,5.578680627937496e-05,0.00011715676492635132,stopped,0.02625
fig1a,fd,rk4,space_x,0.000125,0.125,512,0.02,requested,0.07140989118571861,0.07157630821229774,0.035705821950595754,0.03578881290752814,stopped,0.02625
fig1a,fd,rk4,space_x,0.000125,0.125,512,0.02625,last_valid,327.23257289987794,696.0423318123288,163.6203023193391,348.0275724065788,stopped,0.02625
fig1b,structure,euler,main,0.000125,0.125,256,0.0,requested,4.163336342344337e-17,2.220446049250313e-16,1.2132874704502358e-16,4.575593051785113e-16,stopped,0.04925
fig1b,structure,euler,main,0.000125,0.125,256,0.005,requested,0.00021462858126605972,0.00016999520847076657,0.0006254747323729029,0.0003503029920399187,stopped,0.04925
fig1b,structure,euler,main,0.000125,0.125,256,0.01,requested,0.0009233938834296348,0.0007221402250654914,0.002690972184161097,0.0014880883043025526,stopped,0.04925
fig1b,structure,euler,main,0.000125,0.125,256,0.02,requested,0.016163151163746198,0.008717967159621224,0.04710296545227928,0.01796480034933596,stopped,0.04925
fig1b,structure,euler,main,0.000125,0.125,256,0.04925,last_valid,480.1614654702855,1048.6661374392988,1399.2957617257482,2160.9484696687964,stopped,0.04925
fig1b,structure,euler,time_half,6.25e-05,0.125,256,0.0,requested,4.163336342344337e-17,2.220446049250313e-16,1.2132874704502358e-16,4.575593051785113e-16,stopped,0.0486875
fig1b,structure,euler,time_half,6.25e-05,0.125,256,0.005,requested,0.000217258165988322,0.0001721163994604668,0.000633137918658284,0.0003546740537719786,stopped,0.0486875
fig1b,structure,euler,time_half,6.25e-05,0.125,256,0.01,requested,0.0009455153137343125,0.0007365277226808831,0.0027554388810842444,0.001517736101484469,stopped,0.0486875
fig1b,structure,euler,time_half,6.25e-05,0.125,256,0.02,requested,0.017112026015445734,0.009079581148392236,0.04986819476340457,0.018709965247626362,stopped,0.0486875
fig1b,structure,euler,time_half,6.25e-05,0.125,256,0.0486875,last_valid,442.37286301766113,1082.5442074230025,1289.1714909209124,2230.759786038163,stopped,0.0486875
fig1b,structure,heun,main,0.000125,0.125,256,0.0,requested,4.163336342344337e-17,2.220446049250313e-16,1.2132874704502358e-16,4.575593051785113e-16,stopped,0.048125
fig1b,structure,heun,main,0.000125,0.125,256,0.005,requested,0.00021992036001609834,0.00017425717562557252,0.0006408961356078896,0.000359085473968291,stopped,0.048125
fig1b,structure,heun,main,0.000125,0.125,256,0.01,requested,0.0009682500742510612,0.0007511548180900313,0.0028216929566872878,0.0015478776291944054,stopped,0.048125
fig1b,structure,heun,main,0.000125,0.125,256,0.02,requested,0.018119066518534427,0.009635202007864408,0.05280293153258285,0.019854913103885288,stopped,0.048125
fig1b,structure,heun,main,0.000125,0.125,256,0.048125,last_valid,401.60706433824856,1036.222291730067,1170.3710177101,2135.3058858357545,stopped,0.048125
fig1b,structure,heun,time_half,6.25e-05,0.125,256,0.0,requested,4.163336342344337e-17,2.220446049250313e-16,1.2132874704502358e-16,4.575593051785113e-16,stopped,0.0481875
fig1b,structure,heun,time_half,6.25e-05,0.125,256,0.005,requested,0.00021996741575362549,0.0001742908800871995,0.0006410332663416567,0.0003591549275361841,stopped,0.0481875
fig1b,structure,heun,time_half,6.25e-05,0.125,256,0.01,requested,0.0009686839084836036,0.0007513773554454768,0.002822957244737337,0.0015483362038928008,stopped,0.0481875
fig1b,structure,heun,time_half,6.25e-05,0.125,256,0.02,requested,0.018139612374612684,0.00964838279041058,0.052862806660844495,0.019882074266866806,stopped,0.0481875
fig1b,structure,heun,time_half,6.25e-05,0.125,256,0.0481875,last_valid,413.68407361076873,1176.1030220823973,1205.5660700094516,2423.5530594587503,stopped,0.0481875
fig1b,structure,rk4,main,0.000125,0.125,256,0.0,requested,4.163336342344337e-17,2.220446049250313e-16,1.2132874704502358e-16,4.575593051785113e-16,stopped,0.048125
fig1b,structure,rk4,main,0.000125,0.125,256,0.005,requested,0.0002199833969425686,0.00017430228950666998,0.0006410798390293119,0.00035917843851519284,stopped,0.048125
fig1b,structure,rk4,main,0.000125,0.125,256,0.01,requested,0.0009688313458966807,0.0007514525864568533,0.00282338690967731,0.0015484912297233314,stopped,0.048125
fig1b,structure,rk4,main,0.000125,0.125,256,0.02,requested,0.018146600953304996,0.009652866605337393,0.052883172911049645,0.019891313902493865,stopped,0.048125
fig1b,structure,rk4,main,0.000125,0.125,256,0.048125,last_valid,398.99161218049784,1041.4469289506196,1162.7490168155623,2146.072107231915,stopped,0.048125
fig1b,structure,rk4,time_half,6.25e-05,0.125,256,0.0,requested,4.163336342344337e-17,2.220446049250313e-16,1.2132874704502358e-16,4.575593051785113e-16,stopped,0.0481875
fig1b,structure,rk4,time_half,6.25e-05,0.125,256,0.005,requested,0.00021998340102770013,0.00017430229146255959,0.0006410798509342806,0.000359178442545624,stopped,0.0481875
fig1b,structure,rk4,time_half,6.25e-05,0.125,256,0.01,requested,0.0009688313867062268,0.0007514525962061167,0.0028233870286052723,0.0015484912498132867,stopped,0.0481875
fig1b,structure,rk4,time_half,6.25e-05,0.125,256,0.02,requested,0.01814660295015353,0.00965286787819456,0.05288317873030399,0.0198913165254247,stopped,0.0481875
fig1b,structure,rk4,time_half,6.25e-05,0.125,256,0.0481875,last_valid,412.247462750097,1170.5976983332423,1201.3794710564969,2412.208437461307,stopped,0.0481875
fig1b,structure,rk8,main,0.000125,0.125,256,0.0,requested,4.163336342344337e-17,2.220446049250313e-16,1.2132874704502358e-16,4.575593051785113e-16,stopped,0.048125
fig1b,structure,rk8,main,0.000125,0.125,256,0.005,requested,0.0002199834013048647,0.00017430229159443465,0.000641079851741999,0.00035917844281737417,stopped,0.048125
fig1b,structure,rk8,main,0.000125,0.125,256,0.01,requested,0.0009688313894748505,0.0007514525968612397,0.0028233870366736486,0.001548491251163275,stopped,0.048125
fig1b,structure,rk8,main,0.000125,0.125,256,0.02,requested,0.018146603085615352,0.009652867964502689,0.05288317912506943,0.019891316703276745,stopped,0.048125
fig1b,structure,rk8,main,0.000125,0.125,256,0.048125,last_valid,398.9924807332798,1041.3387043374867,1162.7515479687556,2145.8490926767763,stopped,0.048125
fig1b,structure,rk8,time_half,6.25e-05,0.125,256,0.0,requested,4.163336342344337e-17,2.220446049250313e-16,1.2132874704502358e-16,4.575593051785113e-16,stopped,0.0481875
fig1b,structure,rk8,time_half,6.25e-05,0.125,256,0.005,requested,0.00021998340130493035,0.0001743022915944321,0.0006410798517421904,0.0003591784428173689,stopped,0.0481875
fig1b,structure,rk8,time_half,6.25e-05,0.125,256,0.01,requested,0.0009688313894748867,0.0007514525968611769,0.002823387036673754,0.0015484912511631458,stopped,0.0481875
fig1b,structure,rk8,time_half,6.25e-05,0.125,256,0.02,requested,0.018146603085606734,0.009652867964491002,0.05288317912504431,0.019891316703252664,stopped,0.0481875
fig1b,structure,rk8,time_half,6.25e-05,0.125,256,0.0481875,last_valid,412.2480246285468,1170.5945679553786,1201.3811084934632,2412.2019868045986,stopped,0.0481875
fig1b,structure,rk4,space_y,0.000125,0.0625,256,0.0,requested,5.551115123125783e-17,3.3306690738754696e-16,1.617716627266981e-16,6.86338957767767e-16,stopped,0.048
fig1b,structure,rk4,space_y,0.000125,0.0625,256,0.005,requested,0.000225974535402139,0.0001841660830765363,0.0006585393297574529,0.00037950440200246654,stopped,0.048
fig1b,structure,rk4,space_y,0.000125,0.0625,256,0.01,requested,0.000994940802277259,0.0007915460177291818,0.0028994755887605493,0.001631110316826947,stopped,0.048
fig1b,structure,rk4,space_y,0.000125,0.0625,256,0.02,requested,0.01876950174587455,0.009993613081956428,0.05469844236038893,0.0205934778714697,stopped,0.048
fig1b,structure,rk4,space_y,0.000125,0.0625,256,0.048,last_valid,417.62461303634734,1072.6062115609907,1217.0496656614368,2210.2809165649583,stopped,0.048
fig1b,structure,rk4,space_x,0.000125,0.125,512,0.0,requested,4.163336342344337e-17,2.220446049250313e-16,1.2132874704502358e-16,4.575593051785113e-16,stopped,0.013000000000000001
fig1b,structure,rk4,space_x,0.000125,0.125,512,0.005,requested,0.014147733085373447,0.011259160627961494,0.04122959539245934,0.023201346033886693,stopped,0.013000000000000001
fig1b,structure,rk4,space_x,0.000125,0.125,512,0.01,requested,5.887595714167952,3.3685327545884935,17.157744471478683,6.941413898261373,stopped,0.013000000000000001
fig1b,structure,rk4,space_x,0.000125,0.125,512,0.013000000000000001,last_valid,664.1373505003713,976.5617149466967,1935.4418181990657,2012.3654880325078,stopped,0.013000000000000001
fig1b,fd,euler,main,0.000125,0.125,256,0.0,requested,4.163336342344337e-17,0.0,1.2132874704502358e-16,0.0,stopped,0.049375
fig1b,fd,euler,main,0.000125,0.125,256,0.005,requested,0.0002137174719127145,0.00016875724372770895,0.0006228195600021756,0.00034775196276424597,stopped,0.049375
fig1b,fd,euler,main,0.000125,0.125,256,0.01,requested,0.000909081427653237,0.0006897019669357179,0.0026492625507397957,0.0014212439562668435,stopped,0.049375
fig1b,fd,euler,main,0.000125,0.125,256,0.02,requested,0.015545994831381523,0.008232156946722718,0.04530443661916213,0.01696370877344509,stopped,0.049375
fig1b,fd,euler,main,0.000125,0.125,256,0.049375,last_valid,410.7717466677232,943.9315295641,1197.0789109156417,1945.1256424323506,stopped,0.049375
fig1b,fd,euler,time_half,6.25e-05,0.125,256,0.0,requested,4.163336342344337e-17,0.0,1.2132874704502358e-16,0.0,stopped,0.048875
fig1b,fd,euler,time_half,6.25e-05,0.125,256,0.005,requested,0.00021628672085169186,0.000170751305536117,0.0006303069145894667,0.00035186105397970804,stopped,0.048875
fig1b,fd,euler,time_half,6.25e-05,0.125,256,0.01,requested,0.0009304356083011966,0.000701908342446586,0.002711493313982218,0.0014463971938309195,stopped,0.048875
fig1b,fd,euler,time_half,6.25e-05,0.125,256,0.02,requested,0.0164484767295549,0.008802997200585054,0.0479344666943814,0.018140018686551792,stopped,0.048875
fig1b,fd,euler,time_half,6.25e-05,0.125,256,0.048875,last_valid,419.8721163801512,973.9303063644444,1223.59938305779,2006.9430393180135,stopped,0.048875
fig1b,fd,heun,main,0.000125,0.125,256,0.0,requested,4.163336342344337e-17,0.0,1.2132874704502358e-16,0.0,stopped,0.04825
fig1b,fd,heun,main,0.000125,0.125,256,0.005,requested,0.00021888732956035266,0.00017276064079530613,0.0006378856584196739,0.0003560016186440721,stopped,0.04825
fig1b,fd,heun,main,0.000125,0.125,256,0.01,requested,0.0009523748292004125,0.0007142839524911794,0.0027754290127575657,0.001471899166892036,stopped,0.04825
fig1b,fd,heun,main,0.000125,0.125,256,0.02,requested,0.017405893197173103,0.009410052373641639,0.05072458814661505,0.01939095537687387,stopped,0.04825
fig1b,fd,heun,main,0.000125,0.125,256,0.04825,last_valid,361.59017523960085,801.140891449609,1053.7530311785417,1650.8821268841039,stopped,0.04825
fig1b,fd,heun,time_half,6.25e-05,0.125,256,0.0,requested,4.163336342344337e-17,0.0,1.2132874704502358e-16,0.0,stopped,0.0483125
fig1b,fd,heun,time_half,6.25e-05,0.125,256,0.005,requested,0.00021893276449410607,0.0001727897036559273,0.0006380180657759642,0.00035606150743225867,stopped,0.0483125
fig1b,fd,heun,time_half,6.25e-05,0.125,256,0.01,requested,0.0009527905772004966,0.00071445578114857,0.002776640593561731,0.0014722532480061074,stopped,0.0483125
fig1b,fd,heun,time_half,6.25e-05,0.125,256,0.02,requested,0.0174253503218285,0.009422773193447023,0.05078129047286066,0.019417168711232603,stopped,0.0483125
fig1b,fd,heun,time_half,6.25e-05,0.125,256,0.0483125,last_valid,385.57946514658545,954.3640112825788,1123.6630804174495,1966.6234810670987,stopped,0.0483125
fig1b,fd,rk4,main,0.000125,0.125,256,0.0,requested,4.163336342344337e-17,0.0,1.2132874704502358e-16,0.0,stopped,0.04825
fig1b,fd,rk4,main,0.000125,0.125,256,0.005,requested,0.00021894819391841074,0.00017279952679370342,0.0006380630305005163,0.0003560817496178188,stopped,0.04825
fig1b,fd,rk4,main,0.000125,0.125,256,0.01,requested,0.0009529318540158122,0.0007145137953763154,0.002777052305169425,0.0014723727958318546,stopped,0.04825
fig1b,fd,rk4,main,0.000125,0.125,256,0.02,requested,0.017431968137192402,0.009427100174674135,0.05080057623745554,0.019426085165313828,stopped,0.04825
fig1b,fd,rk4,main,0.000125,0.125,256,0.04825,last_valid,363.30644955792724,821.6561729231411,1058.7546307493042,1693.1572271493874,stopped,0.04825
fig1b,fd,rk4,time_half,6.25e-05,0.125,256,0.0,requested,4.163336342344337e-17,0.0,1.2132874704502358e-16,0.0,stopped,0.0483125
fig1b,fd,rk4,time_half,6.25e-05,0.125,256,0.005,requested,0.00021894819781388707,0.00017279952819449182,0.0006380630418527882,0.0003560817525043729,stopped,0.0483125
fig1b,fd,rk4,time_half,6.25e-05,0.125,256,0.01,requested,0.0009529318927550209,0.000714513801504172,0.0027770524180639705,0.0014723728084593075,stopped,0.0483125
fig1b,fd,rk4,time_half,6.25e-05,0.125,256,0.02,requested,0.017431970017262936,0.00942710139344268,0.050800581716393185,0.019426087676786188,stopped,0.0483125
fig1b,fd,rk4,time_half,6.25e-05,0.125,256,0.0483125,last_valid,385.3291970610841,955.298082310356,1122.9337443575591,1968.5482875293021,stopped,0.0483125
fig1b,fd,rk8,main,0.000125,0.125,256,0.0,requested,4.163336342344337e-17,0.0,1.2132874704502358e-16,0.0,stopped,0.04825
fig1b,fd,rk8,main,0.000125,0.125,256,0.005,requested,0.00021894819807826744,0.0001727995282890636,0.0006380630426232505,0.0003560817526992536,stopped,0.04825
fig1b,fd,rk8,main,0.000125,0.125,256,0.01,requested,0.0009529318953833028,0.0007145138019169215,0.00277705242572336,0.0014723728093098455,stopped,0.04825
fig1b,fd,rk8,main,0.000125,0.125,256,0.02,requested,0.017431970144804947,0.009427101476288028,0.05080058208807856,0.01942608784750261,stopped,0.04825
fig1b,fd,rk8,main,0.000125,0.125,256,0.04825,last_valid,363.3005179734345,821.5448259064385,1058.7373448118897,1692.9277783698806,stopped,0.04825
fig1b,fd,rk8,time_half,6.25e-05,0.125,256,0.0,requested,4.163336342344337e-17,0.0,1.2132874704502358e-16,0.0,stopped,0.0483125
fig1b,fd,rk8,time_half,6.25e-05,0.125,256,0.005,requested,0.00021894819807824614,0.00017279952828880196,0.0006380630426231885,0.0003560817526987144,stopped,0.0483125
fig1b,fd,rk8,time_half,6.25e-05,0.125,256,0.01,requested,0.0009529318953829639,0.0007145138019150441,0.002777052425722372,0.0014723728093059768,stopped,0.0483125
fig1b,fd,rk8,time_half,6.25e-05,0.125,256,0.02,requested,0.017431970144786268,0.009427101476241135,0.05080058208802413,0.01942608784740598,stopped,0.0483125
fig1b,fd,rk8,time_half,6.25e-05,0.125,256,0.0483125,last_valid,385.3290366290356,955.2917494353021,1122.9332768234033,1968.5352376021922,stopped,0.0483125
fig1b,fd,rk4,space_y,0.000125,0.0625,256,0.0,requested,5.551115123125783e-17,0.0,1.617716627266981e-16,0.0,stopped,0.048
fig1b,fd,rk4,space_y,0.000125,0.0625,256,0.005,requested,0.00022541587520449565,0.00018265762694760323,0.0006569112714832605,0.0003763959808882498,stopped,0.048
fig1b,fd,rk4,space_y,0.000125,0.0625,256,0.01,requested,0.0009866575504871595,0.0007627441980786277,0.002875336377356233,0.0015717594463492165,stopped,0.048
fig1b,fd,rk4,space_y,0.000125,0.0625,256,0.02,requested,0.018399927509802967,0.009876037332134447,0.05362142202584065,0.02035119376637941,stopped,0.048
fig1b,fd,rk4,space_y,0.000125,0.0625,256,0.048,last_valid,383.11236056680474,844.884167969073,1116.4733968828907,1741.0223183885773,stopped,0.048
fig1b,fd,rk4,space_x,0.000125,0.125,512,0.0,requested,4.163336342344337e-17,0.0,1.2132874704502358e-16,0.0,stopped,0.013000000000000001
fig1b,fd,rk4,space_x,0.000125,0.125,512,0.005,requested,0.013505509111080526,0.010135392076996534,0.03935801395593866,0.020885636730638386,stopped,0.013000000000000001
fig1b,fd,rk4,space_x,0.000125,0.125,512,0.01,requested,5.4024906837249755,3.1446648476149,15.744042077793567,6.480097380342871,stopped,0.013000000000000001
fig1b,fd,rk4,space_x,0.000125,0.125,512,0.013000000000000001,last_valid,547.219807411747,656.7984262845297,1594.7184693250315,1353.4408173283687,stopped,0.013000000000000001
