case,model,method,purpose,dt,h,nx,status,reached,first_sample_over_1pct,reason
fig1a,structure,euler,main,0.000125,0.125,256,stopped,0.078,0.05,state magnitude exceeded 1000 or nonfinite state
fig1a,structure,euler,time_half,6.25e-05,0.125,256,stopped,0.07725,0.05,state magnitude exceeded 1000 or nonfinite state
fig1a,structure,heun,main,0.000125,0.125,256,stopped,0.076375,0.05,state magnitude exceeded 1000 or nonfinite state
fig1a,structure,heun,time_half,6.25e-05,0.125,256,stopped,0.0764375,0.05,state magnitude exceeded 1000 or nonfinite state
fig1a,structure,rk4,main,0.000125,0.125,256,stopped,0.076375,0.05,state magnitude exceeded 1000 or nonfinite state
fig1a,structure,rk4,time_half,6.25e-05,0.125,256,stopped,0.0764375,0.05,state magnitude exceeded 1000 or nonfinite state
fig1a,structure,rk8,main,0.000125,0.125,256,stopped,0.076375,0.05,state magnitude exceeded 1000 or nonfinite state
fig1a,structure,rk8,time_half,6.25e-05,0.125,256,stopped,0.0764375,0.05,state magnitude exceeded 1000 or nonfinite state
fig1a,structure,rk4,space_y,0.000125,0.0625,256,stopped,0.079,0.05,state magnitude exceeded 1000 or nonfinite state
fig1a,structure,rk4,space_x,0.000125,0.125,512,stopped,0.026375,0.02,state magnitude exceeded 1000 or nonfinite state
fig1a,fd,euler,main,0.000125,0.125,256,stopped,0.0785,0.05,state magnitude exceeded 1000 or nonfinite state
fig1a,fd,euler,time_half,6.25e-05,0.125,256,stopped,0.0775625,0.05,state magnitude exceeded 1000 or nonfinite state
fig1a,fd,heun,main,0.000125,0.125,256,stopped,0.076625,0.05,state magnitude exceeded 1000 or nonfinite state
fig1a,fd,heun,time_half,6.25e-05,0.125,256,stopped,0.0766875,0.05,state magnitude exceeded 1000 or nonfinite state
fig1a,fd,rk4,main,0.000125,0.125,256,stopped,0.076625,0.05,state magnitude exceeded 1000 or nonfinite state
fig1a,fd,rk4,time_half,6.25e-05,0.125,256,stopped,0.0766875,0.05,state magnitude exceeded 1000 or nonfinite state
fig1a,fd,rk8,main,0.000125,0.125,256,stopped,0.076625,0.05,state magnitude exceeded 1000 or nonfinite state
fig1a,fd,rk8,time_half,6.25e-05,0.125,256,stopped,0.0766875,0.05,state magnitude exceeded 1000 or nonfinite state
fig1a,fd,rk4,space_y,0.000125,0.0625,256,stopped,0.07725,0.05,state magnitude exceeded 1000 or nonfinite state
fig1a,fd,rk4,space_x,0.000125,0.125,512,stopped,0.02625,0.02,state magnitude exceeded 1000 or nonfinite state
fig1b,structure,euler,main,0.000125,0.125,256,stopped,0.04925,0.02,state magnitude exceeded 1000 or nonfinite state
fig1b,structure,euler,time_half,6.25e-05,0.125,256,stopped,0.0486875,0.02,state magnitude exceeded 1000 or nonfinite state
fig1b,structure,heun,main,0.000125,0.125,256,stopped,0.048125,0.02,state magnitude exceeded 1000 or nonfinite state
fig1b,structure,heun,time_half,6.25e-05,0.125,256,stopped,0.0481875,0.02,state magnitude exceeded 1000 or nonfinite state
fig1b,structure,rk4,main,0.000125,0.125,256,stopped,0.048125,0.02,state magnitude exceeded 1000 or nonfinite state
fig1b,structure,rk4,time_half,6.25e-05,0.125,256,stopped,0.0481875,0.02,state magnitude exceeded 1000 or nonfinite state
fig1b,structure,rk8,main,0.000125,0.125,256,stopped,0.048125,0.02,state magnitude exceeded 1000 or nonfinite state
fig1b,structure,rk8,time_half,6.25e-05,0.125,256,stopped,0.0481875,0.02,state magnitude exceeded 1000 or nonfinite state
fig1b,structure,rk4,space_y,0.000125,0.0625,256,stopped,0.048,0.02,state magnitude exceeded 1000 or nonfinite state
fig1b,structure,rk4,space_x,0.000125,0.125,512,stopped,0.013000000000000001,0.005,state magnitude exceeded 1000 or nonfinite state
fig1b,fd,euler,main,0.000125,0.125,256,stopped,0.049375,0.02,state magnitude exceeded 1000 or nonfinite state
fig1b,fd,euler,time_half,6.25e-05,0.125,256,stopped,0.048875,0.02,state magnitude exceeded 1000 or nonfinite state
fig1b,fd,heun,main,0.000125,0.125,256,stopped,0.04825,0.02,state magnitude exceeded 1000 or nonfinite state
fig1b,fd,heun,time_half,6.25e-05,0.125,256,stopped,0.0483125,0.02,state magnitude exceeded 1000 or nonfinite state
fig1b,fd,rk4,main,0.000125,0.125,256,stopped,0.04825,0.02,state magnitude exceeded 1000 or nonfinite state
fig1b,fd,rk4,time_half,6.25e-05,0.125,256,stopped,0.0483125,0.02,state magnitude exceeded 1000 or nonfinite state
fig1b,fd,rk8,main,0.000125,0.125,256,stopped,0.04825,0.02,state magnitude exceeded 1000 or nonfinite state
fig1b,fd,rk8,time_half,6.25e-05,0.125,256,stopped,0.0483125,0.02,state magnitude exceeded 1000 or nonfinite state
fig1b,fd,rk4,space_y,0.000125,0.0625,256,stopped,0.048,0.02,state magnitude exceeded 1000 or nonfinite state
fig1b,fd,rk4,space_x,0.000125,0.125,512,stopped,0.013000000000000001,0.005,state magnitude exceeded 1000 or nonfinite state
