key,comparison,u,v
p1.000000_fd_fixed_main,moving_to_fixed,1.0,1.0
p1.000000_fd_minus_main,moving_to_fixed,0.546688339892716,0.5338756176133809
p1.000000_fd_plus_main,moving_to_fixed,0.2694672881119043,0.4119117560568254
p1.000000_fd_symmetric_main,moving_to_fixed,0.3555200798201254,0.3844132251311277
p1.000000_sd_fixed_main,moving_to_fixed,1.0,1.0
p1.000000_sd_fixed_main,sd_to_fd,0.889600258563924,0.9420028162994589
p1.000000_sd_minus_main,moving_to_fixed,0.48823000373609,0.498920194469235
p1.000000_sd_minus_main,sd_to_fd,0.7944737538165265,0.8803253282097698
p1.000000_sd_plus_main,moving_to_fixed,0.26390822027018707,0.42382914231543434
p1.000000_sd_plus_main,sd_to_fd,0.8712479449156998,0.9692567396300408
p1.000000_sd_symmetric_main,moving_to_fixed,0.34269821210600715,0.3317543553840167
p1.000000_sd_symmetric_main,sd_to_fd,0.8575167350692088,0.812962501445556
p1.000000_fd_fixed_time_half,moving_to_fixed,1.0,1.0
p1.000000_fd_minus_time_half,moving_to_fixed,0.5477464376844576,0.5345480104441274
p1.000000_fd_plus_time_half,moving_to_fixed,0.2693568198074267,0.40798479194909804
p1.000000_fd_symmetric_time_half,moving_to_fixed,0.35649704901894674,0.38555714335786073
p1.000000_sd_fixed_time_half,moving_to_fixed,1.0,1.0
p1.000000_sd_fixed_time_half,sd_to_fd,0.8898538660208969,0.9423691151670591
p1.000000_sd_minus_time_half,moving_to_fixed,0.48633187812380424,0.4997716002888344
p1.000000_sd_minus_time_half,sd_to_fd,0.7900814540157266,0.8810608430821971
p1.000000_sd_plus_time_half,moving_to_fixed,0.2646309919391799,0.41970750020263214
p1.000000_sd_plus_time_half,sd_to_fd,0.8742415039440233,0.9694463945711963
p1.000000_sd_symmetric_time_half,moving_to_fixed,0.34114740343410366,0.3329130573403853
p1.000000_sd_symmetric_time_half,sd_to_fd,0.8515395475621281,0.8136977583689294
p1.000000_fd_fixed_fine_half,moving_to_fixed,1.0,1.0
p1.000000_fd_minus_fine_half,moving_to_fixed,0.6381770007973677,0.6636646660914208
p1.000000_fd_plus_fine_half,moving_to_fixed,0.46615400435794785,0.572317481273107
p1.000000_fd_symmetric_fine_half,moving_to_fixed,0.5323351087198391,0.5878498255069952
p1.000000_sd_fixed_fine_half,moving_to_fixed,1.0,1.0
p1.000000_sd_fixed_fine_half,sd_to_fd,0.7133130445217605,0.6181158446809
p1.000000_sd_minus_fine_half,moving_to_fixed,0.8201852855662063,0.9610575778309283
p1.000000_sd_minus_fine_half,sd_to_fd,0.9167501529954749,0.895098001836538
p1.000000_sd_plus_fine_half,moving_to_fixed,0.954662195524764,1.0488986740119817
p1.000000_sd_plus_fine_half,sd_to_fd,1.4608326664865365,1.1328343289975569
p1.000000_sd_symmetric_fine_half,moving_to_fixed,0.8248491359447722,0.9965520589570158
p1.000000_sd_symmetric_fine_half,sd_to_fd,1.1052730484878899,1.0478605095433102
p2.000000_fd_fixed_main,moving_to_fixed,1.0,1.0
p2.000000_fd_minus_main,moving_to_fixed,0.7112118331303547,0.5271650920435496
p2.000000_fd_plus_main,moving_to_fixed,0.16860438963134344,0.3303027411362919
p2.000000_fd_symmetric_main,moving_to_fixed,0.2608914029027074,0.33490607951182627
p2.000000_sd_fixed_main,moving_to_fixed,1.0,1.0
p2.000000_sd_fixed_main,sd_to_fd,0.8072919208819482,0.8990193790937302
p2.000000_sd_minus_main,moving_to_fixed,0.72515492128133,0.533087901195795
p2.000000_sd_minus_main,sd_to_fd,0.8231186294546725,0.9091200482899796
p2.000000_sd_plus_main,moving_to_fixed,0.29671787787128984,0.3035113470579122
p2.000000_sd_plus_main,sd_to_fd,1.4207100189412802,0.826098450897552
p2.000000_sd_symmetric_main,moving_to_fixed,0.22700069429534833,0.3249904166186383
p2.000000_sd_symmetric_main,sd_to_fd,0.7024218678741518,0.8724018476636333
p2.000000_fd_fixed_time_half,moving_to_fixed,1.0,1.0
p2.000000_fd_minus_time_half,moving_to_fixed,0.7117340567884496,0.5271130897407517
p2.000000_fd_plus_time_half,moving_to_fixed,0.16858317559329422,0.32982934362028904
p2.000000_fd_symmetric_time_half,moving_to_fixed,0.2607787846874077,0.33503841277535873
p2.000000_sd_fixed_time_half,moving_to_fixed,1.0,1.0
p2.000000_sd_fixed_time_half,sd_to_fd,0.8074921743792814,0.8990425464447936
p2.000000_sd_minus_time_half,moving_to_fixed,0.7258351024527188,0.5330725585492507
p2.000000_sd_minus_time_half,sd_to_fd,0.8234904028128643,0.9092069990401305
p2.000000_sd_plus_time_half,moving_to_fixed,0.2967438604589054,0.3039000157902439
p2.000000_sd_plus_time_half,sd_to_fd,1.4213657102636459,0.8283648782177886
p2.000000_sd_symmetric_time_half,moving_to_fixed,0.22693066102525844,0.32518219843476637
p2.000000_sd_symmetric_time_half,sd_to_fd,0.7026826707711931,0.8725943670683793
p2.000000_fd_fixed_fine_half,moving_to_fixed,1.0,1.0
p2.000000_fd_minus_fine_half,moving_to_fixed,6.595864201147825,16.988520493935738
p2.000000_fd_plus_fine_half,moving_to_fixed,5.732097326336117,3.43927542848262
p2.000000_fd_symmetric_fine_half,moving_to_fixed,1.3429836272168265,0.985297623048211
p2.000000_sd_fixed_fine_half,moving_to_fixed,1.0,1.0
p2.000000_sd_fixed_fine_half,sd_to_fd,0.8406417671164405,0.47890417649688366
p2.000000_sd_minus_fine_half,moving_to_fixed,11.249102875526471,42.97341662355975
p2.000000_sd_minus_fine_half,sd_to_fd,1.4336962422773307,1.211415008547078
p2.000000_sd_plus_fine_half,moving_to_fixed,4.8869364094447025,11.75976575286768
p2.000000_sd_plus_fine_half,sd_to_fd,0.7166945404339728,1.6374963421170534
p2.000000_sd_symmetric_fine_half,moving_to_fixed,2.726712546346767,5.742424090032938
p2.000000_sd_symmetric_fine_half,sd_to_fd,1.7067880850712995,2.7911067839839174
p0.500000_fd_fixed_main,moving_to_fixed,1.0,1.0
p0.500000_fd_minus_main,moving_to_fixed,0.5414727066353866,0.5761543673468947
p0.500000_fd_plus_main,moving_to_fixed,0.43464154400072735,0.48354889231154696
p0.500000_fd_symmetric_main,moving_to_fixed,0.46250482618394767,0.4947176275000482
p0.500000_sd_fixed_main,moving_to_fixed,1.0,1.0
p0.500000_sd_fixed_main,sd_to_fd,0.8830887910589041,0.9184704747065925
p0.500000_sd_minus_main,moving_to_fixed,0.5041565920335686,0.5230193110281519
p0.500000_sd_minus_main,sd_to_fd,0.822229874022251,0.8337657789401302
p0.500000_sd_plus_main,moving_to_fixed,0.372654144315086,0.5943541116739559
p0.500000_sd_plus_main,sd_to_fd,0.7571450597132725,1.1289379663003678
p0.500000_sd_symmetric_main,moving_to_fixed,0.4173034021657693,0.5357646206295912
p0.500000_sd_symmetric_main,sd_to_fd,0.7967829437887217,0.994676474188521
p0.500000_fd_fixed_time_half,moving_to_fixed,1.0,1.0
p0.500000_fd_minus_time_half,moving_to_fixed,0.5433354898566256,0.5783725269266445
p0.500000_fd_plus_time_half,moving_to_fixed,0.4345755036599215,0.4673229177594524
p0.500000_fd_symmetric_time_half,moving_to_fixed,0.46388468654320597,0.498675030236448
p0.500000_sd_fixed_time_half,moving_to_fixed,1.0,1.0
p0.500000_sd_fixed_time_half,sd_to_fd,0.88345746519359,0.9198979768019363
p0.500000_sd_minus_time_half,moving_to_fixed,0.5000660225482353,0.526155875870427
p0.500000_sd_minus_time_half,sd_to_fd,0.8131017924606445,0.8368477117465919
p0.500000_sd_plus_time_half,moving_to_fixed,0.3722347553307694,0.5743878430141859
p0.500000_sd_plus_time_half,sd_to_fd,0.7567236777773447,1.1306490535958535
p0.500000_sd_symmetric_time_half,moving_to_fixed,0.4135211507305133,0.516298725690784
p0.500000_sd_symmetric_time_half,sd_to_fd,0.7875412968483262,0.9524081303272297
p0.500000_fd_fixed_fine_half,moving_to_fixed,1.0,1.0
p0.500000_fd_minus_fine_half,moving_to_fixed,0.657186552686436,0.7469221148229566
p0.500000_fd_plus_fine_half,moving_to_fixed,0.5758000085001205,0.7886039365440972
p0.500000_sd_fixed_fine_half,moving_to_fixed,1.0,1.0
p0.500000_sd_fixed_fine_half,sd_to_fd,0.8308954075109218,1.257140243115717
p0.500000_sd_minus_fine_half,moving_to_fixed,0.7743191526453613,0.8814884789079561
p0.500000_sd_minus_fine_half,sd_to_fd,0.9789887289245172,1.4836281035014185
p0.500000_fd_symmetric_fine_half,moving_to_fixed,0.6121602342712077,0.7586665391785586
p0.500000_sd_plus_fine_half,moving_to_fixed,0.9424937164735117,0.9468988358487834
p0.500000_sd_plus_fine_half,sd_to_fd,1.3600446145626928,1.5094835031150837
p0.750000_fd_fixed_main,moving_to_fixed,1.0,1.0
p0.750000_fd_minus_main,moving_to_fixed,0.5347357368547189,0.5472033022332607
p0.750000_fd_plus_main,moving_to_fixed,0.3498349391502772,0.4443654528569888
p0.750000_sd_fixed_main,moving_to_fixed,1.0,1.0
p0.750000_sd_fixed_main,sd_to_fd,0.8917533860851401,0.9359721443041367
p0.750000_fd_symmetric_main,moving_to_fixed,0.40384280293398606,0.4380884671064341
p0.750000_sd_minus_main,moving_to_fixed,0.49329893411799847,0.505092285354297
p0.750000_sd_minus_main,sd_to_fd,0.8226511985890168,0.8639427201282025
p0.750000_sd_plus_main,moving_to_fixed,0.3039541716406387,0.4913849388829572
p0.750000_sd_plus_main,sd_to_fd,0.7748001455589564,1.0350098369889629
p0.750000_sd_symmetric_main,moving_to_fixed,0.37941609440020374,0.4168356239965892
p0.750000_sd_symmetric_main,sd_to_fd,0.8378150717517883,0.8905656325338824
p0.750000_fd_fixed_time_half,moving_to_fixed,1.0,1.0
p0.500000_sd_symmetric_fine_half,moving_to_fixed,0.8384230155352991,0.9111301679114576
p0.500000_sd_symmetric_fine_half,sd_to_fd,1.1380056955007998,1.5097784621402555
p0.750000_fd_minus_time_half,moving_to_fixed,0.5361806017255627,0.548463356660932
p0.750000_fd_plus_time_half,moving_to_fixed,0.34972794531276813,0.43652411553454273
p0.750000_sd_fixed_time_half,moving_to_fixed,1.0,1.0
p0.750000_sd_fixed_time_half,sd_to_fd,0.8918196174462607,0.9366268659298
p0.750000_fd_symmetric_time_half,moving_to_fixed,0.4049799736123421,0.4401526745141637
p0.750000_sd_minus_time_half,moving_to_fixed,0.4905270186782474,0.506817894415248
p0.750000_sd_minus_time_half,sd_to_fd,0.8158848282403895,0.865507695779866
p0.750000_sd_plus_time_half,moving_to_fixed,0.30546636364945773,0.48257144862715473
p0.750000_sd_plus_time_half,sd_to_fd,0.7789508937552267,1.0354282098742125
p0.750000_sd_symmetric_time_half,moving_to_fixed,0.3770378288839223,0.4084032987128317
p0.750000_sd_symmetric_time_half,sd_to_fd,0.8302873085766352,0.8690654944469327
p0.750000_fd_fixed_fine_half,moving_to_fixed,1.0,1.0
p0.750000_fd_minus_fine_half,moving_to_fixed,0.6415020435035091,0.7044379112306832
p0.750000_fd_plus_fine_half,moving_to_fixed,0.5143829723772295,0.6613429677885373
p0.750000_sd_fixed_fine_half,moving_to_fixed,1.0,1.0
p0.750000_sd_fixed_fine_half,sd_to_fd,0.7686577862515047,0.8583067999713776
p0.750000_sd_minus_fine_half,moving_to_fixed,0.746490033938268,0.9062729066084335
p0.750000_sd_minus_fine_half,sd_to_fd,0.8944560391609431,1.1042281881349751
p0.750000_fd_symmetric_fine_half,moving_to_fixed,0.5704235564157161,0.637954415126611
p1.250000_fd_fixed_main,moving_to_fixed,1.0,1.0
p0.750000_sd_plus_fine_half,moving_to_fixed,0.9268161494986846,0.9892431576181039
p0.750000_sd_plus_fine_half,sd_to_fd,1.3849689589128766,1.2838635479076648
p1.250000_fd_minus_main,moving_to_fixed,0.5748424683005543,0.5269378672657278
p1.250000_fd_plus_main,moving_to_fixed,0.22356352944978836,0.3849965697553914
p1.250000_sd_fixed_main,moving_to_fixed,1.0,1.0
p1.250000_sd_fixed_main,sd_to_fd,0.8820859540032008,0.9410364080552064
p1.250000_fd_symmetric_main,moving_to_fixed,0.319090193918301,0.3463118691700108
p1.250000_sd_minus_main,moving_to_fixed,0.5190642837693512,0.4975362680059937
p1.250000_sd_minus_main,sd_to_fd,0.7964952820748905,0.8885293155169012
p1.250000_sd_plus_main,moving_to_fixed,0.230508585401257,0.3756584746516639
p1.250000_sd_plus_main,sd_to_fd,0.9094881708121493,0.9182115619011931
p1.250000_sd_symmetric_main,moving_to_fixed,0.3062593191189491,0.32617881805350085
p1.250000_sd_symmetric_main,sd_to_fd,0.8466165643014922,0.886328684201331
p0.750000_sd_symmetric_fine_half,moving_to_fixed,0.8023172481663396,0.9419182567983122
p0.750000_sd_symmetric_fine_half,sd_to_fd,1.0811394321126016,1.2672611485363394
p1.250000_fd_fixed_time_half,moving_to_fixed,1.0,1.0
p1.250000_fd_minus_time_half,moving_to_fixed,0.5755352856466034,0.5273427321671071
p1.250000_fd_plus_time_half,moving_to_fixed,0.22298500964256998,0.3829587092267029
p1.250000_sd_fixed_time_half,moving_to_fixed,1.0,1.0
p1.250000_sd_fixed_time_half,sd_to_fd,0.8821751584674493,0.9412750488984735
p1.250000_fd_symmetric_time_half,moving_to_fixed,0.3182776042479469,0.34675808000356745
p1.250000_sd_minus_time_half,moving_to_fixed,0.5201106699650285,0.4979760582093352
p1.250000_sd_minus_time_half,sd_to_fd,0.7972208205818774,0.8888573027545333
p1.250000_sd_plus_time_half,moving_to_fixed,0.23079147668294858,0.37358760619520565
p1.250000_sd_plus_time_half,sd_to_fd,0.9130591686054214,0.9182417942637461
p1.250000_sd_symmetric_time_half,moving_to_fixed,0.305364677167289,0.3266886946755394
p1.250000_sd_symmetric_time_half,sd_to_fd,0.8463841906405591,0.8867966884928341
p1.250000_fd_fixed_fine_half,moving_to_fixed,1.0,1.0
p1.250000_fd_minus_fine_half,moving_to_fixed,0.654607101401091,0.6470216518507925
p1.250000_fd_plus_fine_half,moving_to_fixed,0.44204923521058104,0.5090459815396874
p1.250000_sd_fixed_fine_half,moving_to_fixed,1.0,1.0
p1.250000_sd_fixed_fine_half,sd_to_fd,0.6604976728578864,0.47612891237663757
p1.250000_sd_minus_fine_half,moving_to_fixed,1.018645446831478,1.024327045612547
p1.250000_sd_minus_fine_half,sd_to_fd,1.027811867087013,0.7537796003431829
p1.250000_fd_symmetric_fine_half,moving_to_fixed,0.5009606327988415,0.5505158213145505
p1.500000_fd_fixed_main,moving_to_fixed,1.0,1.0
p1.250000_sd_plus_fine_half,moving_to_fixed,1.026465475903513,1.101075246657249
p1.250000_sd_plus_fine_half,sd_to_fd,1.5337161657575578,1.0298750577503202
p1.500000_fd_minus_main,moving_to_fixed,0.6113152256057584,0.5219449631538721
p1.500000_fd_plus_main,moving_to_fixed,0.19615556789223731,0.3618965645900402
p1.500000_sd_fixed_main,moving_to_fixed,1.0,1.0
p1.500000_sd_fixed_main,sd_to_fd,0.8644419275690446,0.9317000112005848
p1.500000_fd_symmetric_main,moving_to_fixed,0.2922845793069055,0.3369137832000459
p1.500000_sd_minus_main,moving_to_fixed,0.5688528466667095,0.49934175440162654
p1.500000_sd_minus_main,sd_to_fd,0.8043971926078535,0.891352060105542
p1.500000_sd_plus_main,moving_to_fixed,0.20717626312015078,0.34021132853703134
p1.500000_sd_plus_main,sd_to_fd,0.9130092515983182,0.8758715324296875
p1.500000_sd_symmetric_main,moving_to_fixed,0.2724550727599675,0.3206938584321886
p1.500000_sd_symmetric_main,sd_to_fd,0.8057954642392803,0.8868454969555789
p1.250000_sd_symmetric_fine_half,moving_to_fixed,0.9044631599043907,1.0527590280955281
p1.250000_sd_symmetric_fine_half,sd_to_fd,1.1925005143915612,0.9105079120976056
p1.500000_fd_fixed_time_half,moving_to_fixed,1.0,1.0
p1.500000_fd_minus_time_half,moving_to_fixed,0.6118602767915049,0.5221883280941566
p1.500000_fd_plus_time_half,moving_to_fixed,0.19587725398373973,0.3607554215878321
p1.500000_sd_fixed_time_half,moving_to_fixed,1.0,1.0
p1.500000_sd_fixed_time_half,sd_to_fd,0.8646470821896775,0.9317779912834188
p1.500000_fd_symmetric_time_half,moving_to_fixed,0.29182019369266465,0.33703441015680163
p1.500000_sd_minus_time_half,moving_to_fixed,0.5696087815022788,0.49963555143107885
p1.500000_sd_minus_time_half,sd_to_fd,0.8049396072878069,0.8915354584530085
p1.500000_sd_plus_time_half,moving_to_fixed,0.20663133616479262,0.33912642696003814
p1.500000_sd_plus_time_half,sd_to_fd,0.9121180651157873,0.8759134915094106
p1.500000_sd_symmetric_time_half,moving_to_fixed,0.2719289911193054,0.3208678554923605
p1.500000_sd_symmetric_time_half,sd_to_fd,0.8057105499070207,0.887083326948705
p1.500000_fd_fixed_fine_half,moving_to_fixed,1.0,1.0
p1.500000_fd_minus_fine_half,moving_to_fixed,0.6978711666682789,0.6665065127296648
p1.500000_fd_plus_fine_half,moving_to_fixed,0.47817286722234104,0.493912072845104
p1.500000_sd_fixed_fine_half,moving_to_fixed,1.0,1.0
p1.500000_sd_fixed_fine_half,sd_to_fd,0.6120062678916893,0.4663148134480217
p1.500000_sd_minus_fine_half,moving_to_fixed,1.362272996698127,1.07203230898007
p1.500000_sd_minus_fine_half,sd_to_fd,1.1946612102332963,0.7500370013264293
p1.500000_fd_symmetric_fine_half,moving_to_fixed,0.47785528466280786,0.5376718609974573
p1.750000_fd_fixed_main,moving_to_fixed,1.0,1.0
p1.500000_sd_plus_fine_half,moving_to_fixed,1.1794741334514325,0.9480106845871207
p1.500000_sd_plus_fine_half,sd_to_fd,1.509591221019137,0.8950407366709838
p1.750000_fd_minus_main,moving_to_fixed,0.6554787611993714,0.5194350835427856
p1.750000_fd_plus_main,moving_to_fixed,0.17732593906095304,0.34317236190365646
p1.750000_sd_fixed_main,moving_to_fixed,1.0,1.0
p1.750000_sd_fixed_main,sd_to_fd,0.841708954268814,0.9172966848687928
p1.750000_fd_symmetric_main,moving_to_fixed,0.2712513864717681,0.33317063685837256
p1.750000_sd_minus_main,moving_to_fixed,0.6329369895567444,0.5067185498278196
p1.750000_sd_minus_main,sd_to_fd,0.8127627669019423,0.894839914832774
p1.750000_sd_plus_main,moving_to_fixed,0.22899373644905552,0.31258445741965896
p1.750000_sd_plus_main,sd_to_fd,1.0869592991377839,0.835535487012972
p1.750000_sd_symmetric_main,moving_to_fixed,0.2444184591433773,0.3191989072976872
p1.750000_sd_symmetric_main,sd_to_fd,0.7584448076949434,0.8788292456948297
p1.500000_sd_symmetric_fine_half,moving_to_fixed,1.0190955537711528,0.9187761302393407
p1.500000_sd_symmetric_fine_half,sd_to_fd,1.3051919409630428,0.7968408816824422
p1.750000_fd_fixed_time_half,moving_to_fixed,1.0,1.0
p1.750000_fd_minus_time_half,moving_to_fixed,0.6559804366406721,0.5196614555956155
p1.750000_fd_plus_time_half,moving_to_fixed,0.17720549594700916,0.34249547482922116
p1.750000_sd_fixed_time_half,moving_to_fixed,1.0,1.0
p1.750000_sd_fixed_time_half,sd_to_fd,0.841897866557004,0.9173359107103246
p1.750000_fd_symmetric_time_half,moving_to_fixed,0.27099759565157555,0.3332417958062846
p1.750000_sd_minus_time_half,moving_to_fixed,0.6336042332602962,0.5069805918266739
p1.750000_sd_minus_time_half,sd_to_fd,0.8131798182199875,0.8949509298947997
p1.750000_sd_plus_time_half,moving_to_fixed,0.2286769485632125,0.31194705744465406
p1.750000_sd_plus_time_half,sd_to_fd,1.086437156462154,0.8355153836034944
p1.750000_sd_symmetric_time_half,moving_to_fixed,0.2441768109707312,0.3193260276907614
p1.750000_sd_symmetric_time_half,sd_to_fd,0.7585747605054677,0.8790290897228762
p1.750000_fd_fixed_fine_half,moving_to_fixed,1.0,1.0
p1.750000_fd_minus_fine_half,moving_to_fixed,1.1033321969116272,1.8564725701746976
p1.750000_fd_plus_fine_half,moving_to_fixed,0.9102195869124305,0.6842169221993142
p1.750000_sd_fixed_fine_half,moving_to_fixed,1.0,1.0
p1.750000_sd_fixed_fine_half,sd_to_fd,0.5690660372026425,0.472769946455443
p1.750000_sd_minus_fine_half,moving_to_fixed,2.4459035720692426,4.79826808728271
p1.750000_sd_minus_fine_half,sd_to_fd,1.2615245499345438,1.2219286097451145
p1.750000_fd_symmetric_fine_half,moving_to_fixed,0.5606343092223985,0.5973974413991325
p2.250000_fd_fixed_main,moving_to_fixed,1.0,1.0
p1.750000_sd_plus_fine_half,moving_to_fixed,1.4795507092976672,1.3754056311592724
p1.750000_sd_plus_fine_half,sd_to_fd,0.9250098229993208,0.9503571535581874
p2.250000_fd_minus_main,moving_to_fixed,0.7642995856566304,0.5838285125458406
p2.250000_fd_plus_main,moving_to_fixed,0.16627424114006642,0.3216377330635922
p2.250000_sd_fixed_main,moving_to_fixed,1.0,1.0
p2.250000_sd_fixed_main,sd_to_fd,0.7730417076044841,0.8771928574684399
p2.250000_fd_symmetric_main,moving_to_fixed,0.25714497477224174,0.34385023004418497
p2.250000_sd_minus_main,moving_to_fixed,0.8548019446880711,0.6020055012211943
p2.250000_sd_minus_main,sd_to_fd,0.8645792401124899,0.9045034877197383
p2.250000_sd_plus_main,moving_to_fixed,0.4278847065102383,0.31805927893039937
p2.250000_sd_plus_main,sd_to_fd,1.9893203054818405,0.8674334477856382
p2.250000_sd_symmetric_main,moving_to_fixed,0.25312101254776304,0.3352908650164277
p2.250000_sd_symmetric_main,sd_to_fd,0.7609446770010194,0.8553571475843749
p1.750000_sd_symmetric_fine_half,moving_to_fixed,1.3445819184605263,1.5417009911708768
p1.750000_sd_symmetric_fine_half,sd_to_fd,1.3648039219967323,1.2200753544225293
p2.250000_fd_fixed_time_half,moving_to_fixed,1.0,1.0
p2.250000_fd_minus_time_half,moving_to_fixed,0.7648054221076933,0.5840061919514721
p2.250000_fd_plus_time_half,moving_to_fixed,0.1662946603351188,0.32123884412182413
p2.250000_sd_fixed_time_half,moving_to_fixed,1.0,1.0
p2.250000_sd_fixed_time_half,sd_to_fd,0.7732726855783016,0.877224597605429
p2.250000_fd_symmetric_time_half,moving_to_fixed,0.25710259561268256,0.3440679356723981
p2.250000_sd_minus_time_half,moving_to_fixed,0.8564419480177048,0.6022425007903816
p2.250000_sd_minus_time_half,sd_to_fd,0.8659237317649516,0.9046170103974324
p2.250000_sd_plus_time_half,moving_to_fixed,0.428563332848731,0.31852448776824926
p2.250000_sd_plus_time_half,sd_to_fd,1.992825979285759,0.8698123552705029
p2.250000_sd_symmetric_time_half,moving_to_fixed,0.25331720241346867,0.3355634039320335
p2.250000_sd_symmetric_time_half,sd_to_fd,0.7618875762286644,0.8555417156502
p2.250000_fd_fixed_fine_half,moving_to_fixed,1.0,1.0
p2.250000_fd_minus_fine_half,moving_to_fixed,120.69627154229613,271.21378405479174
p2.250000_fd_plus_fine_half,moving_to_fixed,75.27840480793637,42.46146120162475
p2.250000_sd_fixed_fine_half,moving_to_fixed,1.0,1.0
p2.250000_sd_fixed_fine_half,sd_to_fd,1.096668305646608,0.656600811245695
p2.250000_sd_minus_fine_half,moving_to_fixed,152.1366252225508,386.17152160129075
p2.250000_sd_minus_fine_half,sd_to_fd,1.3823410854173745,0.9349102046825414
p2.250000_fd_symmetric_fine_half,moving_to_fixed,5.419341304272111,4.1805355119517165
p2.500000_fd_fixed_main,moving_to_fixed,1.0,1.0
p2.250000_sd_plus_fine_half,moving_to_fixed,50.52823327754336,106.49778363438233
p2.250000_sd_plus_fine_half,sd_to_fd,0.736103695570845,1.6468234759553744
p2.500000_fd_minus_main,moving_to_fixed,0.7822335521490508,0.6757533981987172
p2.500000_fd_plus_main,moving_to_fixed,0.20286010101465227,0.3192740414956176
p2.500000_fd_symmetric_main,moving_to_fixed,0.2544230487465152,0.36287935996152076
p2.500000_sd_fixed_main,moving_to_fixed,1.0,1.0
p2.500000_sd_fixed_main,sd_to_fd,0.7331316119217701,0.8524038058511375
p2.500000_sd_minus_main,moving_to_fixed,1.143155733857825,0.7448198475470219
p2.500000_sd_minus_main,sd_to_fd,1.071398182215928,0.9395250906838144
p2.500000_sd_plus_main,moving_to_fixed,0.6223904475102504,0.320415337697632
p2.500000_sd_plus_main,sd_to_fd,2.2493043715626677,0.8554508597915181
p2.500000_sd_symmetric_main,moving_to_fixed,0.3717349724061461,0.3568918894605071
p2.500000_sd_symmetric_main,sd_to_fd,1.0711712671886824,0.8383392345208016
p2.250000_sd_symmetric_fine_half,moving_to_fixed,18.574807901713964,48.19549832594982
p2.250000_sd_symmetric_fine_half,sd_to_fd,3.758833770669827,7.569653028598571
p2.500000_fd_fixed_time_half,moving_to_fixed,1.0,1.0
p2.500000_fd_minus_time_half,moving_to_fixed,0.782737524997708,0.6762815916504156
p2.500000_fd_plus_time_half,moving_to_fixed,0.2047780352817278,0.318890654539768
p2.500000_sd_fixed_time_half,moving_to_fixed,1.0,1.0
p2.500000_sd_fixed_time_half,sd_to_fd,0.7333959002853901,0.8524784215894998
p2.500000_fd_symmetric_time_half,moving_to_fixed,0.25442873903391444,0.3632481660027933
p2.500000_sd_minus_time_half,moving_to_fixed,1.146538641415687,0.7474829437179877
p2.500000_sd_minus_time_half,sd_to_fd,1.0742639930741895,0.9422304080031387
p2.500000_sd_plus_time_half,moving_to_fixed,0.624335732991495,0.32091818334066025
p2.500000_sd_plus_time_half,sd_to_fd,2.236007716099487,0.8578985382574102
p2.500000_sd_symmetric_time_half,moving_to_fixed,0.37201404381381076,0.357329130530383
p2.500000_sd_symmetric_time_half,sd_to_fd,1.0723378798228864,0.8385875048854254
p2.500000_fd_fixed_fine_half,moving_to_fixed,1.0,1.0
p2.500000_fd_minus_fine_half,moving_to_fixed,6029.944742508162,12053.359155914573
p2.500000_fd_plus_fine_half,moving_to_fixed,5562.053535019103,4109.142495013257
p2.500000_sd_fixed_fine_half,moving_to_fixed,1.0,1.0
p2.500000_sd_fixed_fine_half,sd_to_fd,1.2305238057565704,0.9009728270835782
p2.500000_fd_symmetric_fine_half,moving_to_fixed,104.86148619216742,66.20379565021535
p2.500000_sd_minus_fine_half,moving_to_fixed,7105.364038598552,12342.794251160183
p2.500000_sd_minus_fine_half,sd_to_fd,1.4499833699015576,0.922607721775377
p2.500000_sd_plus_fine_half,moving_to_fixed,3442.917479668617,5246.539205721985
p2.500000_sd_plus_fine_half,sd_to_fd,0.7616956387265509,1.1503590509019128
p2.500000_sd_symmetric_fine_half,moving_to_fixed,308.19130956253207,517.6724773097486
p2.500000_sd_symmetric_fine_half,sd_to_fd,3.616549382573172,7.045046750028848
p1.000000_fd_fixed_fine_quarter,moving_to_fixed,1.0,1.0
p1.000000_fd_minus_fine_quarter,moving_to_fixed,0.6409613546624376,0.663544816809926
p1.000000_sd_fixed_fine_quarter,moving_to_fixed,1.0,1.0
p1.000000_sd_fixed_fine_quarter,sd_to_fd,0.6974943519185356,0.6037416035608095
p1.000000_sd_minus_fine_quarter,moving_to_fixed,0.8237199607364973,0.965714782797116
p1.000000_sd_minus_fine_quarter,sd_to_fd,0.8963723257213321,0.8786779382157747
p0.900000_fd_fixed_main,moving_to_fixed,1.0,1.0
p0.900000_fd_minus_main,moving_to_fixed,0.5396801778066421,0.538147437240424
p0.900000_sd_fixed_main,moving_to_fixed,1.0,1.0
p0.900000_sd_fixed_main,sd_to_fd,0.892256506646325,0.9406005645117298
p0.900000_sd_minus_main,moving_to_fixed,0.4896747486756763,0.5006916300869093
p0.900000_sd_minus_main,sd_to_fd,0.8095822277964324,0.8751334621624185
p0.900000_fd_minus_time_half,moving_to_fixed,0.541032168748704,0.5390319297508991
p0.900000_fd_fixed_time_half,moving_to_fixed,1.0,1.0
p0.900000_sd_fixed_time_half,moving_to_fixed,1.0,1.0
p0.900000_sd_fixed_time_half,sd_to_fd,0.8925153487815397,0.9410530797432611
p0.900000_sd_minus_time_half,moving_to_fixed,0.4874905099568166,0.5018413438166229
p0.900000_sd_minus_time_half,sd_to_fd,0.8041901898884843,0.8761249864351698
p0.900000_fd_minus_fine_half,moving_to_fixed,0.6376246134819594,0.6768633711944118
p0.900000_fd_fixed_fine_half,moving_to_fixed,1.0,1.0
p0.900000_sd_minus_fine_half,moving_to_fixed,0.7775352982881301,0.9375564383848776
p0.900000_sd_minus_fine_half,sd_to_fd,0.8964148729521013,0.9685001474430402
p0.950000_fd_fixed_main,moving_to_fixed,1.0,1.0
p0.900000_sd_fixed_fine_half,moving_to_fixed,1.0,1.0
p0.900000_sd_fixed_fine_half,sd_to_fd,0.7351128471517382,0.699203000440037
p0.950000_fd_minus_main,moving_to_fixed,0.5433713693223834,0.5360392622434501
p0.950000_sd_fixed_main,moving_to_fixed,1.0,1.0
p0.950000_sd_fixed_main,sd_to_fd,0.890242830952638,0.9414497490114168
p0.950000_sd_minus_main,moving_to_fixed,0.4892019039781586,0.49997634006365194
p0.950000_sd_minus_main,sd_to_fd,0.801493255796752,0.8781121701693474
p0.950000_fd_fixed_time_half,moving_to_fixed,1.0,1.0
p0.950000_fd_minus_time_half,moving_to_fixed,0.5445161214371751,0.5368190549029892
p0.950000_sd_minus_time_half,moving_to_fixed,0.48721945598945104,0.5009810923190491
p0.950000_sd_minus_time_half,sd_to_fd,0.7966276464540354,0.8789774276300241
p0.950000_sd_fixed_time_half,moving_to_fixed,1.0,1.0
p0.950000_sd_fixed_time_half,sd_to_fd,0.8903104975474713,0.9418555694331712
p0.950000_fd_fixed_fine_half,moving_to_fixed,1.0,1.0
p0.950000_fd_minus_fine_half,moving_to_fixed,0.6375463399603416,0.6698904045817624
p1.050000_fd_fixed_main,moving_to_fixed,1.0,1.0
p1.050000_fd_minus_main,moving_to_fixed,0.5520494156093047,0.5325073884009535
p0.950000_sd_fixed_fine_half,moving_to_fixed,1.0,1.0
p0.950000_sd_fixed_fine_half,sd_to_fd,0.7241515990969453,0.6566273310655725
p0.950000_sd_minus_fine_half,moving_to_fixed,0.7964875010401583,0.9488345706504842
p0.950000_sd_minus_fine_half,sd_to_fd,0.904683567903219,0.93004871765249
p1.050000_sd_fixed_main,moving_to_fixed,1.0,1.0
p1.050000_sd_fixed_main,sd_to_fd,0.88960534268148,0.9422833655681688
p1.050000_sd_minus_main,moving_to_fixed,0.48973134732708484,0.49874517791155476
p1.050000_sd_minus_main,sd_to_fd,0.7891822919147948,0.8825404023306008
p1.050000_fd_fixed_time_half,moving_to_fixed,1.0,1.0
p1.050000_fd_minus_time_half,moving_to_fixed,0.5531112935213156,0.5331074690797979
p1.050000_sd_fixed_time_half,moving_to_fixed,1.0,1.0
p1.050000_sd_fixed_time_half,sd_to_fd,0.8898449429110391,0.9426160013608372
p1.050000_sd_minus_time_half,moving_to_fixed,0.49104885057392517,0.49949640542807866
p1.050000_sd_minus_time_half,sd_to_fd,0.7899989414854472,0.8831864711845758
p1.050000_fd_fixed_fine_half,moving_to_fixed,1.0,1.0
p1.050000_fd_minus_fine_half,moving_to_fixed,0.6394751659387284,0.6585887380643388
p1.100000_fd_fixed_main,moving_to_fixed,1.0,1.0
p1.050000_sd_fixed_fine_half,moving_to_fixed,1.0,1.0
p1.050000_sd_fixed_fine_half,sd_to_fd,0.7024540406666262,0.5835621527633714
p1.100000_fd_minus_main,moving_to_fixed,0.5569719487927043,0.530769910934215
p1.050000_sd_minus_fine_half,moving_to_fixed,0.8492566037136278,0.9738495996139236
p1.050000_sd_minus_fine_half,sd_to_fd,0.9328958568167658,0.8629084221645618
p1.100000_sd_fixed_main,moving_to_fixed,1.0,1.0
p1.100000_sd_fixed_main,sd_to_fd,0.8873653769861352,0.9423113899395859
p1.100000_sd_minus_main,moving_to_fixed,0.4961516073580955,0.4980601373194244
p1.100000_sd_minus_main,sd_to_fd,0.7904666636442289,0.8842395369490671
p1.100000_fd_fixed_time_half,moving_to_fixed,1.0,1.0
p1.100000_fd_minus_time_half,moving_to_fixed,0.5578619877911007,0.5313101902263556
p1.100000_sd_fixed_time_half,moving_to_fixed,1.0,1.0
p1.100000_sd_fixed_time_half,sd_to_fd,0.8874429559700097,0.9426151787104042
p1.100000_sd_minus_time_half,moving_to_fixed,0.4974561624849938,0.49872855657322346
p1.100000_sd_minus_time_half,sd_to_fd,0.7913497907415995,0.8848110127192722
p1.100000_fd_fixed_fine_half,moving_to_fixed,1.0,1.0
p1.100000_fd_minus_fine_half,moving_to_fixed,0.6419631663707247,0.6542197355789199
p1.100000_sd_fixed_fine_half,moving_to_fixed,1.0,1.0
p1.100000_sd_fixed_fine_half,sd_to_fd,0.6919780130910566,0.5523358113086194
p1.100000_sd_minus_fine_half,moving_to_fixed,0.8832465683810294,0.9879034498769294
p1.100000_sd_minus_fine_half,sd_to_fd,0.9520596156833814,0.8340537953956823
p0.900000_fd_fixed_fine_quarter,moving_to_fixed,1.0,1.0
p0.900000_fd_minus_fine_quarter,moving_to_fixed,0.6409612359245959,0.6766241878472664
p0.900000_sd_fixed_fine_quarter,moving_to_fixed,1.0,1.0
p0.900000_sd_fixed_fine_quarter,sd_to_fd,0.7160437655644674,0.6777308270946893
p0.900000_sd_minus_fine_quarter,moving_to_fixed,0.7808821399345234,0.9431101656168973
p0.900000_sd_minus_fine_quarter,sd_to_fd,0.8723550764098543,0.9446526507107805
p1.100000_fd_fixed_fine_quarter,moving_to_fixed,1.0,1.0
p1.100000_fd_minus_fine_quarter,moving_to_fixed,0.6443486895818602,0.6542851146016263
p1.100000_sd_fixed_fine_quarter,moving_to_fixed,1.0,1.0
p1.100000_sd_fixed_fine_quarter,sd_to_fd,0.6789227297818469,0.5425947010407701
p1.100000_sd_minus_fine_quarter,moving_to_fixed,0.8875831314523228,0.9915934547482054
p1.100000_sd_minus_fine_quarter,sd_to_fd,0.9352084861148375,0.8223224739885433
