case,model,mesh,field,full_error,inner_error
A,FD,fixed,u,3.932894158786837e-05,2.9273095406345817e-05
A,FD,fixed,v,3.69850605264066e-05,3.69850605264066e-05
A,FD,minus,u,4.5012955631529294e-05,3.3896738520500236e-05
A,FD,minus,v,4.343072399715098e-05,4.343072399715098e-05
A,FD,plus,u,1.3106421499653464e-05,1.0501555775421778e-05
A,FD,plus,v,2.8074137984557268e-05,2.8074137984557268e-05
A,FD,zero,u,2.5000764233062966e-05,1.8384359989243038e-05
A,FD,zero,v,3.328225263010687e-05,3.328225263010687e-05
A,SD,fixed,u,6.201405981354213e-05,4.742817418024181e-05
A,SD,fixed,v,2.7784960527688085e-05,2.333736889403859e-05
A,SD,minus,u,6.719728517756707e-05,5.1536676536123593e-05
A,SD,minus,v,2.846622755559025e-05,2.797299603352066e-05
A,SD,plus,u,3.8379829256474096e-05,3.319654606781519e-05
A,SD,plus,v,2.0275485510978797e-05,1.6416419283515893e-05
A,SD,zero,u,4.8154584189719074e-05,3.689958421904116e-05
A,SD,zero,v,1.9597308739793817e-05,1.7303419644454365e-05
B,FD,fixed,u,2.0943954504026863e-07,1.8737545526281707e-07
B,FD,fixed,v,2.0782617193848552e-07,2.0782617193848552e-07
B,FD,minus,u,2.0847589288219837e-07,1.8668620344053366e-07
B,FD,minus,v,2.1028675956102916e-07,2.1028675956102916e-07
B,FD,plus,u,2.086169607062871e-07,1.865828250235957e-07
B,FD,plus,v,2.0574571790721308e-07,2.0574571790721308e-07
B,FD,zero,u,2.0843070014375797e-07,1.8657563377599828e-07
B,FD,zero,v,2.080628735412482e-07,2.080628735412482e-07
B,SD,fixed,u,6.816229683459518e-07,6.054809583155851e-07
B,SD,fixed,v,3.6818891968604106e-07,3.6818891968604106e-07
B,SD,minus,u,6.81888275233522e-07,6.049722747758501e-07
B,SD,minus,v,3.691563010277399e-07,3.691563010277399e-07
B,SD,plus,u,6.824627223345203e-07,6.056253191166761e-07
B,SD,plus,v,3.7005041814142103e-07,3.7005041814142103e-07
B,SD,zero,u,6.82179089495083e-07,6.053083563273276e-07
B,SD,zero,v,3.6962532762307987e-07,3.6962532762307987e-07
C,FD,fixed,u,2.8024980558427615e-07,2.594305021919041e-07
C,FD,fixed,v,2.889599609590121e-07,2.889599609590121e-07
C,FD,minus,u,2.7732205443165014e-07,2.699661615368498e-07
C,FD,minus,v,2.931912121972857e-07,2.931912121972857e-07
C,FD,plus,u,2.770752066116877e-07,2.469457233145178e-07
C,FD,plus,v,2.8263165929853784e-07,2.8263165929853784e-07
C,FD,zero,u,2.7765085841569004e-07,2.5326473718223497e-07
C,FD,zero,v,2.878557908703172e-07,2.878557908703172e-07
C,SD,fixed,u,8.687968426346337e-07,8.026107221614787e-07
C,SD,fixed,v,4.7117458212841967e-07,4.7117458212841967e-07
C,SD,minus,u,8.583818952301314e-07,7.933094418044462e-07
C,SD,minus,v,4.7659218888052024e-07,4.7659218888052024e-07
C,SD,plus,u,8.612191257917345e-07,7.95809626974453e-07
C,SD,plus,v,4.797386059518516e-07,4.797386059518516e-07
C,SD,zero,u,8.59681460407824e-07,7.948301060101137e-07
C,SD,zero,v,4.779735130466811e-07,4.779735130466811e-07
D,FD,fixed,u,3.419488540279403e-05,2.690644314151669e-05
D,FD,fixed,v,4.1500044676290315e-05,4.0192158900165253e-05
D,FD,minus,u,4.6933630373224844e-05,3.506290773291898e-05
D,FD,minus,v,5.166420424318474e-05,5.166420424318474e-05
D,FD,plus,u,1.666267251287934e-05,1.4096630772342245e-05
D,FD,plus,v,3.386548361827835e-05,3.386548361827835e-05
D,FD,zero,u,2.791758923526011e-05,2.2153990447026928e-05
D,FD,zero,v,4.0235097748198e-05,4.0235097748198e-05
D,SD,fixed,u,5.173808283842618e-05,3.6316539857139674e-05
D,SD,fixed,v,2.614953952839727e-05,2.3530859256215564e-05
D,SD,minus,u,6.373509479029593e-05,4.0030865468887455e-05
D,SD,minus,v,3.477444803667851e-05,3.103367778711785e-05
D,SD,plus,u,3.930479613201143e-05,3.730778889310393e-05
D,SD,plus,v,2.2865445092445924e-05,1.9573806872452693e-05
D,SD,zero,u,4.5421437062875825e-05,3.637815254275978e-05
D,SD,zero,v,2.2554224647031162e-05,2.0548948639120823e-05
E,FD,fixed,u,4.287928762058968e-10,3.2581706777001784e-10
E,FD,fixed,v,1.372763985818537e-10,1.372763985818537e-10
E,FD,minus,u,4.2882055892312643e-10,3.258368991287952e-10
E,FD,minus,v,1.3722091518619806e-10,1.3722091518619806e-10
E,FD,plus,u,4.2882395204224544e-10,3.2583942488617623e-10
E,FD,plus,v,1.3721537794886274e-10,1.3721537794886274e-10
E,FD,zero,u,4.2882273773581225e-10,3.258384083382193e-10
E,FD,zero,v,1.372185073900134e-10,1.372185073900134e-10
E,SD,fixed,u,9.78566898693356e-09,8.655931346690515e-09
E,SD,fixed,v,5.541465820935176e-09,5.541465820935176e-09
E,SD,minus,u,9.784150101221911e-09,8.6545889656231e-09
E,SD,minus,v,5.540038684748172e-09,5.540038684748172e-09
E,SD,plus,u,9.783998070056477e-09,8.654454774353892e-09
E,SD,plus,v,5.539942150856181e-09,5.539942150856181e-09
E,SD,zero,u,9.784073742163946e-09,8.654521887335731e-09
E,SD,zero,v,5.539990591274524e-09,5.539990591274524e-09
