case,model,mesh,moving_u,moving_v,frozen_u,frozen_v,ratio_u,ratio_v,displacement
A,FD,minus,4.5012955631529294e-05,4.343072399715098e-05,4.493019106499574e-05,4.3395662811196445e-05,1.0018420702109596,1.000807942169407,0.00023880390231567628
A,FD,plus,1.3106421499653464e-05,2.8074137984557268e-05,1.3076192344918525e-05,2.8063302238257037e-05,1.0023117704250264,1.0003861180059366,7.767348094545046e-05
A,FD,zero,2.5000764233062966e-05,3.328225263010687e-05,2.494905714689466e-05,3.326526108571315e-05,1.00207250662275,1.0005107894493879,0.00013870669546606207
A,SD,minus,6.719728517756707e-05,2.846622755559025e-05,6.711987403074104e-05,2.8433703473274008e-05,1.0011533267596804,1.001143856703254,0.00023982342481487784
A,SD,plus,3.8379829256474096e-05,2.0275485510978797e-05,3.8353671046875704e-05,2.0277097289245205e-05,1.000682026228113,0.9999205123769237,7.84568985147116e-05
A,SD,zero,4.8154584189719074e-05,1.9597308739793817e-05,4.810740772165367e-05,1.959861534150953e-05,1.000980648725418,0.9999333319373362,0.00013869293660184745
B,FD,minus,2.0847589288219837e-07,2.1028675956102916e-07,2.0854029436634391e-07,2.102451259755611e-07,0.9996911796622268,1.0001980240220782,0.00015991070677181878
B,FD,plus,2.086169607062871e-07,2.0574571790721308e-07,2.0866713851264151e-07,2.0570751740889293e-07,0.9997595318232086,1.0001857029767376,0.00011378210624615748
B,FD,zero,2.0843070014375797e-07,2.080628735412482e-07,2.0849776849463098e-07,2.0802739891800925e-07,0.999678325809637,1.0001705286102862,0.00013508765646781662
B,SD,minus,6.81888275233522e-07,3.691563010277399e-07,6.818555624565903e-07,3.6917272921987987e-07,1.0000479761092127,0.999955499984588,0.0001599382361415721
B,SD,plus,6.824627223345203e-07,3.7005041814142103e-07,6.8244079765023e-07,3.7005513353616237e-07,1.0000321268663388,0.9999872575886294,0.00011375849372152746
B,SD,zero,6.82179089495083e-07,3.6962532762307987e-07,6.821520215916088e-07,3.6963568211811904e-07,1.0000396801630977,0.9999719872957615,0.00013508824343939907
C,FD,minus,2.7732205443165014e-07,2.931912121972857e-07,2.775596006365788e-07,2.93084072233718e-07,0.9991441614543909,1.0003655605122146,0.0002529531599384377
C,FD,plus,2.770752066116877e-07,2.8263165929853784e-07,2.7715679268291993e-07,2.825289503460837e-07,0.999705632070416,1.0003635342584478,0.00016406572372157369
C,FD,zero,2.7765085841569004e-07,2.878557908703172e-07,2.7780358324847043e-07,2.877456384275945e-07,0.9994502416743711,1.000382811858851,0.00020587052668782913
C,SD,minus,8.583818952301314e-07,4.7659218888052024e-07,8.582994022732215e-07,4.766411846879315e-07,1.0000961120987517,0.9998972060976155,0.00025299893125099726
C,SD,plus,8.612191257917345e-07,4.797386059518516e-07,8.612523284545759e-07,4.797609600148967e-07,0.9999614483912038,0.9999534058314282,0.00016403464779174426
C,SD,zero,8.59681460407824e-07,4.779735130466811e-07,8.59699914035339e-07,4.78023280292561e-07,0.9999785348035825,0.9998958894933957,0.000205876460152854
D,FD,minus,4.6933630373224844e-05,5.166420424318474e-05,4.6901459924919564e-05,5.1643332602768766e-05,1.0006859157125765,1.000404149758818,0.00010116416069766432
D,FD,plus,1.666267251287934e-05,3.386548361827835e-05,1.663280031483083e-05,3.385344863149342e-05,1.0017959812829516,1.0003555025343482,0.00015219757018397617
D,FD,zero,2.791758923526011e-05,4.0235097748198e-05,2.7886089910333922e-05,4.022176183493542e-05,1.0011295712316597,1.0003315596496571,9.544411426781751e-05
D,SD,minus,6.373509479029593e-05,3.477444803667851e-05,6.370390672194581e-05,3.475227487648169e-05,1.0004895785824603,1.0006380347840715,0.00010205362720583366
D,SD,plus,3.930479613201143e-05,2.2865445092445924e-05,3.930724746092906e-05,2.2870115933493196e-05,0.9999376367190284,0.9997957666213475,0.00015304086142170492
D,SD,zero,4.5421437062875825e-05,2.2554224647031162e-05,4.539031969041929e-05,2.2540252547109674e-05,1.0006855508546484,1.0006198732641653,9.585707015435929e-05
E,FD,minus,4.2882055892312643e-10,1.3722091518619806e-10,4.288207566816027e-10,1.3722089436951634e-10,0.9999995388318471,1.0000001517019825,6.631406161000664e-08
E,FD,plus,4.2882395204224544e-10,1.3721537794886274e-10,4.2882381326436736e-10,1.3721527386545418e-10,1.0000003236244672,1.0000007585409818,4.964661641515544e-08
E,FD,zero,4.2882273773581225e-10,1.372185073900134e-10,4.288228938609251e-10,1.372184865733317e-10,0.9999996359216938,1.0000001517046444,5.79749850002087e-08
E,SD,minus,9.784150101221911e-09,5.540038684748172e-09,9.78415077429462e-09,5.540038747198217e-09,0.999999931207856,0.9999999887275075,6.632043896004358e-08
E,SD,plus,9.783998070056477e-09,5.539942150856181e-09,9.783997865359106e-09,5.539942164733969e-09,1.000000020921649,0.999999997494958,4.970350083594033e-08
E,SD,zero,9.784073742163946e-09,5.539990591274524e-09,9.78407388441127e-09,5.539990667602357e-09,0.9999999854613398,0.9999999862223896,5.800661505295235e-08
