case,model,mesh,t,variant,available,u_error,v_error,u_change_over_peak,v_change_over_peak
fig1a,structure,fixed,0.005,time_half,True,0.00028643882256296216,0.0005329917563032804,8.049119230616615e-15,4.329870724810046e-15
fig1a,structure,fixed,0.005,x_half,True,0.00017231925271898874,0.00010513788370558608,0.00019798717375692421,0.00024340904834624098
fig1a,structure,fixed,0.005,y_half,True,0.00036060933352310975,0.0005202885466022433,6.255306512058686e-05,3.097604585245284e-05
fig1a,structure,fixed,0.005,y_quarter,True,0.00038499924318990963,0.0005188679537262431,7.752147655682225e-05,3.823895034532736e-05
fig1a,structure,fixed,0.005,domain_double,True,0.0002864388225602976,0.0005329917562999498,0.0,0.0
fig1a,structure,fixed,0.01,time_half,True,0.0005424866284231555,0.0009939744426963326,1.7208461803387248e-14,1.2101433564212695e-14
fig1a,structure,fixed,0.01,x_half,True,0.0003416060838812296,0.00018374462809300773,0.00032945526529032566,0.0004555201522988809
fig1a,structure,fixed,0.01,y_half,True,0.0005889560091525414,0.0009766781228122134,0.0001238772405743979,6.847996725572076e-05
fig1a,structure,fixed,0.01,y_quarter,True,0.0006430128063137364,0.0009769537308432774,0.0001532253757966286,8.526302791872977e-05
fig1a,structure,fixed,0.01,domain_double,True,0.0005424866284184926,0.0009939744426876729,0.0,0.0
fig1a,structure,fixed,0.02,time_half,True,0.0012517326131731288,0.0020516728021251485,5.467849960108528e-14,4.551915377364408e-14
fig1a,structure,fixed,0.02,x_half,True,0.00067652156680853,0.0004516482014180756,0.0007296252706960033,0.0009661596637996138
fig1a,structure,fixed,0.02,y_half,True,0.001344949597688272,0.002099153672049825,0.00024126803528539634,0.00017136626954666247
fig1a,structure,fixed,0.02,y_quarter,True,0.0014525576125621331,0.00212787116975921,0.0002972210302219972,0.00027581059908917614
fig1a,structure,fixed,0.02,domain_double,True,0.0012517326131622486,0.002051672802103166,0.0,0.0
fig1a,structure,fixed,0.05,time_half,True,0.007458853022968448,0.010112759345967781,1.4741545537121024e-12,1.0886849314740337e-12
fig1a,structure,fixed,0.05,x_half,True,0.08555375213173644,0.06417782259666627,0.043291937621572886,0.0317506308072093
fig1a,structure,fixed,0.05,y_half,True,0.008599099303834734,0.011095094050085352,0.001030498082935706,0.001917002214989091
fig1a,structure,fixed,0.05,y_quarter,True,0.008972304873313908,0.01171572480036387,0.001322079720598479,0.0029216688509056798
fig1a,structure,fixed,0.05,domain_double,True,0.007458853020140044,0.010112759345666689,0.0,0.0
fig1a,structure,moving,0.005,time_half,True,0.00016945926999456518,0.0003065054092723507,5.884183713416285e-15,1.310063450070732e-14
fig1a,structure,moving,0.005,x_half,True,0.00017978654060724075,8.370177249927835e-05,0.0001208095672861571,0.00014092753357037067
fig1a,structure,moving,0.005,y_half,True,0.00023075965705765533,0.0003016220436617978,6.764243516661914e-05,3.6336033360721275e-05
fig1a,structure,moving,0.005,y_quarter,True,0.000246233184405531,0.00030180430395421176,8.458434222776421e-05,4.6113373028342906e-05
fig1a,structure,moving,0.005,domain_double,True,0.00016153116075745544,0.0002878935611720923,1.7707349736816684e-05,1.6424592646173765e-05
fig1a,structure,moving,0.01,time_half,True,0.00033167767151898175,0.0005969876752289771,1.5876193792802428e-14,3.053113972622469e-14
fig1a,structure,moving,0.01,x_half,True,0.0003616341006658086,0.0001903261512792298,0.00021394455648254235,0.00027336960660445816
fig1a,structure,moving,0.01,y_half,True,0.00041074508330729564,0.0005877276833141654,0.00013516454780907605,7.292835164518803e-05
fig1a,structure,moving,0.01,y_quarter,True,0.0004409322956535622,0.0005870616212411139,0.0001690103797956134,9.08974214260519e-05
fig1a,structure,moving,0.01,domain_double,True,0.0003299545718391528,0.0005667089647003465,2.0661527813453626e-05,1.8775600208283176e-05
fig1a,structure,moving,0.02,time_half,True,0.0007771928620463608,0.0013535304169571827,1.1701754026303327e-13,2.2615247862661705e-13
fig1a,structure,moving,0.02,x_half,True,0.001298153396394497,0.0013096584915530673,0.0006115505206082328,0.0005864589350475512
fig1a,structure,moving,0.02,y_half,True,0.0008958983090412431,0.0013334644798013162,0.0002697803932700931,0.00019786822684488887
fig1a,structure,moving,0.02,y_quarter,True,0.0009527109723159732,0.0013334593919251958,0.0003373632443071381,0.00024656847217593633
fig1a,structure,moving,0.02,domain_double,True,0.0007806470751450245,0.0013128153640082907,2.778174211243486e-05,2.4086036494399875e-05
fig1a,structure,moving,0.05,time_half,True,0.007010163682612536,0.014620369340029304,2.508449721496205e-11,5.1496262753428656e-11
fig1a,structure,moving,0.05,x_half,False,,,,
fig1a,structure,moving,0.05,y_half,True,0.005647878056330491,0.011514226087668167,0.0031313335119088,0.0029830304703495174
fig1a,structure,moving,0.05,y_quarter,True,0.0057301783078107515,0.011000539053194425,0.00394796555569846,0.0037580626368761607
fig1a,structure,moving,0.05,domain_double,True,0.007134455218252178,0.015125337407055683,0.00017657177258816777,0.000513393648177363
fig1a,fd,fixed,0.005,time_half,True,0.0004389682465395506,0.0006187209820058825,8.326675066155119e-15,4.88498235619595e-15
fig1a,fd,fixed,0.005,x_half,True,7.211278933105802e-05,0.0001475894321978366,0.00019239908365622143,0.0002388032964797192
fig1a,fd,fixed,0.005,y_half,True,0.00040680989300745374,0.000543536946655987,2.031584294644242e-05,4.028931897392683e-05
fig1a,fd,fixed,0.005,y_quarter,True,0.0003979103921256666,0.0005246861508338974,2.5838260740865645e-05,5.085406489633899e-05
fig1a,fd,fixed,0.005,domain_double,True,0.00043896824653644195,0.0006187209820014417,0.0,0.0
fig1a,fd,fixed,0.01,time_half,True,0.000771642926277627,0.0011819604362741654,1.8207662811325862e-14,1.310063450070732e-14
fig1a,fd,fixed,0.01,x_half,True,0.00015275768334777062,0.0003053449673957598,0.0003160202399983887,0.00044325261589919074
fig1a,fd,fixed,0.01,y_half,True,0.000691835944419239,0.0010285647552605859,4.503991808128069e-05,8.269494373178839e-05
fig1a,fd,fixed,0.01,y_quarter,True,0.0006698745771460679,0.0009899171477418811,5.769301206725417e-05,0.00010491795441328947
fig1a,fd,fixed,0.01,domain_double,True,0.000771642926272964,0.0011819604362610647,0.0,0.0
fig1a,fd,fixed,0.02,time_half,True,0.001774438388364219,0.0025684163905932422,6.22835294948403e-14,5.240253800282928e-14
fig1a,fd,fixed,0.02,x_half,True,0.0004184134263942596,0.0007230259923847182,0.0006905218492203528,0.0009250471929442086
fig1a,fd,fixed,0.02,y_half,True,0.001556118673541329,0.002236173064923186,0.00011718941371592134,0.00016923951169993534
fig1a,fd,fixed,0.02,y_quarter,True,0.0014994685801332786,0.0021509968800932366,0.00015116481666972394,0.0002146086993208894
fig1a,fd,fixed,0.02,domain_double,True,0.0017744383883553372,0.0025684163905448365,0.0,0.0
fig1a,fd,fixed,0.05,time_half,True,0.010255803433231625,0.012870515776671976,1.661227186865054e-12,1.208589043853389e-12
fig1a,fd,fixed,0.05,x_half,True,0.06478687313473896,0.046206642279663646,0.02903132090041792,0.02038904592936239
fig1a,fd,fixed,0.05,y_half,True,0.009349533390337506,0.011876623321002588,0.0006906410821980835,0.0010590691701050981
fig1a,fd,fixed,0.05,y_quarter,True,0.009148196934499309,0.011598229490221268,0.0009222230054986177,0.0017399201915812973
fig1a,fd,fixed,0.05,domain_double,True,0.010255803432472899,0.012870515776120639,0.0,0.0
fig1a,fd,moving,0.005,time_half,True,0.00028654254985416294,0.00040321431935286256,4.107826365969859e-15,5.440093987581853e-15
fig1a,fd,moving,0.005,x_half,True,5.3801750966808726e-05,0.00013004955647244465,0.00011939129393521628,0.0001381433185112765
fig1a,fd,moving,0.005,y_half,True,0.00026013714115213915,0.00032691378459959175,1.9193099128381905e-05,4.0918927053093597e-05
fig1a,fd,moving,0.005,y_quarter,True,0.0002535889174697381,0.00030814250625654793,2.390585222920594e-05,5.114466167869362e-05
fig1a,fd,moving,0.005,domain_double,True,0.0002776515138944724,0.0003878911886037173,1.7658616127941367e-05,1.635054023851511e-05
fig1a,fd,moving,0.01,time_half,True,0.0005293074264907105,0.0007926553783630386,1.254552376634038e-14,2.287059921309922e-14
fig1a,fd,moving,0.01,x_half,True,0.00011648773195305218,0.0002658186852035893,0.00021048965794348955,0.0002636687597020462
fig1a,fd,moving,0.01,y_half,True,0.00047062480599602274,0.0006376620481765016,4.050493373627797e-05,8.419494354771343e-05
fig1a,fd,moving,0.01,y_quarter,True,0.00045592801468186117,0.000599752010785437,5.048416566302614e-05,0.00010520681371566677
fig1a,fd,moving,0.01,domain_double,True,0.0005154041561750144,0.0007628422795649126,2.0550671597404996e-05,1.8615391578527874e-05
fig1a,fd,moving,0.02,time_half,True,0.0011601916343226826,0.0017500709145057414,8.015812530351995e-14,1.9284578074346284e-13
fig1a,fd,moving,0.02,x_half,True,0.0013048952200671593,0.0011058781280162133,0.0005993019242763007,0.0005609541268375766
fig1a,fd,moving,0.02,y_half,True,0.0010189817289287806,0.0014336197743578527,0.00011159051221390532,0.00018592030898811164
fig1a,fd,moving,0.02,y_quarter,True,0.000983603404109079,0.001358725944511141,0.00013922404436383703,0.00023256749360931267
fig1a,fd,moving,0.02,domain_double,True,0.001131889619532922,0.0017094128348422721,2.74877890887068e-05,2.3695406393775134e-05
fig1a,fd,moving,0.05,time_half,True,0.006101816239729718,0.011684916061299067,3.254897283360036e-11,4.3399848587338976e-11
fig1a,fd,moving,0.05,x_half,False,,,,
fig1a,fd,moving,0.05,y_half,True,0.005845266590289722,0.0110004850491483,0.0014105075112248542,0.0013876207878234053
fig1a,fd,moving,0.05,y_quarter,True,0.005781294807596815,0.01094880030947798,0.0017745181881464202,0.0017527167177807347
fig1a,fd,moving,0.05,domain_double,True,0.0060373686189389986,0.011875476007094043,0.0001959495363877391,0.0004175291845113886
fig1b,structure,fixed,0.005,time_half,True,3.921435702880505e-06,1.5638779705118289e-06,8.08856769456057e-16,2.4021820444000547e-15
fig1b,structure,fixed,0.005,x_half,True,4.642086701811543e-06,1.6340047186980122e-06,2.5332062812598815e-06,1.3550300023328176e-06
fig1b,structure,fixed,0.005,y_half,True,1.3710983196024706e-06,5.533536979740461e-07,1.0251447968944583e-05,2.5476900691675605e-06
fig1b,structure,fixed,0.005,y_quarter,True,9.618607701988857e-07,6.361578779867649e-07,1.28404763920147e-05,3.1768625296518464e-06
fig1b,structure,fixed,0.005,domain_double,True,3.9214357028249935e-06,1.5638779705118289e-06,0.0,0.0
fig1b,structure,fixed,0.01,time_half,True,7.835417346002682e-06,2.9349494851671487e-06,1.2941708311296912e-15,2.9741301502095917e-15
fig1b,structure,fixed,0.01,x_half,True,9.263975595641405e-06,3.266463749485027e-06,5.046721849416309e-06,1.6716022935461996e-06
fig1b,structure,fixed,0.01,y_half,True,2.3567791700429552e-06,9.297018040421712e-07,2.0454282093525172e-05,5.098697324331871e-06
fig1b,structure,fixed,0.01,y_quarter,True,1.592724703680659e-06,7.833174269222809e-07,2.5619143236577936e-05,6.3577277120648385e-06
fig1b,structure,fixed,0.01,domain_double,True,7.835417345947171e-06,2.934949485333682e-06,0.0,0.0
fig1b,structure,fixed,0.02,time_half,True,1.5605505228610816e-05,5.735134701922995e-06,2.426570308368171e-15,3.660467877181036e-15
fig1b,structure,fixed,0.02,x_half,True,1.842709069227455e-05,6.540789555975479e-06,1.0021599149624175e-05,3.160965521456612e-06
fig1b,structure,fixed,0.02,y_half,True,4.358262928216838e-06,1.787849913281736e-06,4.068757540408396e-05,1.0215953447750057e-05
fig1b,structure,fixed,0.02,y_quarter,True,2.9417933870568014e-06,1.4847850225430115e-06,5.096118724400194e-05,1.273796435478331e-05
fig1b,structure,fixed,0.02,domain_double,True,1.5605505228610816e-05,5.735134702089528e-06,0.0,0.0
fig1b,structure,fixed,0.05,time_half,True,3.8260117749516764e-05,1.4583777421361965e-05,1.1000452064602375e-14,1.39555337817527e-14
fig1b,structure,fixed,0.05,x_half,True,4.513371919762088e-05,1.6525368449982203e-05,2.459271140542798e-05,7.212382731957497e-06
fig1b,structure,fixed,0.05,y_half,True,1.0477055038982108e-05,4.76736362198249e-06,9.961291321461006e-05,2.5778307686207855e-05
fig1b,structure,fixed,0.05,y_quarter,True,6.838710047252228e-06,3.974443103793579e-06,0.0001247639086428455,3.213685707230509e-05
fig1b,structure,fixed,0.05,domain_double,True,3.826011774774041e-05,1.4583777420695831e-05,0.0,0.0
fig1b,structure,moving,0.005,time_half,True,4.2306776281697545e-06,1.617179332780161e-06,7.279710925104513e-16,1.1295975089738352e-14
fig1b,structure,moving,0.005,x_half,True,4.6665071588569695e-06,1.640828586391141e-06,1.4561347382280123e-06,1.0228104695734885e-06
fig1b,structure,moving,0.005,y_half,True,1.0344694517105957e-06,5.088887912174656e-07,1.0241280478551794e-05,2.5467124237428186e-06
fig1b,structure,moving,0.005,y_quarter,True,5.794655223434475e-07,4.820449299725027e-07,1.2824882782399743e-05,3.1779257313066716e-06
fig1b,structure,moving,0.005,domain_double,True,4.242581044588967e-06,1.6168966323060197e-06,2.3188658188597881e-07,2.1226487036903924e-07
fig1b,structure,moving,0.01,time_half,True,8.419545702187392e-06,3.12327759066644e-06,1.5368278619665083e-15,1.1210182873866923e-14
fig1b,structure,moving,0.01,x_half,True,9.311401389711094e-06,3.281618287886978e-06,2.7308835222362795e-06,1.2525596074252116e-06
fig1b,structure,moving,0.01,y_half,True,1.7480950460502243e-06,8.251165922734671e-07,2.0433683362341925e-05,5.097077503466809e-06
fig1b,structure,moving,0.01,y_quarter,True,9.248998111277551e-07,7.05232416409185e-07,2.558797499862806e-05,6.360290005033199e-06
fig1b,structure,moving,0.01,domain_double,True,8.444016407149757e-06,3.1263644890699993e-06,2.2856752573170402e-07,2.110271725518594e-07
fig1b,structure,moving,0.02,time_half,True,1.6757636284725486e-05,6.184102726181084e-06,1.941256246694537e-15,1.0552442552185954e-14
fig1b,structure,moving,0.02,x_half,True,1.8516917136168765e-05,6.571580665526433e-06,5.432570697248891e-06,2.187006529777382e-06
fig1b,structure,moving,0.02,y_half,True,3.2090761113434674e-06,1.5282860832965817e-06,4.06471684518359e-05,1.0213896728767386e-05
fig1b,structure,moving,0.02,y_quarter,True,1.676986883025755e-06,1.2696863058714314e-06,5.089974420783288e-05,1.2744689656916904e-05
fig1b,structure,moving,0.02,domain_double,True,1.6801518700426676e-05,6.1937143556733965e-06,2.3023091460353056e-07,2.1497681458879202e-07
fig1b,structure,moving,0.05,time_half,True,4.105279762850467e-05,1.5617677082024883e-05,2.1353818713639906e-14,2.4708158170971992e-14
fig1b,structure,moving,0.05,x_half,True,0.0012281890878298451,0.0011470944195214883,0.003493873031570707,0.0023761093983695604
fig1b,structure,moving,0.05,y_half,True,7.769439335669759e-06,3.945993699461248e-06,9.952644886837911e-05,2.578185892904088e-05
fig1b,structure,moving,0.05,y_quarter,True,4.1072290782318e-06,3.239987450665005e-06,0.00012463428681171545,3.216497771824106e-05
fig1b,structure,moving,0.05,domain_double,True,4.11729725299792e-05,1.5643161801637273e-05,3.937873413745371e-07,2.5874083158348674e-07
fig1b,fd,fixed,0.005,time_half,True,2.2525610069989987e-06,9.680751237306495e-07,8.08856769456057e-16,1.6014546962667031e-15
fig1b,fd,fixed,0.005,x_half,True,1.385243840801298e-06,8.330566351744118e-07,2.5315679332994665e-06,1.3596022070803783e-06
fig1b,fd,fixed,0.005,y_half,True,1.2585964675460026e-06,6.136590473548864e-07,2.8967818769034426e-06,1.293051281328055e-06
fig1b,fd,fixed,0.005,y_quarter,True,1.0061366257363424e-06,6.43203835914985e-07,3.633254416914024e-06,1.6157236652745442e-06
fig1b,fd,fixed,0.005,domain_double,True,2.25256100705451e-06,9.68075123508605e-07,0.0,0.0
fig1b,fd,fixed,0.01,time_half,True,4.486662027292088e-06,1.5400575438251352e-06,1.2132851541840854e-15,2.17340280207624e-15
fig1b,fd,fixed,0.01,x_half,True,2.769999673191137e-06,1.6678910071954434e-06,5.043563852741083e-06,1.6728685937446184e-06
fig1b,fd,fixed,0.01,y_half,True,2.5000685309195525e-06,6.429218651904378e-07,5.796036726286861e-06,2.6219441815525292e-06
fig1b,fd,fixed,0.01,y_quarter,True,2.0077969676846052e-06,7.540496736457847e-07,7.261286867142605e-06,3.277341301278495e-06
fig1b,fd,fixed,0.01,domain_double,True,4.486662027458621e-06,1.540057544158202e-06,0.0,0.0
fig1b,fd,fixed,0.02,time_half,True,8.87581818459493e-06,2.840137700355072e-06,2.911884370041805e-15,3.660467877181036e-15
fig1b,fd,fixed,0.02,x_half,True,5.532396564866815e-06,3.426514855353613e-06,1.0014147131823986e-05,2.6027318091296517e-06
fig1b,fd,fixed,0.02,y_half,True,4.952805847613373e-06,8.869423940294219e-07,1.1584601569251276e-05,5.383752270357358e-06
fig1b,fd,fixed,0.02,y_quarter,True,3.995588730598687e-06,1.1944993900669942e-06,1.4503306388300656e-05,6.731070197068849e-06
fig1b,fd,fixed,0.02,domain_double,True,8.875818184761464e-06,2.8401377009101836e-06,0.0,0.0
fig1b,fd,fixed,0.05,time_half,True,2.195279606592715e-05,7.720569978941771e-06,9.706281233472683e-15,1.3726754539428884e-14
fig1b,fd,fixed,0.05,x_half,True,1.3791124064965743e-05,9.197367205449059e-06,2.458305590244301e-05,6.730213138208606e-06
fig1b,fd,fixed,0.05,y_half,True,1.2158938368311834e-05,2.241723084717151e-06,2.8882002565233066e-05,1.4397559645656968e-05
fig1b,fd,fixed,0.05,y_quarter,True,9.789725500419788e-06,3.2379180889274828e-06,3.613270727897168e-05,1.800610512104146e-05
fig1b,fd,fixed,0.05,domain_double,True,2.195279606542755e-05,7.720569980218528e-06,0.0,0.0
fig1b,fd,moving,0.005,time_half,True,1.7936062967627286e-06,9.838714332688347e-07,6.470854155648456e-16,1.4870650751047959e-15
fig1b,fd,moving,0.005,x_half,True,1.3561005543505367e-06,8.376037916035806e-07,1.4534722865201936e-06,1.0388005919498554e-06
fig1b,fd,moving,0.005,y_half,True,8.254913098082461e-07,5.218552179830915e-07,2.8993831329346546e-06,1.2935255499629515e-06
fig1b,fd,moving,0.005,y_quarter,True,6.07119451545568e-07,5.006381591510234e-07,3.636449761579952e-06,1.6162766146369541e-06
fig1b,fd,moving,0.005,domain_double,True,1.7822824757707245e-06,9.771916277268033e-07,2.31886580591808e-07,2.1669642392621157e-07
fig1b,fd,moving,0.01,time_half,True,3.5798707944123542e-06,1.697573052128476e-06,1.4559421850209026e-15,1.9446235597524253e-15
fig1b,fd,moving,0.01,x_half,True,2.710019528562313e-06,1.683981281253022e-06,2.726512960774708e-06,1.2524005254358929e-06
fig1b,fd,moving,0.01,y_half,True,1.6258889209419536e-06,6.408981992334084e-07,5.802176605958729e-06,2.622509192499763e-06
fig1b,fd,moving,0.01,y_quarter,True,1.1553591796609197e-06,6.048758079968408e-07,7.2693961862193576e-06,3.2778792447816213e-06
fig1b,fd,moving,0.01,domain_double,True,3.555723186665638e-06,1.694540531005373e-06,2.2856752459930454e-07,2.17464848789225e-07
fig1b,fd,moving,0.02,time_half,True,7.189793720774329e-06,3.249210693279103e-06,1.7794848928033255e-15,3.317299013695314e-15
fig1b,fd,moving,0.02,x_half,True,5.424765651129704e-06,3.4578287252395867e-06,5.4220274065007875e-06,2.1854235504919978e-06
fig1b,fd,moving,0.02,y_half,True,3.24117154171244e-06,9.278886571872924e-07,1.16009882899445e-05,5.384374598397678e-06
fig1b,fd,moving,0.02,y_quarter,True,2.295270576602171e-06,1.0398353585960862e-06,1.4525868343956914e-05,6.731186560597314e-06
fig1b,fd,moving,0.02,domain_double,True,7.142447275731989e-06,3.2497958861732457e-06,2.3005085888059442e-07,2.2033961748353208e-07
fig1b,fd,moving,0.05,time_half,True,1.7880178824536408e-05,8.578073684373244e-06,1.747130622025083e-14,2.3678651580514826e-14
fig1b,fd,moving,0.05,x_half,True,0.0011327825912302303,0.001098169295188356,0.003283271867132125,0.002259586755037356
fig1b,fd,moving,0.05,y_half,True,8.044717850874683e-06,2.202500617831671e-06,2.8940420708255628e-05,1.4392567923722783e-05
fig1b,fd,moving,0.05,y_quarter,True,5.692906983767454e-06,2.6682883116913025e-06,3.621580671633315e-05,1.799596233883663e-05
fig1b,fd,moving,0.05,domain_double,True,1.776238992667878e-05,8.591749406816618e-06,3.9251194273396995e-07,2.5824787351472624e-07
