case,model,mesh,t,u_error,v_error,passes_checks
fig1a,structure,fixed,0.005,0.0002864388225602976,0.0005329917562999498,True
fig1a,structure,fixed,0.01,0.0005424866284184926,0.0009939744426876729,True
fig1a,structure,fixed,0.02,0.0012517326131622486,0.002051672802103166,True
fig1a,structure,fixed,0.05,0.007458853020140044,0.010112759345666689,False
fig1a,structure,moving,0.005,0.00016945926999345495,0.00030650540926657754,True
fig1a,structure,moving,0.01,0.0003316776715112102,0.0005969876752056624,True
fig1a,structure,moving,0.02,0.0007771928619850765,0.0013535304168814655,True
fig1a,structure,moving,0.05,0.007010163661031132,0.014620369308527392,False
fig1a,fd,fixed,0.005,0.00043896824653644195,0.0006187209820014417,True
fig1a,fd,fixed,0.01,0.000771642926272964,0.0011819604362610647,True
fig1a,fd,fixed,0.02,0.0017744383883553372,0.0025684163905448365,True
fig1a,fd,fixed,0.05,0.010255803432472899,0.012870515776120639,False
fig1a,fd,moving,0.005,0.00028654254985260863,0.000403214319349976,True
fig1a,fd,moving,0.01,0.00052930742648849,0.0007926553783506041,True
fig1a,fd,moving,0.02,0.0011601916343113583,0.0017500709144300242,True
fig1a,fd,moving,0.05,0.006101816239219904,0.011684916041781124,False
fig1b,structure,fixed,0.005,3.9214357028249935e-06,1.5638779705118289e-06,True
fig1b,structure,fixed,0.01,7.835417345947171e-06,2.934949485333682e-06,True
fig1b,structure,fixed,0.02,1.5605505228610816e-05,5.735134702089528e-06,True
fig1b,structure,fixed,0.05,3.826011774774041e-05,1.4583777420695831e-05,True
fig1b,structure,moving,0.005,4.230677628114243e-06,1.6171793330577167e-06,True
fig1b,structure,moving,0.01,8.41954570207637e-06,3.1232775912215516e-06,True
fig1b,structure,moving,0.02,1.675763628439242e-05,6.184102727013752e-06,True
fig1b,structure,moving,0.05,4.1052797627672e-05,1.5617677090296045e-05,False
fig1b,fd,fixed,0.005,2.25256100705451e-06,9.68075123508605e-07,True
fig1b,fd,fixed,0.01,4.486662027458621e-06,1.540057544158202e-06,True
fig1b,fd,fixed,0.02,8.875818184761464e-06,2.8401377009101836e-06,True
fig1b,fd,fixed,0.05,2.195279606542755e-05,7.720569980218528e-06,True
fig1b,fd,moving,0.005,1.7936062968182398e-06,9.83871433324346e-07,True
fig1b,fd,moving,0.01,3.5798707945233765e-06,1.6975730521839871e-06,True
fig1b,fd,moving,0.02,7.189793720996374e-06,3.249210693279103e-06,True
fig1b,fd,moving,0.05,1.788017882176085e-05,8.578073683318532e-06,False
