case,mesh,t,SD_u,SD_v,SD2_u,SD2_v,FD_u,FD_v
fig3,fixed,0.0,1.2350944300631994e-06,1.214600084509243e-06,1.679816183886018e-05,5.413476456384014e-05,1.2350944300631994e-06,1.214600084509243e-06
fig3,fixed,0.01,2.023756306152036e-05,1.4301289773532844e-05,1.3556527247771122e-05,6.723899032079483e-05,1.2657853485809056e-05,1.4118654005135234e-05
fig3,fixed,0.02,4.039713132814038e-05,2.8017181461503782e-05,2.1093292942808706e-05,0.00013231186579398813,2.4630289762961333e-05,2.797674124399574e-05
fig3,moving,0.0,7.429412060000473e-07,7.320459969317739e-07,7.954236419138727e-06,2.7427804173973946e-05,7.429412060000473e-07,7.320459969317739e-07
fig3,moving,0.01,1.7280402272501494e-05,1.1324624688113794e-05,7.172230127194812e-06,5.107206504284534e-05,9.555687520312883e-06,1.1262223464925114e-05
fig3,moving,0.02,3.463359036237623e-05,2.2312111242706045e-05,1.7670954794324345e-05,0.00010196281015439901,1.8914205008879748e-05,2.237860943898884e-05
fig4,fixed,0.0,0.00024046999548987813,0.00011975115052420549,0.0030729859150160355,0.011772622077345307,0.00024046999548987813,0.00011975115052420549
fig4,fixed,0.01,0.0005900336137989459,0.0011000730009063098,0.006300676468084854,0.011256707592726123,0.0008329579841019896,0.0012853198157340984
fig4,fixed,0.02,0.001354768702070297,0.0022850838022097086,0.010621497495783894,0.010736915863708063,0.0019432417340004005,0.0028062163989037714
fig4,moving,0.0,7.553023214790233e-05,6.770600946293115e-05,0.0009593095227022896,0.002203549310333397,7.553023214790233e-05,6.770600946293115e-05
fig4,moving,0.01,0.0003634556021252511,0.0005264787445216079,0.0011998455013579878,0.001887180099200414,0.0004686725122097224,0.0007584646714473564
fig4,moving,0.02,0.0008310977288228383,0.0012224191280205687,0.001796149429526439,0.0032814625077639548,0.001048115508968439,0.0016892818145244348
fig5,fixed,0.0,1.2179767576447897e-08,2.3699033957491622e-08,1.6187540570825054e-07,6.022768328298178e-07,1.2179767576447897e-08,2.3699033957491622e-08
fig5,fixed,0.01,2.0143860702051541e-07,1.3674389964801748e-07,2.0007565590136195e-07,6.040895708103733e-07,1.1743505161365686e-08,2.4143071708504493e-08
fig5,fixed,0.02,4.0287096873380807e-07,2.7163058774481996e-07,4.015161712755608e-07,6.060674083291362e-07,1.6548073446254197e-08,2.5598597061526895e-08
fig5,moving,0.0,1.139151944648531e-08,2.212301787596349e-08,1.4935787894312935e-07,5.510235892708382e-07,1.139151944648531e-08,2.212301787596349e-08
fig5,moving,0.01,2.0145845015199365e-07,1.3622168380800215e-07,2.001623554395357e-07,5.537512756254026e-07,1.0991491168621526e-08,2.2746275682439254e-08
fig5,moving,0.02,4.0290968591691345e-07,2.7084771055119194e-07,4.0162586460810307e-07,5.566522525007889e-07,1.6331773513428294e-08,2.4212227070496972e-08
