case,model,mesh,variant,t,field,main_error,control_error,field_difference,initial_peak,pass_old_threshold
fig3,SD,fixed,time_half,0.001,u,2.0113376075214795e-06,1.5003993760753787e-06,5.44886776143727e-07,0.521213732480525,True
fig3,SD,fixed,time_half,0.001,v,1.4554941070166194e-06,8.511127523869177e-07,6.864461281619327e-07,0.6075148241764006,True
fig3,SD,fixed,time_half,0.005,u,1.0104989167536438e-05,7.524506223821614e-06,2.722935724452924e-06,0.521213732480525,True
fig3,SD,fixed,time_half,0.005,v,7.215630644541449e-06,3.947262813941421e-06,3.4045328020093635e-06,0.6075148241764006,True
fig3,SD,fixed,time_half,0.01,u,2.023756306152036e-05,1.504056936818543e-05,5.44205611763271e-06,0.521213732480525,True
fig3,SD,fixed,time_half,0.01,v,1.4301289773532844e-05,7.825936286898205e-06,6.739525499566135e-06,0.6075148241764006,True
fig3,SD,fixed,time_half,0.02,u,4.039713132814038e-05,3.0242621745668608e-05,1.0866965296063569e-05,0.521213732480525,True
fig3,SD,fixed,time_half,0.02,v,2.8017181461503782e-05,1.524561129340185e-05,1.3198142924886191e-05,0.6075148241764006,True
fig3,SD,fixed,time_quarter,0.001,u,2.0113376075214795e-06,1.5686956432725552e-06,8.173244560039095e-07,0.521213732480525,True
fig3,SD,fixed,time_quarter,0.001,v,1.4554941070166194e-06,8.498157859637701e-07,1.0296044933300053e-06,0.6075148241764006,True
fig3,SD,fixed,time_quarter,0.005,u,1.0104989167536438e-05,6.235379923724693e-06,4.084352546840364e-06,0.521213732480525,True
fig3,SD,fixed,time_quarter,0.005,v,7.215630644541449e-06,2.4511057836740235e-06,5.106461186343836e-06,0.6075148241764006,True
fig3,SD,fixed,time_quarter,0.01,u,2.023756306152036e-05,1.2441971528776019e-05,8.16291866134744e-06,0.521213732480525,True
fig3,SD,fixed,time_quarter,0.01,v,1.4301289773532844e-05,4.872283086543305e-06,1.0108568933242523e-05,0.6075148241764006,True
fig3,SD,fixed,time_quarter,0.02,u,4.039713132814038e-05,2.5178139615056327e-05,1.629992212703879e-05,0.521213732480525,True
fig3,SD,fixed,time_quarter,0.02,v,2.8017181461503782e-05,9.691696655211857e-06,1.979564270315759e-05,0.6075148241764006,True
fig3,SD,fixed,x_half,0.001,u,2.0113376075214795e-06,1.5186938480682421e-06,9.72155716039147e-07,0.521213732480525,True
fig3,SD,fixed,x_half,0.001,v,1.4554941070166194e-06,8.455656451689109e-07,7.515942190838842e-07,0.6075148241764006,True
fig3,SD,fixed,x_half,0.005,u,1.0104989167536438e-05,7.615250550319086e-06,3.7230935686083377e-06,0.521213732480525,True
fig3,SD,fixed,x_half,0.005,v,7.215630644541449e-06,4.20880972906712e-06,3.730351967767831e-06,0.6075148241764006,True
fig3,SD,fixed,x_half,0.01,u,2.023756306152036e-05,1.5244529525004769e-05,7.369888728958607e-06,0.521213732480525,True
fig3,SD,fixed,x_half,0.01,v,1.4301289773532844e-05,8.37487865767983e-06,7.349030039738302e-06,0.6075148241764006,True
fig3,SD,fixed,x_half,0.02,u,4.039713132814038e-05,3.053687007564809e-05,1.4736316100938396e-05,0.521213732480525,True
fig3,SD,fixed,x_half,0.02,v,2.8017181461503782e-05,1.657978780622571e-05,1.4429056185649713e-05,0.6075148241764006,True
fig3,SD,fixed,y_half,0.001,u,2.0113376075214795e-06,1.4380241956102324e-06,8.918680237668397e-07,0.521213732480525,True
fig3,SD,fixed,y_half,0.001,v,1.4554941070166194e-06,1.4032165963628884e-06,3.3744669336588373e-07,0.6075148241764006,True
fig3,SD,fixed,y_half,0.005,u,1.0104989167536438e-05,7.201328476424962e-06,4.446769483579249e-06,0.521213732480525,True
fig3,SD,fixed,y_half,0.005,v,7.215630644541449e-06,6.971728029436797e-06,1.6781265842480408e-06,0.6075148241764006,True
fig3,SD,fixed,y_half,0.01,u,2.023756306152036e-05,1.436402539634063e-05,8.856155038983182e-06,0.521213732480525,True
fig3,SD,fixed,y_half,0.01,v,1.4301289773532844e-05,1.381169246328362e-05,3.3410135382716533e-06,0.6075148241764006,True
fig3,SD,fixed,y_half,0.02,u,4.039713132814038e-05,2.854968931315094e-05,1.7545736014590307e-05,0.521213732480525,True
fig3,SD,fixed,y_half,0.02,v,2.8017181461503782e-05,2.7138858639141894e-05,6.628119549323408e-06,0.6075148241764006,True
fig3,SD,fixed,domain_double,0.001,u,2.0113376075214795e-06,2.0113376075214795e-06,0.0,0.521213732480525,True
fig3,SD,fixed,domain_double,0.001,v,1.4554941070166194e-06,1.4554941070166194e-06,0.0,0.6075148241764006,True
fig3,SD,fixed,domain_double,0.005,u,1.0104989167536438e-05,1.0104989167536438e-05,0.0,0.521213732480525,True
fig3,SD,fixed,domain_double,0.005,v,7.215630644541449e-06,7.215630644541449e-06,0.0,0.6075148241764006,True
fig3,SD,fixed,domain_double,0.01,u,2.023756306152036e-05,2.023756306152036e-05,0.0,0.521213732480525,True
fig3,SD,fixed,domain_double,0.01,v,1.4301289773532844e-05,1.4301289773532844e-05,0.0,0.6075148241764006,True
fig3,SD,fixed,domain_double,0.02,u,4.039713132814038e-05,4.039713132814038e-05,0.0,0.521213732480525,True
fig3,SD,fixed,domain_double,0.02,v,2.8017181461503782e-05,2.8017181461503782e-05,0.0,0.6075148241764006,True
fig3,SD2,fixed,time_half,0.001,u,1.5814140075343097e-05,1.6532224073384505e-05,7.394205626676253e-07,0.521213732480525,True
fig3,SD2,fixed,time_half,0.001,v,4.8033487311971435e-05,5.110841198885385e-05,3.2773398183083557e-06,0.6075148241764006,True
fig3,SD2,fixed,time_half,0.005,u,1.380170728126906e-05,1.6117935700665775e-05,3.7128560803623145e-06,0.521213732480525,True
fig3,SD2,fixed,time_half,0.005,v,3.643158645438849e-05,3.890716785082127e-05,1.642488635034134e-05,0.6075148241764006,True
fig3,SD2,fixed,time_half,0.01,u,1.3556527247771122e-05,1.663957118031023e-05,7.463841219079725e-06,0.521213732480525,True
fig3,SD2,fixed,time_half,0.01,v,6.723899032079483e-05,3.6450231655660303e-05,3.294163408151807e-05,0.6075148241764006,True
fig3,SD2,fixed,time_half,0.02,u,2.1093292942808706e-05,1.8237380021435268e-05,1.5069640113885008e-05,0.521213732480525,True
fig3,SD2,fixed,time_half,0.02,v,0.00013231186579398813,6.756533991203462e-05,6.622710663850562e-05,0.6075148241764006,True
fig3,SD2,fixed,time_quarter,0.001,u,1.5814140075343097e-05,1.6891306210631285e-05,1.1091168445886979e-06,0.521213732480525,True
fig3,SD2,fixed,time_quarter,0.001,v,4.8033487311971435e-05,5.2648283905498694e-05,4.915956661633025e-06,0.6075148241764006,True
fig3,SD2,fixed,time_quarter,0.005,u,1.380170728126906e-05,1.7819125424645144e-05,5.569201737332108e-06,0.521213732480525,True
fig3,SD2,fixed,time_quarter,0.005,v,3.643158645438849e-05,4.656291065863183e-05,2.4637035228369797e-05,0.6075148241764006,True
fig3,SD2,fixed,time_quarter,0.01,u,1.3556527247771122e-05,1.9915996242292344e-05,1.1195558450083354e-05,0.521213732480525,True
fig3,SD2,fixed,time_quarter,0.01,v,6.723899032079483e-05,3.862476900895473e-05,4.9411775221663845e-05,0.6075148241764006,True
fig3,SD2,fixed,time_quarter,0.02,u,2.1093292942808706e-05,2.4492269508014086e-05,2.260387144692455e-05,0.521213732480525,True
fig3,SD2,fixed,time_quarter,0.02,v,0.00013231186579398813,3.721137263879015e-05,9.933908728843033e-05,0.6075148241764006,True
fig3,SD2,fixed,x_half,0.001,u,1.5814140075343097e-05,9.077131450929699e-07,1.5122358092312105e-05,0.521213732480525,True
fig3,SD2,fixed,x_half,0.001,v,4.8033487311971435e-05,3.250035650048666e-06,4.7471708915391986e-05,0.6075148241764006,True
fig3,SD2,fixed,x_half,0.005,u,1.380170728126906e-05,4.846316359108371e-06,1.297221063462084e-05,0.521213732480525,True
fig3,SD2,fixed,x_half,0.005,v,3.643158645438849e-05,1.5171426931859244e-05,3.4446955826328285e-05,0.6075148241764006,True
fig3,SD2,fixed,x_half,0.01,u,1.3556527247771122e-05,1.034091838503226e-05,1.4290346857681602e-05,0.521213732480525,True
fig3,SD2,fixed,x_half,0.01,v,6.723899032079483e-05,3.0391473831103966e-05,3.751963449027951e-05,0.6075148241764006,True
fig3,SD2,fixed,x_half,0.02,u,2.1093292942808706e-05,2.135410416592709e-05,2.2818039168870374e-05,0.521213732480525,True
fig3,SD2,fixed,x_half,0.02,v,0.00013231186579398813,6.114362213216484e-05,7.142036734752999e-05,0.6075148241764006,True
fig3,SD2,fixed,y_half,0.001,u,1.5814140075343097e-05,1.552528381565388e-05,9.502879192990754e-07,0.521213732480525,True
fig3,SD2,fixed,y_half,0.001,v,4.8033487311971435e-05,9.43344168301552e-05,2.9996954187594405e-05,0.6075148241764006,True
fig3,SD2,fixed,y_half,0.005,u,1.380170728126906e-05,1.3703084971727897e-05,4.745972827457923e-06,0.521213732480525,True
fig3,SD2,fixed,y_half,0.005,v,3.643158645438849e-05,6.147017743596273e-05,6.707316946152897e-05,0.6075148241764006,True
fig3,SD2,fixed,y_half,0.01,u,1.3556527247771122e-05,1.5359252390934053e-05,9.516140457965783e-06,0.521213732480525,True
fig3,SD2,fixed,y_half,0.01,v,6.723899032079483e-05,0.00012041674355423027,0.00011370947294120359,0.6075148241764006,True
fig3,SD2,fixed,y_half,0.02,u,2.1093292942808706e-05,2.8111067219782626e-05,1.913642339829158e-05,0.521213732480525,True
fig3,SD2,fixed,y_half,0.02,v,0.00013231186579398813,0.0002421593149163348,0.00020773292500220197,0.6075148241764006,True
fig3,SD2,fixed,domain_double,0.001,u,1.5814140075343097e-05,1.5814140075343097e-05,0.0,0.521213732480525,True
fig3,SD2,fixed,domain_double,0.001,v,4.8033487311971435e-05,4.8033487311971435e-05,0.0,0.6075148241764006,True
fig3,SD2,fixed,domain_double,0.005,u,1.380170728126906e-05,1.380170728126906e-05,0.0,0.521213732480525,True
fig3,SD2,fixed,domain_double,0.005,v,3.643158645438849e-05,3.643158645438849e-05,0.0,0.6075148241764006,True
fig3,SD2,fixed,domain_double,0.01,u,1.3556527247771122e-05,1.3556527247771122e-05,0.0,0.521213732480525,True
fig3,SD2,fixed,domain_double,0.01,v,6.723899032079483e-05,6.723899032079483e-05,0.0,0.6075148241764006,True
fig3,SD2,fixed,domain_double,0.02,u,2.1093292942808706e-05,2.1093292942808706e-05,0.0,0.521213732480525,True
fig3,SD2,fixed,domain_double,0.02,v,0.00013231186579398813,0.00013231186579398813,0.0,0.6075148241764006,True
fig3,FD,fixed,time_half,0.001,u,1.2951392835969244e-06,9.85943045428428e-07,5.44457377849028e-07,0.521213732480525,True
fig3,FD,fixed,time_half,0.001,v,1.4236559737756949e-06,7.715066905333856e-07,6.865061245031612e-07,0.6075148241764006,True
fig3,FD,fixed,time_half,0.005,u,6.426762918398943e-06,4.8967696776314185e-06,2.7208170798598275e-06,0.521213732480525,True
fig3,FD,fixed,time_half,0.005,v,7.088581328806853e-06,3.8331398872770706e-06,3.4048745538584058e-06,0.6075148241764006,True
fig3,FD,fixed,time_half,0.01,u,1.2657853485809056e-05,9.668567616194501e-06,5.437892341308981e-06,0.521213732480525,True
fig3,FD,fixed,time_half,0.01,v,1.4118654005135234e-05,7.626326421261709e-06,6.740328387655481e-06,0.6075148241764006,True
fig3,FD,fixed,time_half,0.02,u,2.4630289762961333e-05,1.8588197298052833e-05,1.0858969349714087e-05,0.521213732480525,True
fig3,FD,fixed,time_half,0.02,v,2.797674124399574e-05,1.518202776007449e-05,1.320017878969626e-05,0.6075148241764006,True
fig3,FD,fixed,time_quarter,0.001,u,1.2951392835969244e-06,9.70530759980548e-07,8.166808859177976e-07,0.521213732480525,True
fig3,FD,fixed,time_quarter,0.001,v,1.4236559737756949e-06,9.0699670229899e-07,1.0296946753030056e-06,0.6075148241764006,True
fig3,FD,fixed,time_quarter,0.005,u,6.426762918398943e-06,4.4575862350182405e-06,4.0811747616942284e-06,0.521213732480525,True
fig3,FD,fixed,time_quarter,0.005,v,7.088581328806853e-06,2.2942484962928944e-06,5.106974731994285e-06,0.6075148241764006,True
fig3,FD,fixed,time_quarter,0.01,u,1.2657853485809056e-05,8.739530159895814e-06,8.156673487191846e-06,0.521213732480525,True
fig3,FD,fixed,time_quarter,0.01,v,1.4118654005135234e-05,4.529477215520217e-06,1.0109775026467815e-05,0.6075148241764006,True
fig3,FD,fixed,time_quarter,0.02,u,2.4630289762961333e-05,1.734322375873676e-05,1.628792963059844e-05,0.521213732480525,True
fig3,FD,fixed,time_quarter,0.02,v,2.797674124399574e-05,9.032650723828084e-06,1.9798699720130486e-05,0.6075148241764006,True
fig3,FD,fixed,x_half,0.001,u,1.2951392835969244e-06,6.58363728534006e-07,9.721268728890564e-07,0.521213732480525,True
fig3,FD,fixed,x_half,0.001,v,1.4236559737756949e-06,8.07507048117273e-07,7.188671868885166e-07,0.6075148241764006,True
fig3,FD,fixed,x_half,0.005,u,6.426762918398943e-06,3.242972648420661e-06,3.7193355766351743e-06,0.521213732480525,True
fig3,FD,fixed,x_half,0.005,v,7.088581328806853e-06,4.028608440842518e-06,3.5562009722545085e-06,0.6075148241764006,True
fig3,FD,fixed,x_half,0.01,u,1.2657853485809056e-05,6.3761078603619126e-06,7.36180785387841e-06,0.521213732480525,True
fig3,FD,fixed,x_half,0.01,v,1.4118654005135234e-05,8.040909841633415e-06,7.0501312843251895e-06,0.6075148241764006,True
fig3,FD,fixed,x_half,0.02,u,2.4630289762961333e-05,1.2275044376619526e-05,1.47235856224337e-05,0.521213732480525,True
fig3,FD,fixed,x_half,0.02,v,2.797674124399574e-05,1.600736568796446e-05,1.3872506560930198e-05,0.6075148241764006,True
fig3,FD,fixed,y_half,0.001,u,1.2951392835969244e-06,1.2800619308972472e-06,2.4597609454835023e-07,0.521213732480525,True
fig3,FD,fixed,y_half,0.001,v,1.4236559737756949e-06,1.3813795927131167e-06,1.7452615996838006e-07,0.6075148241764006,True
fig3,FD,fixed,y_half,0.005,u,6.426762918398943e-06,6.353464579778034e-06,1.2392169681518794e-06,0.521213732480525,True
fig3,FD,fixed,y_half,0.005,v,7.088581328806853e-06,6.86598208399225e-06,8.609278931981379e-07,0.6075148241764006,True
fig3,FD,fixed,y_half,0.01,u,1.2657853485809056e-05,1.2603182141912583e-05,2.481101905038585e-06,0.521213732480525,True
fig3,FD,fixed,y_half,0.01,v,1.4118654005135234e-05,1.363095388162705e-05,1.7445385290804083e-06,0.6075148241764006,True
fig3,FD,fixed,y_half,0.02,u,2.4630289762961333e-05,2.5152888254886818e-05,4.969065924731453e-06,0.521213732480525,True
fig3,FD,fixed,y_half,0.02,v,2.797674124399574e-05,2.6870699116776642e-05,3.581740810387757e-06,0.6075148241764006,True
fig3,FD,fixed,domain_double,0.001,u,1.2951392835969244e-06,1.2951392835969244e-06,0.0,0.521213732480525,True
fig3,FD,fixed,domain_double,0.001,v,1.4236559737756949e-06,1.4236559737756949e-06,0.0,0.6075148241764006,True
fig3,FD,fixed,domain_double,0.005,u,6.426762918398943e-06,6.426762918398943e-06,0.0,0.521213732480525,True
fig3,FD,fixed,domain_double,0.005,v,7.088581328806853e-06,7.088581328806853e-06,0.0,0.6075148241764006,True
fig3,FD,fixed,domain_double,0.01,u,1.2657853485809056e-05,1.2657853485809056e-05,0.0,0.521213732480525,True
fig3,FD,fixed,domain_double,0.01,v,1.4118654005135234e-05,1.4118654005135234e-05,0.0,0.6075148241764006,True
fig3,FD,fixed,domain_double,0.02,u,2.4630289762961333e-05,2.4630289762961333e-05,0.0,0.521213732480525,True
fig3,FD,fixed,domain_double,0.02,v,2.797674124399574e-05,2.797674124399574e-05,0.0,0.6075148241764006,True
fig3,SD,moving,time_half,0.001,u,1.7093671488832562e-06,1.327935938155722e-06,4.2847206349616584e-07,0.521213732480525,True
fig3,SD,moving,time_half,0.001,v,1.1491087945625367e-06,7.087929980165164e-07,5.27904362224163e-07,0.6075148241764006,True
fig3,SD,moving,time_half,0.005,u,8.598786596314412e-06,6.6410727073695774e-06,2.1390121054398747e-06,0.521213732480525,True
fig3,SD,moving,time_half,0.005,v,5.705814631551398e-06,3.415976520426689e-06,2.6180114994778236e-06,0.6075148241764006,True
fig3,SD,moving,time_half,0.01,u,1.7280402272501494e-05,1.3275003992341272e-05,4.270737404277192e-06,0.521213732480525,True
fig3,SD,moving,time_half,0.01,v,1.1324624688113794e-05,6.80416995058053e-06,5.182075753173976e-06,0.6075148241764006,True
fig3,SD,moving,time_half,0.02,u,3.463359036237623e-05,2.669047816733494e-05,8.518796739964696e-06,0.521213732480525,True
fig3,SD,moving,time_half,0.02,v,2.2312111242706045e-05,1.3529883849505708e-05,1.014723605763379e-05,0.6075148241764006,True
fig3,SD,moving,time_quarter,0.001,u,1.7093671488832562e-06,1.2845648732495718e-06,6.427095698424701e-07,0.521213732480525,True
fig3,SD,moving,time_quarter,0.001,v,1.1491087945625367e-06,6.95890573387814e-07,7.918067710388499e-07,0.6075148241764006,True
fig3,SD,moving,time_quarter,0.005,u,8.598786596314412e-06,5.705937952182882e-06,3.208518273678518e-06,0.521213732480525,True
fig3,SD,moving,time_quarter,0.005,v,5.705814631551398e-06,2.4852436569799963e-06,3.926765961170808e-06,0.6075148241764006,True
fig3,SD,moving,time_quarter,0.01,u,1.7280402272501494e-05,1.1445676002863614e-05,6.40609576596507e-06,0.521213732480525,True
fig3,SD,moving,time_quarter,0.01,v,1.1324624688113794e-05,4.963997104590057e-06,7.772587201082537e-06,0.6075148241764006,True
fig3,SD,moving,time_quarter,0.02,u,3.463359036237623e-05,2.291489136030389e-05,1.2778114266087659e-05,0.521213732480525,True
fig3,SD,moving,time_quarter,0.02,v,2.2312111242706045e-05,9.999152539186262e-06,1.521976998886121e-05,0.6075148241764006,True
fig3,SD,moving,x_half,0.001,u,1.7093671488832562e-06,1.4356735171805468e-06,6.328901107632845e-07,0.521213732480525,True
fig3,SD,moving,x_half,0.001,v,1.1491087945625367e-06,7.338691986324974e-07,5.406458424284111e-07,0.6075148241764006,True
fig3,SD,moving,x_half,0.005,u,8.598786596314412e-06,7.185453247793294e-06,2.584512212799872e-06,0.521213732480525,True
fig3,SD,moving,x_half,0.005,v,5.705814631551398e-06,3.6586494944756964e-06,2.6865481387305934e-06,0.6075148241764006,True
fig3,SD,moving,x_half,0.01,u,1.7280402272501494e-05,1.4368128852637607e-05,5.157089844665119e-06,0.521213732480525,True
fig3,SD,moving,x_half,0.01,v,1.1324624688113794e-05,7.290355448219543e-06,5.341211812837088e-06,0.6075148241764006,True
fig3,SD,moving,x_half,0.02,u,3.463359036237623e-05,2.8732364097339147e-05,1.0149294127737019e-05,0.521213732480525,True
fig3,SD,moving,x_half,0.02,v,2.2312111242706045e-05,1.4474232160388567e-05,1.0487702035599789e-05,0.6075148241764006,True
fig3,SD,moving,y_half,0.001,u,1.7093671488832562e-06,1.0971910766599535e-06,8.871020882317282e-07,0.521213732480525,True
fig3,SD,moving,y_half,0.001,v,1.1491087945625367e-06,1.0702951979135733e-06,3.183560376984751e-07,0.6075148241764006,True
fig3,SD,moving,y_half,0.005,u,8.598786596314412e-06,5.486634469475948e-06,4.423212820348077e-06,0.521213732480525,True
fig3,SD,moving,y_half,0.005,v,5.705814631551398e-06,5.3192185891504096e-06,1.5862182732861996e-06,0.6075148241764006,True
fig3,SD,moving,y_half,0.01,u,1.7280402272501494e-05,1.0934888343805405e-05,8.809876907711622e-06,0.521213732480525,True
fig3,SD,moving,y_half,0.01,v,1.1324624688113794e-05,1.0538906104806678e-05,3.175319512827013e-06,0.6075148241764006,True
fig3,SD,moving,y_half,0.02,u,3.463359036237623e-05,2.19036279778817e-05,1.745630807592491e-05,0.521213732480525,True
fig3,SD,moving,y_half,0.02,v,2.2312111242706045e-05,2.07130212604989e-05,6.368157492109283e-06,0.6075148241764006,True
fig3,SD,moving,domain_double,0.001,u,1.7093671488832562e-06,1.710658067644033e-06,1.4235142586915828e-07,0.521213732480525,True
fig3,SD,moving,domain_double,0.001,v,1.1491087945625367e-06,1.1470460954399186e-06,1.6095582827668764e-07,0.6075148241764006,True
fig3,SD,moving,domain_double,0.005,u,8.598786596314412e-06,8.60124768614634e-06,1.3935031117906505e-07,0.521213732480525,True
fig3,SD,moving,domain_double,0.005,v,5.705814631551398e-06,5.70913289565933e-06,1.5883045767495219e-07,0.6075148241764006,True
fig3,SD,moving,domain_double,0.01,u,1.7280402272501494e-05,1.7291760031235004e-05,1.4064674508373898e-07,0.521213732480525,True
fig3,SD,moving,domain_double,0.01,v,1.1324624688113794e-05,1.1331266356773284e-05,1.565704602635165e-07,0.6075148241764006,True
fig3,SD,moving,domain_double,0.02,u,3.463359036237623e-05,3.46756986766561e-05,1.6832681598577537e-07,0.521213732480525,True
fig3,SD,moving,domain_double,0.02,v,2.2312111242706045e-05,2.232691837100731e-05,1.5697580768581076e-07,0.6075148241764006,True
fig3,SD2,moving,time_half,0.001,u,7.589398534846303e-06,8.059907108282083e-06,5.774700799765498e-07,0.521213732480525,True
fig3,SD2,moving,time_half,0.001,v,2.3105841988613207e-05,2.5254885518743997e-05,2.605286281043284e-06,0.6075148241764006,True
fig3,SD2,moving,time_half,0.005,u,7.277293237240023e-06,8.455204457857857e-06,2.8956165128990463e-06,0.521213732480525,True
fig3,SD2,moving,time_half,0.005,v,2.6604565918852963e-05,1.6629901850029327e-05,1.304858103434725e-05,0.6075148241764006,True
fig3,SD2,moving,time_half,0.01,u,7.172230127194812e-06,8.884565932787414e-06,5.811295589297494e-06,0.521213732480525,True
fig3,SD2,moving,time_half,0.01,v,5.107206504284534e-05,2.6349216453058766e-05,2.6149497119987153e-05,0.6075148241764006,True
fig3,SD2,moving,time_half,0.02,u,1.7670954794324345e-05,1.628460312735891e-05,1.1697768808494047e-05,0.521213732480525,True
fig3,SD2,moving,time_half,0.02,v,0.00010196281015439901,5.070172599164202e-05,5.248935088075779e-05,0.6075148241764006,True
fig3,SD2,moving,time_quarter,0.001,u,7.589398534846303e-06,8.295217958254053e-06,8.661945261057014e-07,0.521213732480525,True
fig3,SD2,moving,time_quarter,0.001,v,2.3105841988613207e-05,2.6330141251862393e-05,3.907913195821955e-06,0.6075148241764006,True
fig3,SD2,moving,time_quarter,0.005,u,7.277293237240023e-06,9.66078031278128e-06,4.3433623058142246e-06,0.521213732480525,True
fig3,SD2,moving,time_quarter,0.005,v,2.6604565918852963e-05,2.1913240701998404e-05,1.957277885700215e-05,0.6075148241764006,True
fig3,SD2,moving,time_quarter,0.01,u,7.172230127194812e-06,1.13633526382384e-05,8.716794073104772e-06,0.521213732480525,True
fig3,SD2,moving,time_quarter,0.01,v,5.107206504284534e-05,1.6362732906172184e-05,3.9224054423692145e-05,0.6075148241764006,True
fig3,SD2,moving,time_quarter,0.02,u,1.7670954794324345e-05,1.608399105984537e-05,1.7546279724500735e-05,0.521213732480525,True
fig3,SD2,moving,time_quarter,0.02,v,0.00010196281015439901,2.606328725385243e-05,7.873350551712566e-05,0.6075148241764006,True
fig3,SD2,moving,x_half,0.001,u,7.589398534846303e-06,7.935008854431658e-07,7.099820175382465e-06,0.521213732480525,True
fig3,SD2,moving,x_half,0.001,v,2.3105841988613207e-05,2.4587486284755045e-06,2.343441600338725e-05,0.6075148241764006,True
fig3,SD2,moving,x_half,0.005,u,7.277293237240023e-06,4.979654443904025e-06,6.854109745768611e-06,0.521213732480525,True
fig3,SD2,moving,x_half,0.005,v,2.6604565918852963e-05,1.18963169449815e-05,1.5361194609875284e-05,0.6075148241764006,True
fig3,SD2,moving,x_half,0.01,u,7.172230127194812e-06,1.0193388301604767e-05,7.4599329318303376e-06,0.521213732480525,True
fig3,SD2,moving,x_half,0.01,v,5.107206504284534e-05,2.3816190445669072e-05,2.7664118090742207e-05,0.6075148241764006,True
fig3,SD2,moving,x_half,0.02,u,1.7670954794324345e-05,2.0913726025806323e-05,1.3242657491085996e-05,0.521213732480525,True
fig3,SD2,moving,x_half,0.02,v,0.00010196281015439901,4.8000329335495806e-05,5.4152182743294475e-05,0.6075148241764006,True
fig3,SD2,moving,y_half,0.001,u,7.589398534846303e-06,7.3796142897597505e-06,8.802998673895779e-07,0.521213732480525,True
fig3,SD2,moving,y_half,0.001,v,2.3105841988613207e-05,4.594233995314223e-05,1.8527637435594713e-05,0.6075148241764006,True
fig3,SD2,moving,y_half,0.005,u,7.277293237240023e-06,7.282075763614948e-06,4.393684426395872e-06,0.521213732480525,True
fig3,SD2,moving,y_half,0.005,v,2.6604565918852963e-05,4.7434218463093814e-05,4.8603305584205e-05,0.6075148241764006,True
fig3,SD2,moving,y_half,0.01,u,7.172230127194812e-06,8.669669701033555e-06,8.753530311267355e-06,0.521213732480525,True
fig3,SD2,moving,y_half,0.01,v,5.107206504284534e-05,9.494019199940418e-05,8.640702250550802e-05,0.6075148241764006,True
fig3,SD2,moving,y_half,0.02,u,1.7670954794324345e-05,1.8126072405366678e-05,1.7351051874836543e-05,0.521213732480525,True
fig3,SD2,moving,y_half,0.02,v,0.00010196281015439901,0.00019091404032434145,0.00016244224383321626,0.6075148241764006,True
fig3,SD2,moving,domain_double,0.001,u,7.589398534846303e-06,7.362351195194794e-06,2.8359181514225895e-07,0.521213732480525,True
fig3,SD2,moving,domain_double,0.001,v,2.3105841988613207e-05,2.232787432743244e-05,8.313046679919722e-07,0.6075148241764006,True
fig3,SD2,moving,domain_double,0.005,u,7.277293237240023e-06,7.0793619929565565e-06,2.7908524879993735e-07,0.521213732480525,True
fig3,SD2,moving,domain_double,0.005,v,2.6604565918852963e-05,2.651341648285399e-05,8.154443790209243e-07,0.6075148241764006,True
fig3,SD2,moving,domain_double,0.01,u,7.172230127194812e-06,6.963561438533272e-06,2.8739926249965464e-07,0.521213732480525,True
fig3,SD2,moving,domain_double,0.01,v,5.107206504284534e-05,5.101962751974387e-05,7.93046103120254e-07,0.6075148241764006,True
fig3,SD2,moving,domain_double,0.02,u,1.7670954794324345e-05,1.7743664624592093e-05,3.201597476021334e-07,0.521213732480525,True
fig3,SD2,moving,domain_double,0.02,v,0.00010196281015439901,0.00010191565804440472,7.562492069235205e-07,0.6075148241764006,True
fig3,FD,moving,time_half,0.001,u,9.755578629921935e-07,6.736790865158326e-07,4.279192851175395e-07,0.521213732480525,True
fig3,FD,moving,time_half,0.001,v,1.1333620618669826e-06,6.3916910186812e-07,5.279447393702341e-07,0.6075148241764006,True
fig3,FD,moving,time_half,0.005,u,4.83582681873318e-06,3.3257967879674055e-06,2.1362702145588663e-06,0.521213732480525,True
fig3,FD,moving,time_half,0.005,v,5.647286436927246e-06,3.188833901379695e-06,2.6182398008556262e-06,0.6075148241764006,True
fig3,FD,moving,time_half,0.01,u,9.555687520312883e-06,6.511521155161404e-06,4.265312921192255e-06,0.521213732480525,True
fig3,FD,moving,time_half,0.01,v,1.1262223464925114e-05,6.378836276299538e-06,5.182599972619606e-06,0.6075148241764006,True
fig3,FD,moving,time_half,0.02,u,1.8914205008879748e-05,1.2658817673316669e-05,8.50813334674072e-06,0.521213732480525,True
fig3,FD,moving,time_half,0.02,v,2.237860943898884e-05,1.2823559996211209e-05,1.0148584107527725e-05,0.6075148241764006,True
fig3,FD,moving,time_quarter,0.001,u,9.755578629921935e-07,6.330114304953227e-07,6.418803553120966e-07,0.521213732480525,True
fig3,FD,moving,time_quarter,0.001,v,1.1333620618669826e-06,5.346163968189543e-07,7.918674732598774e-07,0.6075148241764006,True
fig3,FD,moving,time_quarter,0.005,u,4.83582681873318e-06,2.9511400235215923e-06,3.204405204348948e-06,0.521213732480525,True
fig3,FD,moving,time_quarter,0.005,v,5.647286436927246e-06,2.0092533520310596e-06,3.92710391672324e-06,0.6075148241764006,True
fig3,FD,moving,time_quarter,0.01,u,9.555687520312883e-06,5.81875532873477e-06,6.397958568382656e-06,0.521213732480525,True
fig3,FD,moving,time_quarter,0.01,v,1.1262223464925114e-05,4.037697075243152e-06,7.773374828490276e-06,0.6075148241764006,True
fig3,FD,moving,time_quarter,0.02,u,1.8914205008879748e-05,1.1333546186098609e-05,1.2762118238196507e-05,0.521213732480525,True
fig3,FD,moving,time_quarter,0.02,v,2.237860943898884e-05,8.214524358507447e-06,1.5221794533171185e-05,0.6075148241764006,True
fig3,FD,moving,x_half,0.001,u,9.755578629921935e-07,5.467001772396785e-07,6.328901112073737e-07,0.521213732480525,True
fig3,FD,moving,x_half,0.001,v,1.1333620618669826e-06,6.703354914483484e-07,5.291375693161626e-07,0.6075148241764006,True
fig3,FD,moving,x_half,0.005,u,4.83582681873318e-06,2.690977480512835e-06,2.5818493653018137e-06,0.521213732480525,True
fig3,FD,moving,x_half,0.005,v,5.647286436927246e-06,3.3452813447132357e-06,2.6319553213527414e-06,0.6075148241764006,True
fig3,FD,moving,x_half,0.01,u,9.555687520312883e-06,5.262777739711844e-06,5.151522421475985e-06,0.521213732480525,True
fig3,FD,moving,x_half,0.01,v,1.1262223464925114e-05,6.67460501491135e-06,5.224399020953285e-06,0.6075148241764006,True
fig3,FD,moving,x_half,0.02,u,1.8914205008879748e-05,1.0078898618814947e-05,1.0137983255942284e-05,0.521213732480525,True
fig3,FD,moving,x_half,0.02,v,2.237860943898884e-05,1.3321798734922119e-05,1.0315265561056108e-05,0.6075148241764006,True
fig3,FD,moving,y_half,0.001,u,9.755578629921935e-07,9.492390249943305e-07,2.502953159178034e-07,0.521213732480525,True
fig3,FD,moving,y_half,0.001,v,1.1333620618669826e-06,1.0535683790946493e-06,1.7472402513707408e-07,0.6075148241764006,True
fig3,FD,moving,y_half,0.005,u,4.83582681873318e-06,4.734417375806821e-06,1.2604682958494706e-06,0.521213732480525,True
fig3,FD,moving,y_half,0.005,v,5.647286436927246e-06,5.24930552725511e-06,8.620793816582761e-07,0.6075148241764006,True
fig3,FD,moving,y_half,0.01,u,9.555687520312883e-06,9.399032467383162e-06,2.523947598920273e-06,0.521213732480525,True
fig3,FD,moving,y_half,0.01,v,1.1262223464925114e-05,1.0427605110052696e-05,1.7469050830332122e-06,0.6075148241764006,True
fig3,FD,moving,y_half,0.02,u,1.8914205008879748e-05,1.85845944509766e-05,5.055447468149676e-06,0.521213732480525,True
fig3,FD,moving,y_half,0.02,v,2.237860943898884e-05,2.058317835818002e-05,3.5871190013914145e-06,0.6075148241764006,True
fig3,FD,moving,domain_double,0.001,u,9.755578629921935e-07,9.725448525954583e-07,1.4235142564711367e-07,0.521213732480525,True
fig3,FD,moving,domain_double,0.001,v,1.1333620618669826e-06,1.1311758099097347e-06,1.6158677962341272e-07,0.6075148241764006,True
fig3,FD,moving,domain_double,0.005,u,4.83582681873318e-06,4.821348099814937e-06,1.393503115676431e-07,0.521213732480525,True
fig3,FD,moving,domain_double,0.005,v,5.647286436927246e-06,5.650686794478332e-06,1.5950871651293497e-07,0.6075148241764006,True
fig3,FD,moving,domain_double,0.01,u,9.555687520312883e-06,9.520144551300458e-06,1.4061230485529208e-07,0.521213732480525,True
fig3,FD,moving,domain_double,0.01,v,1.1262223464925114e-05,1.1268472651981831e-05,1.5877891501592245e-07,0.6075148241764006,True
fig3,FD,moving,domain_double,0.02,u,1.8914205008879748e-05,1.882613859560678e-05,1.682155211235603e-07,0.521213732480525,True
fig3,FD,moving,domain_double,0.02,v,2.237860943898884e-05,2.23931207006256e-05,1.5791707796974919e-07,0.6075148241764006,True
fig4,SD,fixed,time_half,0.001,u,0.00023979064697132735,0.00023985770697843023,6.158317550353232e-07,1.765730002912966,True
fig4,SD,fixed,time_half,0.001,v,0.00019851978607476894,0.00019880880736744544,4.961019866023264e-07,2.5567891710310655,True
fig4,SD,fixed,time_half,0.005,u,0.00030586492136097654,0.0003062040302534985,3.060188153214405e-06,1.765730002912966,True
fig4,SD,fixed,time_half,0.005,v,0.0005934530374425151,0.0005949950232606582,2.536490219195997e-06,2.5567891710310655,True
fig4,SD,fixed,time_half,0.01,u,0.0005900336137989459,0.0005906607946415399,6.081429910098635e-06,1.765730002912966,True
fig4,SD,fixed,time_half,0.01,v,0.0011000730009063098,0.0011034227461235169,5.409420840152279e-06,2.5567891710310655,True
fig4,SD,fixed,time_half,0.02,u,0.001354768702070297,0.0013564925411642115,1.2512058985114649e-05,1.765730002912966,True
fig4,SD,fixed,time_half,0.02,v,0.0022850838022097086,0.0022942346724508234,1.2948619413588602e-05,2.5567891710310655,True
fig4,SD,fixed,time_quarter,0.001,u,0.00023979064697132735,0.00023989114160438696,9.23722709544883e-07,1.765730002912966,True
fig4,SD,fixed,time_quarter,0.001,v,0.00019851978607476894,0.00019895346509279932,7.442239020605257e-07,2.5567891710310655,True
fig4,SD,fixed,time_quarter,0.005,u,0.00030586492136097654,0.00030637384754084174,4.5901633592970725e-06,1.765730002912966,True
fig4,SD,fixed,time_quarter,0.005,v,0.0005934530374425151,0.0005957668468004051,3.8056917159856596e-06,2.5567891710310655,True
fig4,SD,fixed,time_quarter,0.01,u,0.0005900336137989459,0.0005909749761388028,9.122356810720156e-06,1.765730002912966,True
fig4,SD,fixed,time_quarter,0.01,v,0.0011000730009063098,0.0011050997050729983,8.11723121740826e-06,2.5567891710310655,True
fig4,SD,fixed,time_quarter,0.02,u,0.001354768702070297,0.0013573565644897645,1.877624726498439e-05,1.765730002912966,True
fig4,SD,fixed,time_quarter,0.02,v,0.0022850838022097086,0.002298817050529145,1.9436065251010604e-05,2.5567891710310655,True
fig4,SD,fixed,x_half,0.001,u,0.00023979064697132735,3.842668840681185e-05,0.000268322717293934,1.765730002912966,True
fig4,SD,fixed,x_half,0.001,v,0.00019851978607476894,2.9586918266488738e-05,0.00018820469082792002,2.5567891710310655,True
fig4,SD,fixed,x_half,0.005,u,0.00030586492136097654,0.00019104806950975828,0.00042826854445809914,1.765730002912966,True
fig4,SD,fixed,x_half,0.005,v,0.0005934530374425151,0.00011639518098283119,0.0005413584503917157,2.5567891710310655,True
fig4,SD,fixed,x_half,0.01,u,0.0005900336137989459,0.00037861445332776356,0.0007202476051431095,1.765730002912966,True
fig4,SD,fixed,x_half,0.01,v,0.0011000730009063098,0.00021413463493313856,0.0009942733665395664,2.5567891710310655,True
fig4,SD,fixed,x_half,0.02,u,0.001354768702070297,0.0007509072097859892,0.001624921324141937,1.765730002912966,True
fig4,SD,fixed,x_half,0.02,v,0.0022850838022097086,0.0005674822021850545,0.00221022184015629,2.5567891710310655,True
fig4,SD,fixed,y_half,0.001,u,0.00023979064697132735,0.00026015283423341806,2.7601211445071883e-05,1.765730002912966,True
fig4,SD,fixed,y_half,0.001,v,0.00019851978607476894,0.00019593919970528617,1.7704489601033657e-05,2.5567891710310655,True
fig4,SD,fixed,y_half,0.005,u,0.00030586492136097654,0.0003921915368505502,0.0001371720831140344,1.765730002912966,True
fig4,SD,fixed,y_half,0.005,v,0.0005934530374425151,0.0005806240668451146,7.528978540261022e-05,2.5567891710310655,True
fig4,SD,fixed,y_half,0.01,u,0.0005900336137989459,0.0006578069314964186,0.00027165044616217493,1.765730002912966,True
fig4,SD,fixed,y_half,0.01,v,0.0011000730009063098,0.0010760000758383015,0.0001674091650796239,2.5567891710310655,True
fig4,SD,fixed,y_half,0.02,u,0.001354768702070297,0.001517257623087076,0.0005300781954185041,1.765730002912966,True
fig4,SD,fixed,y_half,0.02,v,0.0022850838022097086,0.002324494287016421,0.0004164080353317168,2.5567891710310655,True
fig4,SD,fixed,domain_double,0.001,u,0.00023979064697132735,0.00023979064697132735,0.0,1.765730002912966,True
fig4,SD,fixed,domain_double,0.001,v,0.00019851978607476894,0.00019851978607476894,0.0,2.5567891710310655,True
fig4,SD,fixed,domain_double,0.005,u,0.00030586492136097654,0.00030586492136097654,0.0,1.765730002912966,True
fig4,SD,fixed,domain_double,0.005,v,0.0005934530374425151,0.0005934530374425151,0.0,2.5567891710310655,True
fig4,SD,fixed,domain_double,0.01,u,0.0005900336137989459,0.0005900336137989459,0.0,1.765730002912966,True
fig4,SD,fixed,domain_double,0.01,v,0.0011000730009063098,0.0011000730009063098,0.0,2.5567891710310655,True
fig4,SD,fixed,domain_double,0.02,u,0.001354768702070297,0.001354768702070297,0.0,1.765730002912966,True
fig4,SD,fixed,domain_double,0.02,v,0.0022850838022097086,0.0022850838022097086,0.0,2.5567891710310655,True
fig4,SD2,fixed,time_half,0.001,u,0.0033525966371863447,0.003352875481365203,3.738444673828667e-07,1.765730002912966,True
fig4,SD2,fixed,time_half,0.001,v,0.01171712472300035,0.011716856234035511,1.4754566981522999e-06,2.5567891710310655,True
fig4,SD2,fixed,time_half,0.005,u,0.004578127734597759,0.004579623138049493,1.9796598993426784e-06,1.765730002912966,True
fig4,SD2,fixed,time_half,0.005,v,0.011509981806045566,0.011508510764016044,7.87448807981761e-06,2.5567891710310655,True
fig4,SD2,fixed,time_half,0.01,u,0.006300676468084854,0.006304239723230021,4.535078913292523e-06,1.765730002912966,True
fig4,SD2,fixed,time_half,0.01,v,0.011256707592726123,0.011253345491708533,1.7322214667103708e-05,2.5567891710310655,True
fig4,SD2,fixed,time_half,0.02,u,0.010621497495783894,0.010632698547552888,1.8226484367347973e-05,1.765730002912966,True
fig4,SD2,fixed,time_half,0.02,v,0.010736915863708063,0.01072996948694005,4.439842027159635e-05,2.5567891710310655,True
fig4,SD2,fixed,time_quarter,0.001,u,0.0033525966371863447,0.0033530151562404242,5.608730990758204e-07,1.765730002912966,True
fig4,SD2,fixed,time_quarter,0.001,v,0.01171712472300035,0.011716721735218982,2.213899292557997e-06,2.5567891710310655,True
fig4,SD2,fixed,time_quarter,0.005,u,0.004578127734597759,0.004580372510905706,2.970399729296247e-06,1.765730002912966,True
fig4,SD2,fixed,time_quarter,0.005,v,0.011509981806045566,0.011507773792315934,1.1816421703780833e-05,2.5567891710310655,True
fig4,SD2,fixed,time_quarter,0.01,u,0.006300676468084854,0.006306026768015727,6.811030822007069e-06,1.765730002912966,True
fig4,SD2,fixed,time_quarter,0.01,v,0.011256707592726123,0.011251660119106166,2.5996930274274632e-05,2.5567891710310655,True
fig4,SD2,fixed,time_quarter,0.02,u,0.010621497495783894,0.010638322555628354,2.741334177054633e-05,1.765730002912966,True
fig4,SD2,fixed,time_quarter,0.02,v,0.010736915863708063,0.0107264769526072,6.665607055378331e-05,2.5567891710310655,True
fig4,SD2,fixed,x_half,0.001,u,0.0033525966371863447,0.0002279835703418165,0.003140686633852585,1.765730002912966,False
fig4,SD2,fixed,x_half,0.001,v,0.01171712472300035,0.0008028105630830673,0.010914742987513826,2.5567891710310655,False
fig4,SD2,fixed,x_half,0.005,u,0.004578127734597759,0.0003362260791370808,0.004300875703561857,1.765730002912966,False
fig4,SD2,fixed,x_half,0.005,v,0.011509981806045566,0.000815522379420841,0.010698748268957115,2.5567891710310655,False
fig4,SD2,fixed,x_half,0.01,u,0.006300676468084854,0.0005230637227107149,0.005915204153645215,1.765730002912966,False
fig4,SD2,fixed,x_half,0.01,v,0.011256707592726123,0.000867619271600617,0.010410289730964362,2.5567891710310655,False
fig4,SD2,fixed,x_half,0.02,u,0.010621497495783894,0.0011575907275451769,0.009932313193667275,1.765730002912966,False
fig4,SD2,fixed,x_half,0.02,v,0.010736915863708063,0.0016510085708056899,0.009656255490380294,2.5567891710310655,False
fig4,SD2,fixed,y_half,0.001,u,0.0033525966371863447,0.0033679959393169145,2.6654868140241206e-05,1.765730002912966,True
fig4,SD2,fixed,y_half,0.001,v,0.01171712472300035,0.02347529010170879,0.004836307020056108,2.5567891710310655,False
fig4,SD2,fixed,y_half,0.005,u,0.004578127734597759,0.004619045802748412,0.00013424535387640546,1.765730002912966,True
fig4,SD2,fixed,y_half,0.005,v,0.011509981806045566,0.023268263048033866,0.004986122703712237,2.5567891710310655,False
fig4,SD2,fixed,y_half,0.01,u,0.006300676468084854,0.006367993717234066,0.0002717106363971933,1.765730002912966,True
fig4,SD2,fixed,y_half,0.01,v,0.011256707592726123,0.02296210219374606,0.005368130938640636,2.5567891710310655,False
fig4,SD2,fixed,y_half,0.02,u,0.010621497495783894,0.010734195768693722,0.0005647033271121149,1.765730002912966,True
fig4,SD2,fixed,y_half,0.02,v,0.010736915863708063,0.021878606939184753,0.006864953610147495,2.5567891710310655,False
fig4,SD2,fixed,domain_double,0.001,u,0.0033525966371863447,0.0033525966371863447,0.0,1.765730002912966,True
fig4,SD2,fixed,domain_double,0.001,v,0.01171712472300035,0.01171712472300035,0.0,2.5567891710310655,True
fig4,SD2,fixed,domain_double,0.005,u,0.004578127734597759,0.004578127734597759,0.0,1.765730002912966,True
fig4,SD2,fixed,domain_double,0.005,v,0.011509981806045566,0.011509981806045566,0.0,2.5567891710310655,True
fig4,SD2,fixed,domain_double,0.01,u,0.006300676468084854,0.006300676468084854,0.0,1.765730002912966,True
fig4,SD2,fixed,domain_double,0.01,v,0.011256707592726123,0.011256707592726123,0.0,2.5567891710310655,True
fig4,SD2,fixed,domain_double,0.02,u,0.010621497495783894,0.010621497495783894,0.0,1.765730002912966,True
fig4,SD2,fixed,domain_double,0.02,v,0.010736915863708063,0.010736915863708063,0.0,2.5567891710310655,True
fig4,FD,fixed,time_half,0.001,u,0.0002739010643886264,0.00027408052481603384,6.408013148995195e-07,1.765730002912966,True
fig4,FD,fixed,time_half,0.001,v,0.00021743770918725147,0.00021771863177599826,5.099080455650551e-07,2.5567891710310655,True
fig4,FD,fixed,time_half,0.005,u,0.0004703252808255787,0.0004710869701747278,3.1743371955439414e-06,1.765730002912966,True
fig4,FD,fixed,time_half,0.005,v,0.0006865514562379715,0.0006880575238792375,2.6718155097249507e-06,2.5567891710310655,True
fig4,FD,fixed,time_half,0.01,u,0.0008329579841019896,0.0008341248868566353,6.289945209236869e-06,1.765730002912966,True
fig4,FD,fixed,time_half,0.01,v,0.0012853198157340984,0.0012886238599985056,5.787088781961103e-06,2.5567891710310655,True
fig4,FD,fixed,time_half,0.02,u,0.0019432417340004005,0.0019472299286065198,1.3012567346870618e-05,1.765730002912966,True
fig4,FD,fixed,time_half,0.02,v,0.0028062163989037714,0.0028131668819519895,1.4234926316358809e-05,2.5567891710310655,True
fig4,FD,fixed,time_quarter,0.001,u,0.0002739010643886264,0.0002741702350790298,9.61161881418704e-07,1.765730002912966,True
fig4,FD,fixed,time_quarter,0.001,v,0.00021743770918725147,0.0002178592445405414,7.649785529473263e-07,2.5567891710310655,True
fig4,FD,fixed,time_quarter,0.005,u,0.0004703252808255787,0.000471467839060713,4.761329780333945e-06,1.765730002912966,True
fig4,FD,fixed,time_quarter,0.005,v,0.0006865514562379715,0.0006888114601326656,4.009123179660179e-06,2.5567891710310655,True
fig4,FD,fixed,time_quarter,0.01,u,0.0008329579841019896,0.0008347090154301462,9.435117740319576e-06,1.765730002912966,True
fig4,FD,fixed,time_quarter,0.01,v,0.0012853198157340984,0.001290278254249877,8.68458124747562e-06,2.5567891710310655,True
fig4,FD,fixed,time_quarter,0.02,u,0.0019432417340004005,0.001949230770210253,1.9529949755847653e-05,1.765730002912966,True
fig4,FD,fixed,time_quarter,0.02,v,0.0028062163989037714,0.0028166540502794213,2.136846200873066e-05,2.5567891710310655,True
fig4,FD,fixed,x_half,0.001,u,0.0002739010643886264,2.138920216010476e-05,0.00026591427141120505,1.765730002912966,True
fig4,FD,fixed,x_half,0.001,v,0.00021743770918725147,3.670627748730837e-05,0.00018628611174653642,2.5567891710310655,True
fig4,FD,fixed,x_half,0.005,u,0.0004703252808255787,8.335360321742868e-05,0.0004140122629163745,1.765730002912966,True
fig4,FD,fixed,x_half,0.005,v,0.0006865514562379715,0.00016517384993131046,0.0005300090887248032,2.5567891710310655,True
fig4,FD,fixed,x_half,0.01,u,0.0008329579841019896,0.00016874672110822608,0.0006837461423450097,1.765730002912966,True
fig4,FD,fixed,x_half,0.01,v,0.0012853198157340984,0.00033668176019041596,0.0009653662513096073,2.5567891710310655,True
fig4,FD,fixed,x_half,0.02,u,0.0019432417340004005,0.00045378188821221244,0.001501420742046955,1.765730002912966,True
fig4,FD,fixed,x_half,0.02,v,0.0028062163989037714,0.0007944859801356507,0.0020245248112762404,2.5567891710310655,True
fig4,FD,fixed,y_half,0.001,u,0.0002739010643886264,0.00026964076938496007,8.848012472251199e-06,1.765730002912966,True
fig4,FD,fixed,y_half,0.001,v,0.00021743770918725147,0.000200622737125844,1.791807573159332e-05,2.5567891710310655,True
fig4,FD,fixed,y_half,0.005,u,0.0004703252808255787,0.00044180835690199594,4.64123608763245e-05,1.765730002912966,True
fig4,FD,fixed,y_half,0.005,v,0.0006865514562379715,0.0006034761365878438,9.066950732039558e-05,2.5567891710310655,True
fig4,FD,fixed,y_half,0.01,u,0.0008329579841019896,0.0007608961370750844,0.00010044226571337411,1.765730002912966,True
fig4,FD,fixed,y_half,0.01,v,0.0012853198157340984,0.0011309871533429217,0.00018647329958954018,2.5567891710310655,True
fig4,FD,fixed,y_half,0.02,u,0.0019432417340004005,0.0017470300667896677,0.0002525524094694198,1.765730002912966,True
fig4,FD,fixed,y_half,0.02,v,0.0028062163989037714,0.0024716464926943793,0.000375278429213477,2.5567891710310655,True
fig4,FD,fixed,domain_double,0.001,u,0.0002739010643886264,0.0002739010643886264,0.0,1.765730002912966,True
fig4,FD,fixed,domain_double,0.001,v,0.00021743770918725147,0.00021743770918725147,0.0,2.5567891710310655,True
fig4,FD,fixed,domain_double,0.005,u,0.0004703252808255787,0.0004703252808255787,0.0,1.765730002912966,True
fig4,FD,fixed,domain_double,0.005,v,0.0006865514562379715,0.0006865514562379715,0.0,2.5567891710310655,True
fig4,FD,fixed,domain_double,0.01,u,0.0008329579841019896,0.0008329579841019896,0.0,1.765730002912966,True
fig4,FD,fixed,domain_double,0.01,v,0.0012853198157340984,0.0012853198157340984,0.0,2.5567891710310655,True
fig4,FD,fixed,domain_double,0.02,u,0.0019432417340004005,0.0019432417340004005,0.0,1.765730002912966,True
fig4,FD,fixed,domain_double,0.02,v,0.0028062163989037714,0.0028062163989037714,0.0,2.5567891710310655,True
fig4,SD,moving,time_half,0.001,u,7.863992273793308e-05,7.87893934482975e-05,6.721644457141629e-07,1.765730002912966,True
fig4,SD,moving,time_half,0.001,v,9.672795013804247e-05,9.686371912542846e-05,5.746212599078149e-07,2.5567891710310655,True
fig4,SD,moving,time_half,0.005,u,0.00017416436481121345,0.00017347627004560273,3.3319157284328327e-06,1.765730002912966,True
fig4,SD,moving,time_half,0.005,v,0.0002640906105964014,0.00026586808392714545,2.9910748815531463e-06,2.5567891710310655,True
fig4,SD,moving,time_half,0.01,u,0.0003634556021252511,0.0003621662366117828,6.594127110293169e-06,1.765730002912966,True
fig4,SD,moving,time_half,0.01,v,0.0005264787445216079,0.0005304294891548267,6.480253434748562e-06,2.5567891710310655,True
fig4,SD,moving,time_half,0.02,u,0.0008310977288228383,0.0008295194355132374,1.3511107013419732e-05,1.765730002912966,True
fig4,SD,moving,time_half,0.02,v,0.0012224191280205687,0.0012323727443952492,1.730677851341511e-05,2.5567891710310655,True
fig4,SD,moving,time_quarter,0.001,u,7.863992273793308e-05,7.886423260705655e-05,1.0082010554191e-06,1.765730002912966,True
fig4,SD,moving,time_quarter,0.001,v,9.672795013804247e-05,9.693162841650782e-05,8.620915172841137e-07,2.5567891710310655,True
fig4,SD,moving,time_quarter,0.005,u,0.00017416436481121345,0.00017313234359983554,4.997557047803358e-06,1.765730002912966,True
fig4,SD,moving,time_quarter,0.005,v,0.0002640906105964014,0.00026675781718621394,4.488125563195666e-06,2.5567891710310655,True
fig4,SD,moving,time_quarter,0.01,u,0.0003634556021252511,0.0003615224565280961,9.890740231888184e-06,1.765730002912966,True
fig4,SD,moving,time_quarter,0.01,v,0.0005264787445216079,0.0005324076734622984,9.726092604189773e-06,2.5567891710310655,True
fig4,SD,moving,time_quarter,0.02,u,0.0008310977288228383,0.0008287406991080992,2.0274240463691307e-05,1.765730002912966,True
fig4,SD,moving,time_quarter,0.02,v,0.0012224191280205687,0.0012373635033751107,2.6001424293653486e-05,2.5567891710310655,True
fig4,SD,moving,x_half,0.001,u,7.863992273793308e-05,3.961193465285007e-05,9.679026825715198e-05,1.765730002912966,True
fig4,SD,moving,x_half,0.001,v,9.672795013804247e-05,2.0674319642477457e-05,9.048416826962224e-05,2.5567891710310655,True
fig4,SD,moving,x_half,0.005,u,0.00017416436481121345,0.0001993083234725912,0.00019872820048671969,1.765730002912966,True
fig4,SD,moving,x_half,0.005,v,0.0002640906105964014,0.00010332488456232802,0.0002576277951140682,2.5567891710310655,True
fig4,SD,moving,x_half,0.01,u,0.0003634556021252511,0.00040190548735918874,0.0003579077527314789,1.765730002912966,True
fig4,SD,moving,x_half,0.01,v,0.0005264787445216079,0.00023884885469938055,0.0005040676823480084,2.5567891710310655,True
fig4,SD,moving,x_half,0.02,u,0.0008310977288228383,0.0018312917603087175,0.0016456481399407252,1.765730002912966,True
fig4,SD,moving,x_half,0.02,v,0.0012224191280205687,0.0018516585917303097,0.0015297700229774946,2.5567891710310655,True
fig4,SD,moving,y_half,0.001,u,7.863992273793308e-05,9.469224974523183e-05,2.9803580945619856e-05,1.765730002912966,True
fig4,SD,moving,y_half,0.001,v,9.672795013804247e-05,9.502173950548531e-05,1.7234439625646303e-05,2.5567891710310655,True
fig4,SD,moving,y_half,0.005,u,0.00017416436481121345,0.00018421931793077828,0.00014909416379516038,1.765730002912966,True
fig4,SD,moving,y_half,0.005,v,0.0002640906105964014,0.0002769655211722899,7.967778984685481e-05,2.5567891710310655,True
fig4,SD,moving,y_half,0.01,u,0.0003634556021252511,0.00033340240840240565,0.000298174416629049,1.765730002912966,True
fig4,SD,moving,y_half,0.01,v,0.0005264787445216079,0.0005446061997287366,0.00017966038090921899,2.5567891710310655,True
fig4,SD,moving,y_half,0.02,u,0.0008310977288228383,0.0007444497525479488,0.0005977219418664692,1.765730002912966,True
fig4,SD,moving,y_half,0.02,v,0.0012224191280205687,0.0012394771776782498,0.0004871020445578189,2.5567891710310655,True
fig4,SD,moving,domain_double,0.001,u,7.863992273793308e-05,7.495236121746185e-05,4.444152913185562e-05,1.765730002912966,True
fig4,SD,moving,domain_double,0.001,v,9.672795013804247e-05,9.530251828149261e-05,4.2406506429948365e-05,2.5567891710310655,True
fig4,SD,moving,domain_double,0.005,u,0.00017416436481121345,0.00017699625894129767,4.923873711959459e-05,1.765730002912966,True
fig4,SD,moving,domain_double,0.005,v,0.0002640906105964014,0.00025739636311605807,4.7188303566203516e-05,2.5567891710310655,True
fig4,SD,moving,domain_double,0.01,u,0.0003634556021252511,0.0003682515653251617,5.6178335440804084e-05,1.765730002912966,True
fig4,SD,moving,domain_double,0.01,v,0.0005264787445216079,0.0005081194820681922,5.381415428895586e-05,2.5567891710310655,True
fig4,SD,moving,domain_double,0.02,u,0.0008310977288228383,0.0008365581857270321,7.394886275724488e-05,1.765730002912966,True
fig4,SD,moving,domain_double,0.02,v,0.0012224191280205687,0.0011757025015430855,6.950197692368043e-05,2.5567891710310655,True
fig4,SD,moving,x_half_time_half,0.001,u,7.863992273793308e-05,3.9524697583503965e-05,9.673007498156583e-05,1.765730002912966,True
fig4,SD,moving,x_half_time_half,0.001,v,9.672795013804247e-05,2.0734001664912682e-05,9.041924830044401e-05,2.5567891710310655,True
fig4,SD,moving,x_half_time_half,0.005,u,0.00017416436481121345,0.00019885795092910996,0.00019857695404135178,1.765730002912966,True
fig4,SD,moving,x_half_time_half,0.005,v,0.0002640906105964014,0.00010253319969222296,0.00025681919257314334,2.5567891710310655,True
fig4,SD,moving,x_half_time_half,0.01,u,0.0003634556021252511,0.00040108989195930533,0.0003575102222077575,1.765730002912966,True
fig4,SD,moving,x_half_time_half,0.01,v,0.0005264787445216079,0.0002371612896030495,0.0005023340115295483,2.5567891710310655,True
fig4,SD,moving,x_half_time_half,0.02,u,0.0008310977288228383,0.002036560609320004,0.0019074219427137606,1.765730002912966,False
fig4,SD,moving,x_half_time_half,0.02,v,0.0012224191280205687,0.0020907810140124994,0.0016888115210234034,2.5567891710310655,True
fig4,SD2,moving,time_half,0.001,u,0.0009752819203263652,0.0009754243583686151,4.5663667980200273e-07,1.765730002912966,True
fig4,SD2,moving,time_half,0.001,v,0.002167012707031013,0.002166642980004241,1.8092126519153595e-06,2.5567891710310655,True
fig4,SD2,moving,time_half,0.005,u,0.0010538236397061862,0.0010546899945780286,2.3534054672813554e-06,1.765730002912966,True
fig4,SD2,moving,time_half,0.005,v,0.002012719797643836,0.002010640677532649,9.103674898147673e-06,2.5567891710310655,True
fig4,SD2,moving,time_half,0.01,u,0.0011998455013579878,0.0012021495207785726,4.914630123087349e-06,1.765730002912966,True
fig4,SD2,moving,time_half,0.01,v,0.001887180099200414,0.0018817335747685071,1.8391289507091457e-05,2.5567891710310655,True
fig4,SD2,moving,time_half,0.02,u,0.001796149429526439,0.0018042031951146509,1.257579594274652e-05,1.765730002912966,True
fig4,SD2,moving,time_half,0.02,v,0.0032814625077639548,0.0032746430985231,3.916484726618208e-05,2.5567891710310655,True
fig4,SD2,moving,time_quarter,0.001,u,0.0009752819203263652,0.0009754958541390302,6.850290039661644e-07,1.765730002912966,True
fig4,SD2,moving,time_quarter,0.001,v,0.002167012707031013,0.00216645789755443,2.7139981886303843e-06,2.5567891710310655,True
fig4,SD2,moving,time_quarter,0.005,u,0.0010538236397061862,0.001055124897752835,3.5305395190698974e-06,1.765730002912966,True
fig4,SD2,moving,time_quarter,0.005,v,0.002012719797643836,0.002009599460203848,1.3656516411719721e-05,2.5567891710310655,True
fig4,SD2,moving,time_quarter,0.01,u,0.0011998455013579878,0.00120330638975652,7.373140879840534e-06,1.765730002912966,True
fig4,SD2,moving,time_quarter,0.01,v,0.001887180099200414,0.0018790147969398596,2.758945305814109e-05,2.5567891710310655,True
fig4,SD2,moving,time_quarter,0.02,u,0.001796149429526439,0.0018082548026321366,1.8955208146455987e-05,1.765730002912966,True
fig4,SD2,moving,time_quarter,0.02,v,0.0032814625077639548,0.0032712671484569356,5.8810275065379614e-05,2.5567891710310655,True
fig4,SD2,moving,x_half,0.001,u,0.0009752819203263652,3.912846678710835e-05,0.0009420477083095236,1.765730002912966,True
fig4,SD2,moving,x_half,0.001,v,0.002167012707031013,0.00012680887468130564,0.0020402770790735048,2.5567891710310655,True
fig4,SD2,moving,x_half,0.005,u,0.0010538236397061862,0.00016999567057762732,0.001127502762133803,1.765730002912966,True
fig4,SD2,moving,x_half,0.005,v,0.002012719797643836,0.00014760239493694094,0.0019441545248803926,2.5567891710310655,True
fig4,SD2,moving,x_half,0.01,u,0.0011998455013579878,0.00036331939833433857,0.0014163574057521888,1.765730002912966,True
fig4,SD2,moving,x_half,0.01,v,0.001887180099200414,0.00027155197762285255,0.0017837819278918587,2.5567891710310655,True
fig4,SD2,moving,x_half,0.02,u,0.001796149429526439,0.012483515756585795,0.012512349318351212,1.765730002912966,False
fig4,SD2,moving,x_half,0.02,v,0.0032814625077639548,0.010362403141610743,0.01000550194046923,2.5567891710310655,False
fig4,SD2,moving,y_half,0.001,u,0.0009752819203263652,0.0010221036545421391,3.00655415033102e-05,1.765730002912966,True
fig4,SD2,moving,y_half,0.001,v,0.002167012707031013,0.004695660616538699,0.001131430683640522,2.5567891710310655,True
fig4,SD2,moving,y_half,0.005,u,0.0010538236397061862,0.0012005072529213123,0.00014873914302082625,1.765730002912966,True
fig4,SD2,moving,y_half,0.005,v,0.002012719797643836,0.004575579807540642,0.0011816823542842858,2.5567891710310655,True
fig4,SD2,moving,y_half,0.01,u,0.0011998455013579878,0.0014800618100854201,0.00029717344750102015,1.765730002912966,True
fig4,SD2,moving,y_half,0.01,v,0.001887180099200414,0.004376814785491234,0.0012853272649606673,2.5567891710310655,True
fig4,SD2,moving,y_half,0.02,u,0.001796149429526439,0.0023641193111245684,0.0005946517013333263,1.765730002912966,True
fig4,SD2,moving,y_half,0.02,v,0.0032814625077639548,0.0038284914326944808,0.0017153721983618198,2.5567891710310655,True
fig4,SD2,moving,domain_double,0.001,u,0.0009752819203263652,0.0009228413566970683,8.76789615742446e-05,1.765730002912966,True
fig4,SD2,moving,domain_double,0.001,v,0.002167012707031013,0.0020400769087585147,0.00012745895087373782,2.5567891710310655,True
fig4,SD2,moving,domain_double,0.005,u,0.0010538236397061862,0.0009926265064661433,9.180252625695662e-05,1.765730002912966,True
fig4,SD2,moving,domain_double,0.005,v,0.002012719797643836,0.0018908712760623558,0.00012243696457492348,2.5567891710310655,True
fig4,SD2,moving,domain_double,0.01,u,0.0011998455013579878,0.0011270287502855858,0.0001004821597945238,1.765730002912966,True
fig4,SD2,moving,domain_double,0.01,v,0.001887180099200414,0.0018008300321090687,0.0001143485539896183,2.5567891710310655,True
fig4,SD2,moving,domain_double,0.02,u,0.001796149429526439,0.0016883508903091649,0.00014321875578793275,1.765730002912966,True
fig4,SD2,moving,domain_double,0.02,v,0.0032814625077639548,0.0031437146734920596,0.00014406754576024028,2.5567891710310655,True
fig4,SD2,moving,x_half_time_half,0.001,u,0.0009752819203263652,3.91284694829519e-05,0.0009419963741730264,1.765730002912966,True
fig4,SD2,moving,x_half_time_half,0.001,v,0.002167012707031013,0.00012662750662029154,0.002040447611712626,2.5567891710310655,True
fig4,SD2,moving,x_half_time_half,0.005,u,0.0010538236397061862,0.00016956588458438837,0.0011272174508603072,1.765730002912966,True
fig4,SD2,moving,x_half_time_half,0.005,v,0.002012719797643836,0.00015017216342294581,0.0019450530585807257,2.5567891710310655,True
fig4,SD2,moving,x_half_time_half,0.01,u,0.0011998455013579878,0.00036247100430397694,0.00141581371409627,1.765730002912966,True
fig4,SD2,moving,x_half_time_half,0.01,v,0.001887180099200414,0.00027679676156067146,0.0017858854457206697,2.5567891710310655,True
fig4,SD2,moving,x_half_time_half,0.02,u,0.001796149429526439,0.014930369846246294,0.014959203408011712,1.765730002912966,False
fig4,SD2,moving,x_half_time_half,0.02,v,0.0032814625077639548,0.012439850018027387,0.012082948816885875,2.5567891710310655,False
fig4,FD,moving,time_half,0.001,u,0.00010401832718964776,0.00010417706099752344,6.879174846430303e-07,1.765730002912966,True
fig4,FD,moving,time_half,0.001,v,0.00010121308985677757,0.00010153554784952945,5.518669312642999e-07,2.5567891710310655,True
fig4,FD,moving,time_half,0.005,u,0.00024792995829936437,0.00024841907044725886,3.4277301630969426e-06,1.765730002912966,True
fig4,FD,moving,time_half,0.005,v,0.0003804537753877568,0.00038223781512813915,2.855050176719942e-06,2.5567891710310655,True
fig4,FD,moving,time_half,0.01,u,0.0004686725122097224,0.0004698729629986076,6.838299711375839e-06,1.765730002912966,True
fig4,FD,moving,time_half,0.01,v,0.0007584646714473564,0.000762451305691414,6.079027896177536e-06,2.5567891710310655,True
fig4,FD,moving,time_half,0.02,u,0.001048115508968439,0.0010515157882440285,1.4048533541699548e-05,1.765730002912966,True
fig4,FD,moving,time_half,0.02,v,0.0016892818145244348,0.0016994217583947702,1.5118282877146783e-05,2.5567891710310655,True
fig4,FD,moving,time_quarter,0.001,u,0.00010401832718964776,0.00010425652278311937,1.0318555953015007e-06,1.765730002912966,True
fig4,FD,moving,time_quarter,0.001,v,0.00010121308985677757,0.00010169693404371571,8.279408891809226e-07,2.5567891710310655,True
fig4,FD,moving,time_quarter,0.005,u,0.00024792995829936437,0.00024866422380931397,5.141527638419241e-06,1.765730002912966,True
fig4,FD,moving,time_quarter,0.005,v,0.0003804537753877568,0.00038313089304908843,4.283778253455495e-06,2.5567891710310655,True
fig4,FD,moving,time_quarter,0.01,u,0.0004686725122097224,0.0004704747515787977,1.0257695244597631e-05,1.765730002912966,True
fig4,FD,moving,time_quarter,0.01,v,0.0007584646714473564,0.0007644476154156088,9.122548351836457e-06,2.5567891710310655,True
fig4,FD,moving,time_quarter,0.02,u,0.001048115508968439,0.001053221090458023,2.1083127626386755e-05,1.765730002912966,True
fig4,FD,moving,time_quarter,0.02,v,0.0016892818145244348,0.0017045058915279299,2.2706384323001316e-05,2.5567891710310655,True
fig4,FD,moving,x_half,0.001,u,0.00010401832718964776,1.3234596879740934e-05,9.654540538484024e-05,1.765730002912966,True
fig4,FD,moving,x_half,0.001,v,0.00010121308985677757,2.9180144798690577e-05,9.017027088664697e-05,2.5567891710310655,True
fig4,FD,moving,x_half,0.005,u,0.00024792995829936437,6.144397992402517e-05,0.00019565366504736836,1.765730002912966,True
fig4,FD,moving,x_half,0.005,v,0.0003804537753877568,0.00013894614873954936,0.0002516341257172705,2.5567891710310655,True
fig4,FD,moving,x_half,0.01,u,0.0004686725122097224,0.00012668906854984563,0.00035059892819566674,1.765730002912966,True
fig4,FD,moving,x_half,0.01,v,0.0007584646714473564,0.0002847805500607592,0.0004888707090553446,2.5567891710310655,True
fig4,FD,moving,x_half,0.02,u,0.001048115508968439,0.0018589416755807608,0.0016004276483969626,1.765730002912966,True
fig4,FD,moving,x_half,0.02,v,0.0016892818145244348,0.0018603933638154935,0.001509091044496813,2.5567891710310655,True
fig4,FD,moving,y_half,0.001,u,0.00010401832718964776,0.00010111795936329493,8.862950622079424e-06,1.765730002912966,True
fig4,FD,moving,y_half,0.001,v,0.00010121308985677757,9.554961999946876e-05,1.903300366024041e-05,2.5567891710310655,True
fig4,FD,moving,y_half,0.005,u,0.00024792995829936437,0.0002171507317204613,4.481482079254917e-05,1.765730002912966,True
fig4,FD,moving,y_half,0.005,v,0.0003804537753877568,0.0003059224177515141,9.5640163033206e-05,2.5567891710310655,True
fig4,FD,moving,y_half,0.01,u,0.0004686725122097224,0.0004002394596819281,9.173530376660466e-05,1.765730002912966,True
fig4,FD,moving,y_half,0.01,v,0.0007584646714473564,0.0006022470719417861,0.0001944447402317806,2.5567891710310655,True
fig4,FD,moving,y_half,0.02,u,0.001048115508968439,0.0008829005418719005,0.0002450877024287035,1.765730002912966,True
fig4,FD,moving,y_half,0.02,v,0.0016892818145244348,0.0013552962807579227,0.0004209570715771882,2.5567891710310655,True
fig4,FD,moving,domain_double,0.001,u,0.00010401832718964776,0.00010108173161094136,4.443354721295201e-05,1.765730002912966,True
fig4,FD,moving,domain_double,0.001,v,0.00010121308985677757,0.00010132998066358923,4.238504925746511e-05,2.5567891710310655,True
fig4,FD,moving,domain_double,0.005,u,0.00024792995829936437,0.0002360317939761325,4.919247280066319e-05,1.765730002912966,True
fig4,FD,moving,domain_double,0.005,v,0.0003804537753877568,0.00037463308593599365,4.709402906422078e-05,2.5567891710310655,True
fig4,FD,moving,domain_double,0.01,u,0.0004686725122097224,0.00044122604106555663,5.607402680429807e-05,1.765730002912966,True
fig4,FD,moving,domain_double,0.01,v,0.0007584646714473564,0.0007417954235533486,5.3648662501570854e-05,2.5567891710310655,True
fig4,FD,moving,domain_double,0.02,u,0.001048115508968439,0.0009928910593807183,7.3298735566385e-05,1.765730002912966,True
fig4,FD,moving,domain_double,0.02,v,0.0016892818145244348,0.0016455064946216957,6.929019333012931e-05,2.5567891710310655,True
fig4,FD,moving,x_half_time_half,0.001,u,0.00010401832718964776,1.3268706994917778e-05,9.648040118659384e-05,1.765730002912966,True
fig4,FD,moving,x_half_time_half,0.001,v,0.00010121308985677757,2.9362664507370795e-05,9.010560964917147e-05,2.5567891710310655,True
fig4,FD,moving,x_half_time_half,0.005,u,0.00024792995829936437,6.080542557751478e-05,0.00019548264541269234,1.765730002912966,True
fig4,FD,moving,x_half_time_half,0.005,v,0.0003804537753877568,0.00013988648102314372,0.00025083029140970936,2.5567891710310655,True
fig4,FD,moving,x_half_time_half,0.01,u,0.0004686725122097224,0.00012602795094163177,0.0003501652169564107,1.765730002912966,True
fig4,FD,moving,x_half_time_half,0.01,v,0.0007584646714473564,0.00028679019495125857,0.00048716250845792786,2.5567891710310655,True
fig4,FD,moving,x_half_time_half,0.02,u,0.001048115508968439,0.0021178568966251365,0.0018593428694413383,1.765730002912966,False
fig4,FD,moving,x_half_time_half,0.02,v,0.0016892818145244348,0.002068999628885404,0.0016540261419346614,2.5567891710310655,True
fig5,SD,fixed,time_half,0.001,u,2.014447625896254e-08,2.0147983685082915e-08,3.150237362636865e-11,0.03004067291014295,True
fig5,SD,fixed,time_half,0.001,v,2.3020419660790825e-08,2.3053015302254565e-08,1.6616300002603168e-10,0.11549905034354419,True
fig5,SD,fixed,time_half,0.005,u,1.0072020134067883e-07,1.0073787076562979e-07,1.5755748442036754e-10,0.03004067291014295,True
fig5,SD,fixed,time_half,0.005,v,7.191341042100952e-08,7.138558029418096e-08,8.311372562408437e-10,0.11549905034354419,True
fig5,SD,fixed,time_half,0.01,u,2.0143860702051541e-07,2.0147376822259033e-07,3.152293981401044e-10,0.03004067291014295,True
fig5,SD,fixed,time_half,0.01,v,1.3674389964801748e-07,1.3559337581903197e-07,1.6630699734010435e-09,0.11549905034354419,True
fig5,SD,fixed,time_half,0.02,u,4.0287096873380807e-07,4.0294058006005995e-07,6.309183106512073e-10,0.03004067291014295,True
fig5,SD,fixed,time_half,0.02,v,2.7163058774481996e-07,2.6870920569188605e-07,3.3293358625563485e-09,0.11549905034354419,True
fig5,SD,fixed,time_quarter,0.001,u,2.014447625896254e-08,2.014973760587624e-08,4.725362462432159e-11,0.03004067291014295,True
fig5,SD,fixed,time_quarter,0.001,v,2.3020419660790825e-08,2.3069313216661502e-08,2.492451800506501e-10,0.11549905034354419,True
fig5,SD,fixed,time_quarter,0.005,u,1.0072020134067883e-07,1.0074670651200046e-07,2.363365891877578e-10,0.03004067291014295,True
fig5,SD,fixed,time_quarter,0.005,v,7.191341042100952e-08,7.112167385581181e-08,1.2467090693135674e-09,0.11549905034354419,True
fig5,SD,fixed,time_quarter,0.01,u,2.0143860702051541e-07,2.0149135089055081e-07,4.728448292634635e-10,0.03004067291014295,True
fig5,SD,fixed,time_quarter,0.01,v,1.3674389964801748e-07,1.3501813081462366e-07,2.4946111565338214e-09,0.11549905034354419,True
fig5,SD,fixed,time_quarter,0.02,u,4.0287096873380807e-07,4.029753898644045e-07,9.463789474306594e-10,0.03004067291014295,True
fig5,SD,fixed,time_quarter,0.02,v,2.7163058774481996e-07,2.6724853623150135e-07,4.994016242210186e-09,0.11549905034354419,True
fig5,SD,fixed,x_half,0.001,u,2.014447625896254e-08,2.0149969533200807e-08,1.215422949785161e-08,0.03004067291014295,True
fig5,SD,fixed,x_half,0.001,v,2.3020419660790825e-08,1.3280872193655036e-08,2.3503879564845676e-08,0.11549905034354419,True
fig5,SD,fixed,x_half,0.005,u,1.0072020134067883e-07,1.0075180845604131e-07,1.2123092325150298e-08,0.03004067291014295,True
fig5,SD,fixed,x_half,0.005,v,7.191341042100952e-08,6.638700829342259e-08,2.2859390283458403e-08,0.11549905034354419,True
fig5,SD,fixed,x_half,0.01,u,2.0143860702051541e-07,2.0150716466965646e-07,1.2086338482125702e-08,0.03004067291014295,True
fig5,SD,fixed,x_half,0.01,v,1.3674389964801748e-07,1.3273104089439602e-07,2.2040253455646308e-08,0.11549905034354419,True
fig5,SD,fixed,x_half,0.02,u,4.0287096873380807e-07,4.030218936530716e-07,1.2019785042283182e-08,0.03004067291014295,True
fig5,SD,fixed,x_half,0.02,v,2.7163058774481996e-07,2.6529281051124176e-07,2.093073110664978e-08,0.11549905034354419,True
fig5,SD,fixed,y_half,0.001,u,2.014447625896254e-08,1.2610759981407371e-08,1.7190000901889935e-08,0.03004067291014295,True
fig5,SD,fixed,y_half,0.001,v,2.3020419660790825e-08,2.1490543213043e-08,2.884470221009572e-08,0.11549905034354419,True
fig5,SD,fixed,y_half,0.005,u,1.0072020134067883e-07,2.5197630635666324e-08,7.70145470773212e-08,0.03004067291014295,True
fig5,SD,fixed,y_half,0.005,v,7.191341042100952e-08,2.5392554128811362e-08,4.692347106705075e-08,0.11549905034354419,True
fig5,SD,fixed,y_half,0.01,u,2.0143860702051541e-07,5.03958256852996e-08,1.5180059876121477e-07,0.03004067291014295,True
fig5,SD,fixed,y_half,0.01,v,1.3674389964801748e-07,4.177735968280416e-08,9.315505043738792e-08,0.11549905034354419,True
fig5,SD,fixed,y_half,0.02,u,4.0287096873380807e-07,1.0079311350309761e-07,3.02008711402027e-07,0.03004067291014295,True
fig5,SD,fixed,y_half,0.02,v,2.7163058774481996e-07,7.585959836686751e-08,1.8562069731276054e-07,0.11549905034354419,True
fig5,SD,fixed,domain_double,0.001,u,2.014447625896254e-08,2.014447625896254e-08,0.0,0.03004067291014295,True
fig5,SD,fixed,domain_double,0.001,v,2.3020419660790825e-08,2.3020419660790825e-08,0.0,0.11549905034354419,True
fig5,SD,fixed,domain_double,0.005,u,1.0072020134067883e-07,1.0072020134067883e-07,0.0,0.03004067291014295,True
fig5,SD,fixed,domain_double,0.005,v,7.191341042100952e-08,7.191341042100952e-08,0.0,0.11549905034354419,True
fig5,SD,fixed,domain_double,0.01,u,2.0143860702051541e-07,2.0143860702051541e-07,0.0,0.03004067291014295,True
fig5,SD,fixed,domain_double,0.01,v,1.3674389964801748e-07,1.3674389964801748e-07,0.0,0.11549905034354419,True
fig5,SD,fixed,domain_double,0.02,u,4.0287096873380807e-07,4.0287096873380807e-07,0.0,0.03004067291014295,True
fig5,SD,fixed,domain_double,0.02,v,2.7163058774481996e-07,2.7163058774481996e-07,0.0,0.11549905034354419,True
fig5,SD2,fixed,time_half,0.001,u,1.5838890583125265e-07,1.5843576789756342e-07,5.0519109728863754e-11,0.03004067291014295,True
fig5,SD2,fixed,time_half,0.001,v,6.024507472543461e-07,6.026822304272539e-07,3.6077840714909826e-10,0.11549905034354419,True
fig5,SD2,fixed,time_half,0.005,u,1.6978540716069968e-07,1.6995701946145858e-07,2.5267305955867236e-10,0.03004067291014295,True
fig5,SD2,fixed,time_half,0.005,v,6.031627214006519e-07,6.043163206861935e-07,1.8038400981246205e-09,0.11549905034354419,True
fig5,SD2,fixed,time_half,0.01,u,2.0007565590136195e-07,2.0010163260739122e-07,5.055365570605375e-10,0.03004067291014295,True
fig5,SD2,fixed,time_half,0.01,v,6.040895708103733e-07,6.06387187698787e-07,3.6076028345211064e-09,0.11549905034354419,True
fig5,SD2,fixed,time_half,0.02,u,4.015161712755608e-07,4.0156813521652346e-07,1.0118283398641292e-09,0.03004067291014295,True
fig5,SD2,fixed,time_half,0.02,v,6.060674083291362e-07,6.1062413411056e-07,7.214786247600191e-09,0.11549905034354419,True
fig5,SD2,fixed,time_quarter,0.001,u,1.5838890583125265e-07,1.584591999732876e-07,7.577971583572207e-11,0.03004067291014295,True
fig5,SD2,fixed,time_quarter,0.001,v,6.024507472543461e-07,6.027979711220599e-07,5.41170747103692e-10,0.11549905034354419,True
fig5,SD2,fixed,time_quarter,0.005,u,1.6978540716069968e-07,1.7004283170765633e-07,3.7901161029085806e-10,0.03004067291014295,True
fig5,SD2,fixed,time_quarter,0.005,v,6.031627214006519e-07,6.048930846491718e-07,2.7057631343807564e-09,0.11549905034354419,True
fig5,SD2,fixed,time_quarter,0.01,u,2.0007565590136195e-07,2.00114640477346e-07,7.583056023385826e-10,0.03004067291014295,True
fig5,SD2,fixed,time_quarter,0.01,v,6.040895708103733e-07,6.075359283916337e-07,5.411408252053995e-09,0.11549905034354419,True
fig5,SD2,fixed,time_quarter,0.02,u,4.015161712755608e-07,4.0159411783188825e-07,1.5177447250380727e-09,0.03004067291014295,True
fig5,SD2,fixed,time_quarter,0.02,v,6.060674083291362e-07,6.129023690723545e-07,1.0822161215784387e-08,0.11549905034354419,True
fig5,SD2,fixed,x_half,0.001,u,1.5838890583125265e-07,2.006189368710526e-08,1.5231875996266075e-07,0.03004067291014295,True
fig5,SD2,fixed,x_half,0.001,v,6.024507472543461e-07,3.84021221974673e-08,5.654186136794248e-07,0.11549905034354419,True
fig5,SD2,fixed,x_half,0.005,u,1.6978540716069968e-07,1.0066062535851045e-07,1.5193583954159484e-07,0.03004067291014295,True
fig5,SD2,fixed,x_half,0.005,v,6.031627214006519e-07,6.674264733941282e-08,5.642633483793347e-07,0.11549905034354419,True
fig5,SD2,fixed,x_half,0.01,u,2.0007565590136195e-07,2.0141912853832017e-07,1.5144614403175827e-07,0.03004067291014295,True
fig5,SD2,fixed,x_half,0.01,v,6.040895708103733e-07,1.3128885432978077e-07,5.62842810546138e-07,0.11549905034354419,True
fig5,SD2,fixed,x_half,0.02,u,4.015161712755608e-07,4.0294029552117444e-07,1.5043057380662028e-07,0.03004067291014295,True
fig5,SD2,fixed,x_half,0.02,v,6.060674083291362e-07,2.6030256156106546e-07,5.600805204272752e-07,0.11549905034354419,True
fig5,SD2,fixed,y_half,0.001,u,1.5838890583125265e-07,1.608898528605851e-07,1.719075418127325e-08,0.03004067291014295,True
fig5,SD2,fixed,y_half,0.001,v,6.024507472543461e-07,1.1813471711141776e-06,2.3828675945608557e-07,0.11549905034354419,True
fig5,SD2,fixed,y_half,0.005,u,1.6978540716069968e-07,1.5789074934643987e-07,7.701841679610272e-08,0.03004067291014295,True
fig5,SD2,fixed,y_half,0.005,v,6.031627214006519e-07,1.1790646684342598e-06,2.409817408607906e-07,0.11549905034354419,True
fig5,SD2,fixed,y_half,0.01,u,2.0007565590136195e-07,1.6132611959859822e-07,1.5180838049307088e-07,0.03004067291014295,True
fig5,SD2,fixed,y_half,0.01,v,6.040895708103733e-07,1.1762379471189077e-06,2.443613549840684e-07,0.11549905034354419,True
fig5,SD2,fixed,y_half,0.02,u,4.015161712755608e-07,1.6832131997934763e-07,3.0202586906967477e-07,0.03004067291014295,True
fig5,SD2,fixed,y_half,0.02,v,6.060674083291362e-07,1.1706735004377022e-06,2.5115677872167286e-07,0.11549905034354419,True
fig5,SD2,fixed,domain_double,0.001,u,1.5838890583125265e-07,1.5838890583125265e-07,0.0,0.03004067291014295,True
fig5,SD2,fixed,domain_double,0.001,v,6.024507472543461e-07,6.024507472543461e-07,0.0,0.11549905034354419,True
fig5,SD2,fixed,domain_double,0.005,u,1.6978540716069968e-07,1.6978540716069968e-07,0.0,0.03004067291014295,True
fig5,SD2,fixed,domain_double,0.005,v,6.031627214006519e-07,6.031627214006519e-07,0.0,0.11549905034354419,True
fig5,SD2,fixed,domain_double,0.01,u,2.0007565590136195e-07,2.0007565590136195e-07,0.0,0.03004067291014295,True
fig5,SD2,fixed,domain_double,0.01,v,6.040895708103733e-07,6.040895708103733e-07,0.0,0.11549905034354419,True
fig5,SD2,fixed,domain_double,0.02,u,4.015161712755608e-07,4.015161712755608e-07,0.0,0.03004067291014295,True
fig5,SD2,fixed,domain_double,0.02,v,6.060674083291362e-07,6.060674083291362e-07,0.0,0.11549905034354419,True
fig5,FD,fixed,time_half,0.001,u,1.1951231487089542e-08,1.1976633119276103e-08,3.1966602975774805e-11,0.03004067291014295,True
fig5,FD,fixed,time_half,0.001,v,2.3680200286757547e-08,2.3843574517568022e-08,1.657767811913402e-10,0.11549905034354419,True
fig5,FD,fixed,time_half,0.005,u,1.1711622928400889e-08,1.1709284590544211e-08,1.598801924185267e-10,0.03004067291014295,True
fig5,FD,fixed,time_half,0.005,v,2.3692684744669457e-08,2.4460337547105304e-08,8.292081604688306e-10,0.11549905034354419,True
fig5,FD,fixed,time_half,0.01,u,1.1743505161365686e-08,1.1738754111118022e-08,3.1987843623904055e-10,0.03004067291014295,True
fig5,FD,fixed,time_half,0.01,v,2.4143071708504493e-08,2.5561491284742388e-08,1.6592278245797232e-09,0.11549905034354419,True
fig5,FD,fixed,time_half,0.02,u,1.6548073446254197e-08,1.621791791486804e-08,6.402377517034097e-10,0.03004067291014295,True
fig5,FD,fixed,time_half,0.02,v,2.5598597061526895e-08,2.836692851448941e-08,3.3216914635536554e-09,0.11549905034354419,True
fig5,FD,fixed,time_quarter,0.001,u,1.1951231487089542e-08,1.1989333695977544e-08,4.7949970383154294e-11,0.03004067291014295,True
fig5,FD,fixed,time_quarter,0.001,v,2.3680200286757547e-08,2.3925262812585224e-08,2.486658379208251e-10,0.11549905034354419,True
fig5,FD,fixed,time_quarter,0.005,u,1.1711622928400889e-08,1.1708115189162926e-08,2.398206737364017e-10,0.03004067291014295,True
fig5,FD,fixed,time_quarter,0.005,v,2.3692684744669457e-08,2.4844170859461556e-08,1.2438154950444869e-09,0.11549905034354419,True
fig5,FD,fixed,time_quarter,0.01,u,1.1743505161365686e-08,1.1736378122823021e-08,4.798184315146781e-10,0.03004067291014295,True
fig5,FD,fixed,time_quarter,0.01,v,2.4143071708504493e-08,2.630579690188206e-08,2.488848155346446e-09,0.11549905034354419,True
fig5,FD,fixed,time_quarter,0.02,u,1.6548073446254197e-08,1.6052833118340715e-08,9.603581541117734e-10,0.03004067291014295,True
fig5,FD,fixed,time_quarter,0.02,v,2.5598597061526895e-08,2.984810128225934e-08,4.982549497989375e-09,0.11549905034354419,True
fig5,FD,fixed,x_half,0.001,u,1.1951231487089542e-08,8.695302637640179e-10,1.2153479535259581e-08,0.03004067291014295,True
fig5,FD,fixed,x_half,0.001,v,2.3680200286757547e-08,1.6556568060988042e-09,2.3504246507433102e-08,0.11549905034354419,True
fig5,FD,fixed,x_half,0.005,u,1.1711622928400889e-08,3.750239261496313e-09,1.211932779132674e-08,0.03004067291014295,True
fig5,FD,fixed,x_half,0.005,v,2.3692684744669457e-08,2.6264749125592957e-09,2.286124237138587e-08,0.11549905034354419,True
fig5,FD,fixed,x_half,0.01,u,1.1743505161365686e-08,7.490770238469113e-09,1.2078773141410704e-08,0.03004067291014295,True
fig5,FD,fixed,x_half,0.01,v,2.4143071708504493e-08,4.309710713301662e-09,2.2043978392671804e-08,0.11549905034354419,True
fig5,FD,fixed,x_half,0.02,u,1.6548073446254197e-08,1.4972491139270128e-08,1.2004513428448549e-08,0.03004067291014295,True
fig5,FD,fixed,x_half,0.02,v,2.5598597061526895e-08,8.34319981157794e-09,2.09379151655531e-08,0.11549905034354419,True
fig5,FD,fixed,y_half,0.001,u,1.1951231487089542e-08,1.2110308991730712e-08,4.777146660889242e-09,0.03004067291014295,True
fig5,FD,fixed,y_half,0.001,v,2.3680200286757547e-08,2.3507658916677165e-08,3.192956467279462e-08,0.11549905034354419,True
fig5,FD,fixed,y_half,0.005,u,1.1711622928400889e-08,1.1804419570299318e-08,4.905276861782992e-09,0.03004067291014295,True
fig5,FD,fixed,y_half,0.005,v,2.3692684744669457e-08,2.2464365562191446e-08,3.179187973989528e-08,0.11549905034354419,True
fig5,FD,fixed,y_half,0.01,u,1.1743505161365686e-08,1.1746440087972987e-08,5.656200972870007e-09,0.03004067291014295,True
fig5,FD,fixed,y_half,0.01,v,2.4143071708504493e-08,2.1333266056466904e-08,3.184171144809955e-08,0.11549905034354419,True
fig5,FD,fixed,y_half,0.02,u,1.6548073446254197e-08,1.1796204683195421e-08,1.1276557288636413e-08,0.03004067291014295,True
fig5,FD,fixed,y_half,0.02,v,2.5598597061526895e-08,1.9853366547972762e-08,3.255704895954725e-08,0.11549905034354419,True
fig5,FD,fixed,domain_double,0.001,u,1.1951231487089542e-08,1.1951231487089542e-08,0.0,0.03004067291014295,True
fig5,FD,fixed,domain_double,0.001,v,2.3680200286757547e-08,2.3680200286757547e-08,0.0,0.11549905034354419,True
fig5,FD,fixed,domain_double,0.005,u,1.1711622928400889e-08,1.1711622928400889e-08,0.0,0.03004067291014295,True
fig5,FD,fixed,domain_double,0.005,v,2.3692684744669457e-08,2.3692684744669457e-08,0.0,0.11549905034354419,True
fig5,FD,fixed,domain_double,0.01,u,1.1743505161365686e-08,1.1743505161365686e-08,0.0,0.03004067291014295,True
fig5,FD,fixed,domain_double,0.01,v,2.4143071708504493e-08,2.4143071708504493e-08,0.0,0.11549905034354419,True
fig5,FD,fixed,domain_double,0.02,u,1.6548073446254197e-08,1.6548073446254197e-08,0.0,0.03004067291014295,True
fig5,FD,fixed,domain_double,0.02,v,2.5598597061526895e-08,2.5598597061526895e-08,0.0,0.11549905034354419,True
fig5,SD,moving,time_half,0.001,u,2.0146382966393372e-08,2.0149699820129485e-08,3.033055057111156e-11,0.03004067291014295,True
fig5,SD,moving,time_half,0.001,v,2.1673604855276807e-08,2.170302743076391e-08,1.596307114271056e-10,0.11549905034354419,True
fig5,SD,moving,time_half,0.005,u,1.0072982174411105e-07,1.0074628848354139e-07,1.5169599604236694e-10,0.03004067291014295,True
fig5,SD,moving,time_half,0.005,v,7.118344555467893e-08,7.065746385204186e-08,7.984570227215215e-10,0.11549905034354419,True
fig5,SD,moving,time_half,0.01,u,2.0145845015199365e-07,2.014917031764596e-07,3.0350418012137226e-10,0.03004067291014295,True
fig5,SD,moving,time_half,0.01,v,1.3622168380800215e-07,1.350607692490735e-07,1.5976654166305337e-09,0.11549905034354419,True
fig5,SD,moving,time_half,0.02,u,4.0290968591691345e-07,4.0297550820030115e-07,6.074537539646485e-10,0.03004067291014295,True
fig5,SD,moving,time_half,0.02,v,2.7084771055119194e-07,2.680069371013838e-07,3.1983342918540103e-09,0.11549905034354419,True
fig5,SD,moving,time_quarter,0.001,u,2.0146382966393372e-08,2.0151358413530995e-08,4.5495947287310656e-11,0.03004067291014295,True
fig5,SD,moving,time_quarter,0.001,v,2.1673604855276807e-08,2.1717738940552067e-08,2.3944633775752067e-10,0.11549905034354419,True
fig5,SD,moving,time_quarter,0.005,u,1.0072982174411105e-07,1.0075452281689545e-07,2.2754435835548037e-10,0.03004067291014295,True
fig5,SD,moving,time_quarter,0.005,v,7.118344555467893e-08,7.041092722759323e-08,1.1976889757736586e-09,0.11549905034354419,True
fig5,SD,moving,time_quarter,0.01,u,2.0145845015199365e-07,2.0150833165283322e-07,4.5525672121016214e-10,0.03004067291014295,True
fig5,SD,moving,time_quarter,0.01,v,1.3622168380800215e-07,1.3448032581964142e-07,2.3965045781171312e-09,0.11549905034354419,True
fig5,SD,moving,time_quarter,0.02,u,4.0290968591691345e-07,4.030087455515405e-07,9.111820742369048e-10,0.03004067291014295,True
fig5,SD,moving,time_quarter,0.02,v,2.7084771055119194e-07,2.6664502056350514e-07,4.797510472220878e-09,0.11549905034354419,True
fig5,SD,moving,x_half,0.001,u,2.0146382966393372e-08,2.0149088089845002e-08,1.1366984020710902e-08,0.03004067291014295,True
fig5,SD,moving,x_half,0.001,v,2.1673604855276807e-08,1.327507380410875e-08,2.1956811716017377e-08,0.11549905034354419,True
fig5,SD,moving,x_half,0.005,u,1.0072982174411105e-07,1.0074879594999808e-07,1.1334080975838878e-08,0.03004067291014295,True
fig5,SD,moving,x_half,0.005,v,7.118344555467893e-08,6.635394364518099e-08,2.1410208370098438e-08,0.11549905034354419,True
fig5,SD,moving,x_half,0.01,u,2.0145845015199365e-07,2.0150369798351692e-07,1.129510523306676e-08,0.03004067291014295,True
fig5,SD,moving,x_half,0.01,v,1.3622168380800215e-07,1.326639411658448e-07,2.071450624918647e-08,0.11549905034354419,True
fig5,SD,moving,x_half,0.02,u,4.0290968591691345e-07,4.0301961733504865e-07,1.123292931934361e-08,0.03004067291014295,True
fig5,SD,moving,x_half,0.02,v,2.7084771055119194e-07,2.651578178969327e-07,1.9336735261610283e-08,0.11549905034354419,True
fig5,SD,moving,y_half,0.001,u,2.0146382966393372e-08,1.1840688277087175e-08,1.7190010609402506e-08,0.03004067291014295,True
fig5,SD,moving,y_half,0.001,v,2.1673604855276807e-08,2.007743385434857e-08,2.884483299436802e-08,0.11549905034354419,True
fig5,SD,moving,y_half,0.005,u,1.0072982174411105e-07,2.519765838603777e-08,7.701468045153564e-08,0.03004067291014295,True
fig5,SD,moving,y_half,0.005,v,7.118344555467893e-08,2.46839625406281e-08,4.692254529370388e-08,0.11549905034354419,True
fig5,SD,moving,y_half,0.01,u,2.0145845015199365e-07,5.039597716395561e-08,1.5180086196907305e-07,0.03004067291014295,True
fig5,SD,moving,y_half,0.01,v,1.3622168380800215e-07,4.1063673225649744e-08,9.315527441100535e-08,0.11549905034354419,True
fig5,SD,moving,y_half,0.02,u,4.0290968591691345e-07,1.0079464136860533e-07,3.0200926197203326e-07,0.03004067291014295,True
fig5,SD,moving,y_half,0.02,v,2.7084771055119194e-07,7.498556593710237e-08,1.8562077507000563e-07,0.11549905034354419,True
fig5,SD,moving,domain_double,0.001,u,2.0146382966393372e-08,2.0146863791842273e-08,4.569085214345403e-10,0.03004067291014295,True
fig5,SD,moving,domain_double,0.001,v,2.1673604855276807e-08,2.1611864291226635e-08,8.267032336473079e-10,0.11549905034354419,True
fig5,SD,moving,domain_double,0.005,u,1.0072982174411105e-07,1.0073344169046761e-07,4.566420783169711e-10,0.03004067291014295,True
fig5,SD,moving,domain_double,0.005,v,7.118344555467893e-08,7.1169845405894e-08,8.254718714129083e-10,0.11549905034354419,True
fig5,SD,moving,domain_double,0.01,u,2.0145845015199365e-07,2.0146561259884455e-07,4.5630171169319667e-10,0.03004067291014295,True
fig5,SD,moving,domain_double,0.01,v,1.3622168380800215e-07,1.3619021227428973e-07,8.238836210483491e-10,0.11549905034354419,True
fig5,SD,moving,domain_double,0.02,u,4.0290968591691345e-07,4.0292366483563047e-07,4.5559887459911685e-10,0.03004067291014295,True
fig5,SD,moving,domain_double,0.02,v,2.7084771055119194e-07,2.708234055209813e-07,8.2055769123901e-10,0.11549905034354419,True
fig5,SD2,moving,time_half,0.001,u,1.4583438602208676e-07,1.4588069308096863e-07,4.823573832024586e-11,0.03004067291014295,True
fig5,SD2,moving,time_half,0.001,v,5.512886209549372e-07,5.514887533308865e-07,3.455656247264294e-10,0.11549905034354419,True
fig5,SD2,moving,time_half,0.005,u,1.570966360053827e-07,1.5726488677286765e-07,2.412532396078859e-10,0.03004067291014295,True
fig5,SD2,moving,time_half,0.005,v,5.523658989162183e-07,5.533627481374426e-07,1.7278036640311356e-09,0.11549905034354419,True
fig5,SD2,moving,time_half,0.01,u,2.001623554395357e-07,2.0018639171857922e-07,4.826845902139443e-10,0.03004067291014295,True
fig5,SD2,moving,time_half,0.01,v,5.537512756254026e-07,5.557353804988563e-07,3.4554887215487717e-09,0.11549905034354419,True
fig5,SD2,moving,time_half,0.02,u,4.0162586460810307e-07,4.016739524768595e-07,9.660684023582444e-10,0.03004067291014295,True
fig5,SD2,moving,time_half,0.02,v,5.566522525007889e-07,5.60581978954755e-07,6.910526526016092e-09,0.11549905034354419,True
fig5,SD2,moving,time_quarter,0.001,u,1.4583438602208676e-07,1.4590384775706178e-07,7.235530577465177e-11,0.03004067291014295,True
fig5,SD2,moving,time_quarter,0.001,v,5.512886209549372e-07,5.515888172533123e-07,5.183527496122053e-10,0.11549905034354419,True
fig5,SD2,moving,time_quarter,0.005,u,1.570966360053827e-07,1.5734901329458872e-07,3.6188199312170433e-10,0.03004067291014295,True
fig5,SD2,moving,time_quarter,0.005,v,5.523658989162183e-07,5.538611335537125e-07,2.5917094581551225e-09,0.11549905034354419,True
fig5,SD2,moving,time_quarter,0.01,u,2.001623554395357e-07,2.001984103650739e-07,7.240300511912601e-10,0.03004067291014295,True
fig5,SD2,moving,time_quarter,0.01,v,5.537512756254026e-07,5.567273413109586e-07,5.183236090333665e-09,0.11549905034354419,True
fig5,SD2,moving,time_quarter,0.02,u,4.0162586460810307e-07,4.01697993335573e-07,1.4491058838994597e-09,0.03004067291014295,True
fig5,SD2,moving,time_quarter,0.02,v,5.566522525007889e-07,5.625466550501779e-07,1.0365802570466709e-08,0.11549905034354419,True
fig5,SD2,moving,x_half,0.001,u,1.4583438602208676e-07,2.0067511551785655e-08,1.406000301393262e-07,0.03004067291014295,True
fig5,SD2,moving,x_half,0.001,v,5.512886209549372e-07,3.517567639249597e-08,5.1734617819571e-07,0.11549905034354419,True
fig5,SD2,moving,x_half,0.005,u,1.570966360053827e-07,1.0066797712527525e-07,1.4030080507099196e-07,0.03004067291014295,True
fig5,SD2,moving,x_half,0.005,v,5.523658989162183e-07,6.66153153611182e-08,5.163841730118635e-07,0.11549905034354419,True
fig5,SD2,moving,x_half,0.01,u,2.001623554395357e-07,2.014229282957039e-07,1.399163649801194e-07,0.03004067291014295,True
fig5,SD2,moving,x_half,0.01,v,5.537512756254026e-07,1.3121973667373776e-07,5.152046814796418e-07,0.11549905034354419,True
fig5,SD2,moving,x_half,0.02,u,4.0162586460810307e-07,4.0294554468078836e-07,1.3911322736120946e-07,0.03004067291014295,True
fig5,SD2,moving,x_half,0.02,v,5.566522525007889e-07,2.603441382337257e-07,5.129225209982158e-07,0.11549905034354419,True
fig5,SD2,moving,y_half,0.001,u,1.4583438602208676e-07,1.4862466047108058e-07,1.719073908570956e-08,0.03004067291014295,True
fig5,SD2,moving,y_half,0.001,v,5.512886209549372e-07,1.084548328880719e-06,2.178168680491699e-07,0.11549905034354419,True
fig5,SD2,moving,y_half,0.005,u,1.570966360053827e-07,1.4557485811250714e-07,7.701841620976618e-08,0.03004067291014295,True
fig5,SD2,moving,y_half,0.005,v,5.523658989162183e-07,1.0824338775305975e-06,2.2046369019951273e-07,0.11549905034354419,True
fig5,SD2,moving,y_half,0.01,u,2.001623554395357e-07,1.4870278140441395e-07,1.5180836538883358e-07,0.03004067291014295,True
fig5,SD2,moving,y_half,0.01,v,5.537512756254026e-07,1.0798195100858443e-06,2.2378254018601274e-07,0.11549905034354419,True
fig5,SD2,moving,y_half,0.02,u,4.0162586460810307e-07,1.5580143173862804e-07,3.0202577874782754e-07,0.03004067291014295,True
fig5,SD2,moving,y_half,0.02,v,5.566522525007889e-07,1.0746871435055039e-06,2.3045132312160543e-07,0.11549905034354419,True
fig5,SD2,moving,domain_double,0.001,u,1.4583438602208676e-07,1.4530114406802186e-07,9.355798358257061e-10,0.03004067291014295,True
fig5,SD2,moving,domain_double,0.001,v,5.512886209549372e-07,5.49371328290027e-07,2.7308196814956887e-09,0.11549905034354419,True
fig5,SD2,moving,domain_double,0.005,u,1.570966360053827e-07,1.5656595325416744e-07,9.35186875855587e-10,0.03004067291014295,True
fig5,SD2,moving,domain_double,0.005,v,5.523658989162183e-07,5.504480148493807e-07,2.7298045005008653e-09,0.11549905034354419,True
fig5,SD2,moving,domain_double,0.01,u,2.001623554395357e-07,2.001621991730429e-07,9.346862797632305e-10,0.03004067291014295,True
fig5,SD2,moving,domain_double,0.01,v,5.537512756254026e-07,5.518326067835422e-07,2.7285727913217706e-09,0.11549905034354419,True
fig5,SD2,moving,domain_double,0.02,u,4.0162586460810307e-07,4.016341552245603e-07,9.336392249592596e-10,0.03004067291014295,True
fig5,SD2,moving,domain_double,0.02,v,5.566522525007889e-07,5.547318690374281e-07,2.7262310881015495e-09,0.11549905034354419,True
fig5,FD,moving,time_half,0.001,u,1.1139121035286248e-08,1.1164896396298474e-08,3.0787841026613805e-11,0.03004067291014295,True
fig5,FD,moving,time_half,0.001,v,2.2152744333370222e-08,2.2308291797168422e-08,1.5925108454162284e-10,0.11549905034354419,True
fig5,FD,moving,time_half,0.005,u,1.0964201217072977e-08,1.0961728559577555e-08,1.5398601838079173e-10,0.03004067291014295,True
fig5,FD,moving,time_half,0.005,v,2.2257937701275488e-08,2.3036353283267808e-08,7.965591103387126e-10,0.11549905034354419,True
fig5,FD,moving,time_half,0.01,u,1.0991491168621526e-08,1.0986498159143432e-08,3.080871946448127e-10,0.03004067291014295,True
fig5,FD,moving,time_half,0.01,v,2.2746275682439254e-08,2.4203117940380103e-08,1.5938860231656804e-09,0.11549905034354419,True
fig5,FD,moving,time_half,0.02,u,1.6331773513428294e-08,1.6027036791460558e-08,6.166438228094595e-10,0.03004067291014295,True
fig5,FD,moving,time_half,0.02,v,2.4212227070496972e-08,2.6895768043266877e-08,3.1908223008247916e-09,0.11549905034354419,True
fig5,FD,moving,time_quarter,0.001,u,1.1139121035286248e-08,1.1177783653532058e-08,4.618195409422654e-11,0.03004067291014295,True
fig5,FD,moving,time_quarter,0.001,v,2.2152744333370222e-08,2.2386066736435062e-08,2.388772096795222e-10,0.11549905034354419,True
fig5,FD,moving,time_quarter,0.005,u,1.0964201217072977e-08,1.0960492215217332e-08,2.309793085963907e-10,0.03004067291014295,True
fig5,FD,moving,time_quarter,0.005,v,2.2257937701275488e-08,2.3425567124979452e-08,1.1948416422935537e-09,0.11549905034354419,True
fig5,FD,moving,time_quarter,0.01,u,1.0991491168621526e-08,1.0984001350827777e-08,4.6213166626785096e-10,0.03004067291014295,True
fig5,FD,moving,time_quarter,0.01,v,2.2746275682439254e-08,2.4931552891627184e-08,2.3908349605639145e-09,0.11549905034354419,True
fig5,FD,moving,time_quarter,0.02,u,1.6331773513428294e-08,1.5874662036285958e-08,9.249670335220728e-10,0.03004067291014295,True
fig5,FD,moving,time_quarter,0.02,v,2.4212227070496972e-08,2.8237568616695796e-08,4.786244969801068e-09,0.11549905034354419,True
fig5,FD,moving,x_half,0.001,u,1.1139121035286248e-08,8.575314590364425e-10,1.1366285832675738e-08,0.03004067291014295,True
fig5,FD,moving,x_half,0.001,v,2.2152744333370222e-08,1.573989064085346e-09,2.1957169860087333e-08,0.11549905034354419,True
fig5,FD,moving,x_half,0.005,u,1.0964201217072977e-08,3.7496994936131456e-09,1.1330574232332191e-08,0.03004067291014295,True
fig5,FD,moving,x_half,0.005,v,2.2257937701275488e-08,2.565932133435922e-09,2.1412016465438555e-08,0.11549905034354419,True
fig5,FD,moving,x_half,0.01,u,1.0991491168621526e-08,7.490388484812649e-09,1.1288054137248427e-08,0.03004067291014295,True
fig5,FD,moving,x_half,0.01,v,2.2746275682439254e-08,4.272145470718414e-09,2.0718151819143493e-08,0.11549905034354419,True
fig5,FD,moving,x_half,0.02,u,1.6331773513428294e-08,1.4971193172327868e-08,1.1221154828239266e-08,0.03004067291014295,True
fig5,FD,moving,x_half,0.02,v,2.4212227070496972e-08,8.312495983209267e-09,1.9335137713127892e-08,0.11549905034354419,True
fig5,FD,moving,y_half,0.001,u,1.1139121035286248e-08,1.132751331275883e-08,4.776902876729716e-09,0.03004067291014295,True
fig5,FD,moving,y_half,0.001,v,2.2152744333370222e-08,2.1994012430748278e-08,3.1929337174219086e-08,0.11549905034354419,True
fig5,FD,moving,y_half,0.005,u,1.0964201217072977e-08,1.0993838794187694e-08,4.90509105555148e-09,0.03004067291014295,True
fig5,FD,moving,y_half,0.005,v,2.2257937701275488e-08,2.1100488412084673e-08,3.1792222562887495e-08,0.11549905034354419,True
fig5,FD,moving,y_half,0.01,u,1.0991491168621526e-08,1.0973781310735786e-08,5.655891598815854e-09,0.03004067291014295,True
fig5,FD,moving,y_half,0.01,v,2.2746275682439254e-08,2.001618006064465e-08,3.184195626615427e-08,0.11549905034354419,True
fig5,FD,moving,y_half,0.02,u,1.6331773513428294e-08,1.1009848494697438e-08,1.1275958338927139e-08,0.03004067291014295,True
fig5,FD,moving,y_half,0.02,v,2.4212227070496972e-08,1.857852481579325e-08,3.255728656115231e-08,0.11549905034354419,True
fig5,FD,moving,domain_double,0.001,u,1.1139121035286248e-08,1.111847863777271e-08,4.5690858388458544e-10,0.03004067291014295,True
fig5,FD,moving,domain_double,0.001,v,2.2152744333370222e-08,2.2111005706926257e-08,8.267175347076439e-10,0.11549905034354419,True
fig5,FD,moving,domain_double,0.005,u,1.0964201217072977e-08,1.0896711429009276e-08,4.566419568863278e-10,0.03004067291014295,True
fig5,FD,moving,domain_double,0.005,v,2.2257937701275488e-08,2.221517840517162e-08,8.255404346235728e-10,0.11549905034354419,True
fig5,FD,moving,domain_double,0.01,u,1.0991491168621526e-08,1.0923318645439384e-08,4.5630193720724854e-10,0.03004067291014295,True
fig5,FD,moving,domain_double,0.01,v,2.2746275682439254e-08,2.26982640183504e-08,8.24022704237759e-10,0.11549905034354419,True
fig5,FD,moving,domain_double,0.02,u,1.6331773513428294e-08,1.6311487882614273e-08,4.5559878786294306e-10,0.03004067291014295,True
fig5,FD,moving,domain_double,0.02,v,2.4212227070496972e-08,2.4157645758804414e-08,8.208334081882818e-10,0.11549905034354419,True
