case,model,mesh,t,field,Euler_error,RK4_error,Euler_over_RK4
fig3,SD,fixed,0.01,u,2.023756306152036e-05,9.938457304237147e-06,2.0362881725006057
fig3,SD,fixed,0.01,v,1.4301289773532844e-05,3.4778979492999795e-06,4.112049859430568
fig3,SD,fixed,0.02,u,4.039713132814038e-05,2.0117680456566145e-05,2.0080412061100854
fig3,SD,fixed,0.02,v,2.8017181461503782e-05,6.065982565528483e-06,4.618737551393351
fig3,SD2,fixed,0.01,u,1.3556527247771122e-05,2.3199423817676923e-05,0.5843475835568663
fig3,SD2,fixed,0.01,v,6.723899032079483e-05,5.387589871697074e-05,1.2480346856768956
fig3,SD2,fixed,0.02,u,2.1093292942808706e-05,3.1095909417633294e-05,0.678330151387935
fig3,SD2,fixed,0.02,v,0.00013231186579398813,5.403204273968232e-05,2.4487666777923867
fig3,FD,fixed,0.01,u,1.2657853485809056e-05,8.59412302139928e-06,1.472849929456575
fig3,FD,fixed,0.01,v,1.4118654005135234e-05,1.9595038985853463e-06,7.2052186348433
fig3,FD,fixed,0.02,u,2.4630289762961333e-05,1.7032498305313837e-05,1.4460761610806747
fig3,FD,fixed,0.02,v,2.797674124399574e-05,3.1156459524561697e-06,8.979435298783137
fig3,SD,moving,0.01,u,1.7280402272501494e-05,9.744408561107587e-06,1.7733659425439092
fig3,SD,moving,0.01,v,1.1324624688113794e-05,3.725116504871284e-06,3.040072618750242
fig3,SD,moving,0.02,u,3.463359036237623e-05,1.943981344065815e-05,1.7815803874918095
fig3,SD,moving,0.02,v,2.2312111242706045e-05,7.380284629543432e-06,3.0232047085813196
fig3,SD2,moving,0.01,u,7.172230127194812e-06,1.3850804553683371e-05,0.5178204702403
fig3,SD2,moving,0.01,v,5.107206504284534e-05,2.752910723968771e-05,1.855202371736073
fig3,SD2,moving,0.02,u,1.7670954794324345e-05,1.995145224847894e-05,0.8856976712395231
fig3,SD2,moving,0.02,v,0.00010196281015439901,2.7868624766003158e-05,3.6586954329652857
fig3,FD,moving,0.01,u,9.555687520312883e-06,5.807394405699107e-06,1.6454345706114564
fig3,FD,moving,0.01,v,1.1262223464925114e-05,2.1573692995380256e-06,5.220350297622564
fig3,FD,moving,0.02,u,1.8914205008879748e-05,1.1479784606416299e-05,1.6476097468159978
fig3,FD,moving,0.02,v,2.237860943898884e-05,3.921096118797429e-06,5.707233069780547
fig4,SD,fixed,0.01,u,0.0005900336137989459,0.0005912895543382923,0.997875929770564
fig4,SD,fixed,0.01,v,0.0011000730009063098,0.0011067780609281819,0.9939418206245894
fig4,SD,fixed,0.02,u,0.001354768702070297,0.001358221990984454,0.997457493004031
fig4,SD,fixed,0.02,v,0.0022850838022097086,0.00230340407553431,0.9920464353088584
fig4,SD2,fixed,0.01,u,0.006300676468084854,0.0063078174477517734,0.9988679159271698
fig4,SD2,fixed,0.01,v,0.011256707592726123,0.011249971837232309,1.0005987353205208
fig4,SD2,fixed,0.02,u,0.010621497495783894,0.010644660404198758,0.9978239880338758
fig4,SD2,fixed,0.02,v,0.010736915863708063,0.010722971349466093,1.0013004337871951
fig4,FD,fixed,0.01,u,0.0008329579841019896,0.0008352936061506444,0.9972038310464051
fig4,FD,fixed,0.01,v,0.0012853198157340984,0.0012919342375576903,0.9948802178692191
fig4,FD,fixed,0.02,u,0.0019432417340004005,0.0019512361514315568,0.9959028960050319
fig4,FD,fixed,0.02,v,0.0028062163989037714,0.0028201491954131797,0.9950595533980723
fig4,SD,moving,0.01,u,0.0003634556021252511,0.0003608792901765856,1.0071389853028276
fig4,SD,moving,0.01,v,0.0005264787445216079,0.0005343877459771385,0.9851998824541368
fig4,SD,moving,0.02,u,0.0008310977288228383,0.0008279690626487035,1.0037787235239515
fig4,SD,moving,0.02,v,0.0012224191280205687,0.0012423636873126753,0.9839462795831967
fig4,SD2,moving,0.01,u,0.0011998455013579878,0.0012044665204444804,0.9961634308566856
fig4,SD2,moving,0.01,v,0.001887180099200414,0.0018762990464709084,1.0057992102857864
fig4,SD2,moving,0.02,u,0.001796149429526439,0.0018123231036670795,0.9910757225861578
fig4,SD2,moving,0.02,v,0.0032814625077639548,0.0032679140370572846,1.004145907925678
fig4,FD,moving,0.01,u,0.0004686725122097224,0.00047107758670561495,0.9948945257346843
fig4,FD,moving,0.01,v,0.0007584646714473564,0.0007664459336922391,0.9895866598098653
fig4,FD,moving,0.02,u,0.001048115508968439,0.0010549298526772999,0.9935404769411286
fig4,FD,moving,0.02,v,0.0016892818145244348,0.0017095995831688526,0.9881154810492189
fig5,SD,fixed,0.01,u,2.0143860702051541e-07,2.015089349324123e-07,0.9996509935804064
fig5,SD,fixed,0.01,v,1.3674389964801748e-07,1.3444289664876763e-07,1.0171150953795738
fig5,SD,fixed,0.02,u,4.0287096873380807e-07,4.0301020240787744e-07,0.9996545157585652
fig5,SD,fixed,0.02,v,2.7163058774481996e-07,2.6578788064890446e-07,1.0219825940959042
fig5,SD2,fixed,0.01,u,2.0007565590136195e-07,2.0012768728924074e-07,0.9997400090483053
fig5,SD2,fixed,0.01,v,6.040895708103733e-07,6.086845997024803e-07,0.9924508868889519
fig5,SD2,fixed,0.02,u,4.015161712755608e-07,4.016200976326642e-07,0.9997412321800726
fig5,SD2,fixed,0.02,v,6.060674083291362e-07,6.151804779960801e-07,0.9851863477582558
fig5,FD,fixed,0.01,u,1.1743505161365686e-08,1.1734001822277795e-08,1.000809897529575
fig5,FD,fixed,0.01,v,2.4143071708504493e-08,2.707441650040554e-08,0.8917300843082938
fig5,FD,fixed,0.02,u,1.6548073446254197e-08,1.5887743613773875e-08,1.0415622160410398
fig5,FD,fixed,0.02,v,2.5598597061526895e-08,3.132929619897862e-08,0.817081778631256
fig5,SD,moving,0.01,u,2.0145845015199365e-07,2.015249614406578e-07,0.999669960047685
fig5,SD,moving,0.01,v,1.3622168380800215e-07,1.3389989453327367e-07,1.017339739383824
fig5,SD,moving,0.02,u,4.0290968591691345e-07,4.030421536125803e-07,0.9996713304192143
fig5,SD,moving,0.02,v,2.7084771055119194e-07,2.652831205263162e-07,1.020976042553464
fig5,SD2,moving,0.01,u,2.001623554395357e-07,2.0021043063873922e-07,0.9997598766505315
fig5,SD2,moving,0.01,v,5.537512756254026e-07,5.577192956074395e-07,0.9928852739840834
fig5,SD2,moving,0.02,u,4.0162586460810307e-07,4.0172203792654404e-07,0.9997605973549837
fig5,SD2,moving,0.02,v,5.566522525007889e-07,5.645112952437636e-07,0.9860781479322196
fig5,FD,moving,0.01,u,1.0991491168621526e-08,1.098150436210088e-08,1.0009094206213778
fig5,FD,moving,0.01,v,2.2746275682439254e-08,2.565999711323652e-08,0.886448879244252
fig5,FD,moving,0.02,u,1.6331773513428294e-08,1.572228269103304e-08,1.0387660516206636
fig5,FD,moving,0.02,v,2.4212227070496972e-08,2.957938917413916e-08,0.8185506106280713
