case,model,mesh,t,field,dt_vs_half,half_vs_quarter,observed_order,Euler_vs_RK4_field,half_vs_RK4_field,quarter_vs_RK4_field
fig3,SD,fixed,0.01,u,5.44205611763271e-06,2.7208625437147305e-06,1.0000877591388069,1.0883668746131114e-05,5.4416126284984045e-06,2.720750084783674e-06
fig3,SD,fixed,0.01,v,6.739525499566135e-06,3.3690434336763886e-06,1.0003079933613241,1.347713164812081e-05,6.737606148554676e-06,3.368562714878287e-06
fig3,SD,fixed,0.02,u,1.0866965296063569e-05,5.432956830975222e-06,1.0001396213841665,2.173252435766493e-05,1.086555906160136e-05,5.432602230626138e-06
fig3,SD,fixed,0.02,v,1.3198142924886191e-05,6.5974997782713984e-06,1.0003436439556477,2.639209274457599e-05,1.3193949819689799e-05,6.5964500414184e-06
fig3,SD2,fixed,0.01,u,7.463841219079725e-06,3.7317172310036284e-06,1.0000786247167908,1.4927138853093602e-05,7.463297634013877e-06,3.7315804030102484e-06
fig3,SD2,fixed,0.01,v,3.294163408151807e-05,1.6470144941216347e-05,1.0000588710601643,6.58814623301085e-05,3.293987617147831e-05,1.6469731230261964e-05
fig3,SD2,fixed,0.02,u,1.5069640113885008e-05,7.5342525270860605e-06,1.0001086692635222,3.0137743133429318e-05,1.506813487972547e-05,7.533882352639409e-06
fig3,SD2,fixed,0.02,v,6.622710663850562e-05,3.311198064992471e-05,1.0000685198625074,0.0001324500121291372,6.622290549063159e-05,3.311092484070688e-05
fig3,FD,fixed,0.01,u,5.437892341308981e-06,2.718781145882865e-06,1.0000875661488202,1.0875342502880692e-05,5.437450161571711e-06,2.718669015688846e-06
fig3,FD,fixed,0.01,v,6.740328387655481e-06,3.3694466388123345e-06,1.000307202623982,1.3478742114214626e-05,6.738413726559145e-06,3.3689670877468103e-06
fig3,FD,fixed,0.02,u,1.0858969349714087e-05,5.428960280884354e-06,1.0001393460274548,2.171653626092951e-05,1.0857566911215422e-05,5.428606630331068e-06
fig3,FD,fixed,0.02,v,1.320017878969626e-05,6.598520930434226e-06,1.0003428869838011,2.6396173050224903e-05,1.3195994260528643e-05,6.597473330094417e-06
fig3,SD,moving,0.01,u,4.270737404277192e-06,2.135358361687878e-06,1.000006986218856,8.541446426479915e-06,4.270709022202723e-06,2.1353506605148453e-06
fig3,SD,moving,0.01,v,5.182075753173976e-06,2.590511447908561e-06,1.0002931463154354,1.0362747078107581e-05,5.180671324933606e-06,2.5901598770250445e-06
fig3,SD,moving,0.02,u,8.518796739964696e-06,4.259317526122963e-06,1.000027382773753,1.703737650232684e-05,8.518579762362144e-06,4.259262236239181e-06
fig3,SD,moving,0.02,v,1.014723605763379e-05,5.072533931227419e-06,1.0003082985999598,2.029158025174116e-05,1.0144344194107369e-05,5.0718126574089695e-06
fig3,SD2,moving,0.01,u,5.811295589297494e-06,2.9054984838072784e-06,1.000074136839881,1.1622192491289596e-05,5.810896901992102e-06,2.9053984181848236e-06
fig3,SD2,moving,0.01,v,2.6149497119987153e-05,1.3074557303704992e-05,1.0000211037723543,5.22984827873163e-05,2.614898566732915e-05,1.3074428363624158e-05
fig3,SD2,moving,0.02,u,1.1697768808494047e-05,5.848510916006688e-06,1.0000921281392297,2.339454067434854e-05,1.1696771865854494e-05,5.8482609498478055e-06
fig3,SD2,moving,0.02,v,5.248935088075779e-05,2.6244154636367867e-05,1.0000286293812575,0.00010497730966307905,5.2487958782321265e-05,2.6243804145953398e-05
fig3,FD,moving,0.01,u,4.265312921192255e-06,2.132645647190401e-06,1.0000073150489333,8.530596200428953e-06,4.265283279236698e-06,2.132637632046297e-06
fig3,FD,moving,0.01,v,5.182599972619606e-06,2.59077485587067e-06,1.0002923937249164,1.0363798983448191e-05,5.1811990108285855e-06,2.5904241549579154e-06
fig3,FD,moving,0.02,u,8.50813334674072e-06,4.2539848914557865e-06,1.0000277352250853,1.7016047215989705e-05,8.507928956569266e-06,4.253944564491796e-06
fig3,FD,moving,0.02,v,1.0148584107527725e-05,5.07321042564346e-06,1.0003075553880312,2.0294282939481434e-05,1.0145698831953709e-05,5.072488406310249e-06
fig4,SD,fixed,0.01,u,6.081429910098635e-06,3.040926900621521e-06,0.9998994439878779,1.216343637022721e-05,6.082006460128575e-06,3.041079559507054e-06
fig4,SD,fixed,0.01,v,5.409420840152279e-06,2.7078103772559814e-06,0.9983474268250224,1.0827118683831571e-05,5.417697843679292e-06,2.709887466423311e-06
fig4,SD,fixed,0.02,u,1.2512058985114649e-05,6.264188279869742e-06,0.9981197381906031,2.5045968250703154e-05,1.2533909265588505e-05,6.269720985718763e-06
fig4,SD,fixed,0.02,v,1.2948619413588602e-05,6.487445837422001e-06,0.9970757916338318,2.5932343432621963e-05,1.298372401903336e-05,6.496278181611359e-06
fig4,SD2,fixed,0.01,u,4.535078913292523e-06,2.2759519087145463e-06,0.9946575812415638,9.092624694728713e-06,4.55754578143619e-06,2.2815938727216434e-06
fig4,SD2,fixed,0.01,v,1.7322214667103708e-05,8.674715607170924e-06,0.9977350261403896,3.468077597634789e-05,1.735856130924418e-05,8.683845702073256e-06
fig4,SD2,fixed,0.02,u,1.8226484367347973e-05,9.186857403198356e-06,0.9883929719066171,3.6649763887619535e-05,1.8423279520271563e-05,9.236422117073206e-06
fig4,SD2,fixed,0.02,v,4.439842027159635e-05,2.2257650282186958e-05,0.9962070484890417,8.89529619254592e-05,4.4554541653862856e-05,2.2296891371675898e-05
fig4,FD,fixed,0.01,u,6.289945209236869e-06,3.1451725310827072e-06,0.9999082905362522,1.258043573093559e-05,6.290490521698722e-06,3.1453179906160145e-06
fig4,FD,fixed,0.01,v,5.787088781961103e-06,2.8974924655145173e-06,0.9980328674899425,1.158472022266821e-05,5.797631440707107e-06,2.90013897519259e-06
fig4,FD,fixed,0.02,u,1.3012567346870618e-05,6.517382408977035e-06,0.9975410772203349,2.6054846811285337e-05,1.3042279464414719e-05,6.524897055437684e-06
fig4,FD,fixed,0.02,v,1.4234926316358809e-05,7.133535692371851e-06,0.9967458035119441,2.8512801914182262e-05,1.4277875597823453e-05,7.144339905451602e-06
fig4,SD,moving,0.01,u,6.594127110293169e-06,3.2966131215950156e-06,1.0001971095290132,1.318705391967212e-05,6.592926809378952e-06,3.296313687783936e-06
fig4,SD,moving,0.01,v,6.480253434748562e-06,3.2458391694412114e-06,0.9974587197826703,1.2975784255964129e-05,6.495530821215567e-06,3.2496916517743557e-06
fig4,SD,moving,0.02,u,1.3511107013419732e-05,6.7631334502715745e-06,0.9983821582425146,2.704256207763933e-05,1.35314550642196e-05,6.768321613948025e-06
fig4,SD,moving,0.02,v,1.730677851341511e-05,8.694645780238375e-06,0.9931380477402079,3.472408862847942e-05,1.741731011506431e-05,8.722664334825936e-06
fig4,SD2,moving,0.01,u,4.914630123087349e-06,2.458510756753185e-06,0.9992981754655449,9.832450369007262e-06,4.917820245919913e-06,2.4593094891667278e-06
fig4,SD2,moving,0.01,v,1.8391289507091457e-05,9.198163551049632e-06,0.9996048826180611,3.678930341100006e-05,1.8398013903908605e-05,9.199850352858974e-06
fig4,SD2,moving,0.02,u,1.257579594274652e-05,6.379499988083421e-06,0.9791344553527446,2.5397155859217813e-05,1.2824411468367013e-05,6.444911480283592e-06
fig4,SD2,moving,0.02,v,3.916484726618208e-05,1.9645427799197535e-05,0.9953657479144913,7.849816942906429e-05,3.933332216288221e-05,1.9687894363684677e-05
fig4,FD,moving,0.01,u,6.838299711375839e-06,3.419395533221792e-06,0.9998963411837545,1.3677265157552299e-05,6.838965446176459e-06,3.4195699129546675e-06
fig4,FD,moving,0.01,v,6.079027896177536e-06,3.0435204556589213e-06,0.9980995769364712,1.2168768007470021e-05,6.089740111292485e-06,3.046219655633564e-06
fig4,FD,moving,0.02,u,1.4048533541699548e-05,7.0347352427724275e-06,0.9978515096156775,2.8125130669853782e-05,1.4076738286239454e-05,7.042003043467027e-06
fig4,FD,moving,0.02,v,1.5118282877146783e-05,7.588101445854534e-06,0.9944834171980941,3.0314183526503058e-05,1.5195900649356275e-05,7.607799203501742e-06
fig5,SD,fixed,0.01,u,3.152293981401044e-10,1.5761543112335907e-10,0.9999932993100955,6.30460735701055e-10,3.1523133756095056e-10,1.576159064375915e-10
fig5,SD,fixed,0.01,v,1.6630699734010435e-09,8.315411831327779e-10,0.9999892493654237,3.326156614025244e-09,1.6630866406242006e-09,8.315454574914227e-10
fig5,SD,fixed,0.02,u,6.309183106512073e-10,3.1546063677945213e-10,0.9999932248563217,1.2618405764719398e-09,6.309222658207325e-10,3.154616290412804e-10
fig5,SD,fixed,0.02,v,3.3293358625563485e-09,1.6646803796538379e-09,0.9999892115764649,6.6587046848587406e-09,3.329368822302392e-09,1.6646884426485542e-09
fig5,SD2,fixed,0.01,u,5.055365570605375e-10,2.527690452780451e-10,0.9999956237327592,1.011078092777451e-09,5.055415357169135e-10,2.527724904388684e-10
fig5,SD2,fixed,0.01,v,3.6076028345211064e-09,1.8038054175328888e-09,0.999996800553206,7.215224452628011e-09,3.6076216181069043e-09,1.8038162005740155e-09
fig5,SD2,fixed,0.02,u,1.0118283398641292e-09,5.059163851739434e-10,0.9999936828978789,2.023666522549261e-09,1.011838182685132e-09,5.059217975111885e-10
fig5,SD2,fixed,0.02,v,7.214786247600191e-09,3.607374968184196e-09,1.0000072609449642,1.4429589703657264e-08,7.214803456057073e-09,3.607428487872877e-09
fig5,FD,fixed,0.01,u,3.1987843623904055e-10,1.5993999527563751e-10,0.999992989858488,6.397589472073584e-10,3.198805109683178e-10,1.599405156926803e-10
fig5,FD,fixed,0.01,v,1.6592278245797232e-09,8.296203307667227e-10,0.999988838339401,3.3184725384272085e-09,1.6592447138474853e-09,8.296243830807626e-10
fig5,FD,fixed,0.02,u,6.402377517034097e-10,3.201204024083637e-10,0.9999931202105333,1.2804795591903062e-09,6.402418074868965e-10,3.201214050785328e-10
fig5,FD,fixed,0.02,v,3.3216914635536554e-09,1.6608580344357193e-09,0.9999893133245937,6.6434157341976885e-09,3.321724270644033e-09,1.6608662362083138e-09
fig5,SD,moving,0.01,u,3.0350418012137226e-10,1.5175254108878988e-10,0.9999957121180911,6.070101192523492e-10,3.035059391309769e-10,1.5175339804218702e-10
fig5,SD,moving,0.01,v,1.5976654166305337e-09,7.988391614865975e-10,0.9999883455940449,3.195347389461922e-09,1.5976819728313885e-09,7.98842811344791e-10
fig5,SD,moving,0.02,u,6.074537539646485e-10,3.0372832027225627e-10,0.9999931444253439,1.2149110120707185e-09,6.0745725810607e-10,3.037289378338137e-10
fig5,SD,moving,0.02,v,3.1983342918540103e-09,1.599176180366868e-09,0.9999918495669428,6.396699239741288e-09,3.1983649478872778e-09,1.5991887675204097e-09
fig5,SD2,moving,0.01,u,4.826845902139443e-10,2.413454609773158e-10,0.999981075196595,9.65376299733034e-10,4.826917095190897e-10,2.413462485417739e-10
fig5,SD2,moving,0.01,v,3.4554887215487717e-09,1.7277473687848932e-09,0.9999974882637948,6.910977304319665e-09,3.4554885827708937e-09,1.7277412139860004e-09
fig5,SD2,moving,0.02,u,9.660684023582444e-10,4.830374815412153e-10,0.9999902024617663,1.9321459987509115e-09,9.660775963926671e-10,4.830401148514518e-10
fig5,SD2,moving,0.02,v,6.910526526016092e-09,3.455276044450617e-09,0.999994663303979,1.3821034892946837e-08,6.9105083669307454e-09,3.4552323224801285e-09
fig5,FD,moving,0.01,u,3.080871946448127e-10,1.5404447162303825e-10,0.9999918117622004,6.161762385048508e-10,3.080890438600381e-10,1.5404457223699985e-10
fig5,FD,moving,0.01,v,1.5938860231656804e-09,7.969489373982341e-10,0.9999892726172718,3.1877875755759177e-09,1.5939015524102373e-09,7.969526150120032e-10
fig5,FD,moving,0.02,u,6.166438228094595e-10,3.0832321071261326e-10,0.9999939203117875,1.2332910144519094e-09,6.166471916424499e-10,3.083239809298366e-10
fig5,FD,moving,0.02,v,3.1908223008247916e-09,1.5954226689762763e-09,0.9999895840548714,6.381674813593641e-09,3.190852512768849e-09,1.595429843792573e-09
