case,model,mesh,nx,dt,t,u_error,v_error,status,reached,moved_steps
fig1a,structure,fixed,32,0.0005,0.0,0.8293585461104269,0.6814394166387769,completed,1.0,0
fig1a,structure,fixed,32,0.0005,0.005,0.830291893430426,0.6815342517471459,completed,1.0,0
fig1a,structure,fixed,32,0.0005,0.01,0.8320612718425315,0.6818609872773667,completed,1.0,0
fig1a,structure,fixed,32,0.0005,0.02,0.835286504521983,0.6832506388435675,completed,1.0,0
fig1a,structure,fixed,32,0.0005,0.05,0.8458839671653113,0.6931613607461755,completed,1.0,0
fig1a,structure,fixed,32,0.0005,0.1,0.8719628705966609,0.7294958590107108,completed,1.0,0
fig1a,structure,fixed,32,0.0005,0.25,1.0408688383824032,0.9880382291983643,completed,1.0,0
fig1a,structure,fixed,32,0.0005,0.5,1.5961098845068915,1.9094519803093846,completed,1.0,0
fig1a,structure,fixed,32,0.0005,0.75,1.7610277770476752,3.6292201421229064,completed,1.0,0
fig1a,structure,fixed,32,0.0005,1.0,1.8476252698306965,4.628872400193249,completed,1.0,0
fig1a,structure,fixed,64,0.0005,0.0,0.12882553322596224,0.06445110050685021,stopped,0.8055,0
fig1a,structure,fixed,64,0.0005,0.005,0.1345412184579884,0.06467370837726283,stopped,0.8055,0
fig1a,structure,fixed,64,0.0005,0.01,0.14138938412039015,0.06509343411408364,stopped,0.8055,0
fig1a,structure,fixed,64,0.0005,0.02,0.15710810365256855,0.06701788690883559,stopped,0.8055,0
fig1a,structure,fixed,64,0.0005,0.05,0.2153496723611119,0.07606436127050364,stopped,0.8055,0
fig1a,structure,fixed,64,0.0005,0.1,0.3253903941174472,0.14645991107061285,stopped,0.8055,0
fig1a,structure,fixed,64,0.0005,0.25,0.6830166800631428,0.6328962000354861,stopped,0.8055,0
fig1a,structure,fixed,64,0.0005,0.5,2.360935151311712,2.590717371149891,stopped,0.8055,0
fig1a,structure,fixed,64,0.0005,0.75,10.148112130603137,13.191540124266034,stopped,0.8055,0
fig1a,structure,fixed,64,0.0005,0.8055,16.053951706220996,26.158069104838294,stopped,0.8055,0
fig1a,structure,fixed,128,0.0005,0.0,0.005700241777929271,0.0024855577354871983,stopped,0.358,0
fig1a,structure,fixed,128,0.0005,0.005,0.0071635272718386656,0.004651250128081319,stopped,0.358,0
fig1a,structure,fixed,128,0.0005,0.01,0.00900683686891024,0.006947811854659758,stopped,0.358,0
fig1a,structure,fixed,128,0.0005,0.02,0.0143971772998428,0.012073880244550805,stopped,0.358,0
fig1a,structure,fixed,128,0.0005,0.05,0.0339038061640049,0.03036851174903954,stopped,0.358,0
fig1a,structure,fixed,128,0.0005,0.1,0.08305819295344885,0.0818763423084703,stopped,0.358,0
fig1a,structure,fixed,128,0.0005,0.25,2.6864684383208495,3.229879415774436,stopped,0.358,0
fig1a,structure,fixed,128,0.0005,0.358,34.74975059839685,88.4887969327398,stopped,0.358,0
fig1a,structure,fixed,256,0.000125,0.0,0.00022281626407538724,9.611740328296925e-05,stopped,0.1555,0
fig1a,structure,fixed,256,0.000125,0.005,0.0002864388225602976,0.0005329917562999498,stopped,0.1555,0
fig1a,structure,fixed,256,0.000125,0.01,0.0005424866284184926,0.0009939744426876729,stopped,0.1555,0
fig1a,structure,fixed,256,0.000125,0.02,0.0012517326131622486,0.002051672802103166,stopped,0.1555,0
fig1a,structure,fixed,256,0.000125,0.05,0.007458853020140044,0.010112759345666689,stopped,0.1555,0
fig1a,structure,fixed,256,0.000125,0.1,0.475912860738289,0.3554598000406781,stopped,0.1555,0
fig1a,structure,fixed,256,0.000125,0.1555,95.24073364088103,139.23308793685155,stopped,0.1555,0
fig1a,structure,moving,32,0.0005,0.0,0.48003422482044056,0.3965806930981708,completed,1.0,2000
fig1a,structure,moving,32,0.0005,0.005,0.48370428096647133,0.4000219408188217,completed,1.0,2000
fig1a,structure,moving,32,0.0005,0.01,0.4873429995608465,0.4037045938774534,completed,1.0,2000
fig1a,structure,moving,32,0.0005,0.02,0.49529285299957504,0.41178637799608164,completed,1.0,2000
fig1a,structure,moving,32,0.0005,0.05,0.5170195309253716,0.44183585129061553,completed,1.0,2000
fig1a,structure,moving,32,0.0005,0.1,0.5498638821880399,0.5114049717707813,completed,1.0,2000
fig1a,structure,moving,32,0.0005,0.25,0.7469426528839693,0.8653462786409325,completed,1.0,2000
fig1a,structure,moving,32,0.0005,0.5,1.368177768828439,1.7718408584447234,completed,1.0,2000
fig1a,structure,moving,32,0.0005,0.75,2.12965247104698,3.613750719845287,completed,1.0,2000
fig1a,structure,moving,32,0.0005,1.0,3.106800461073214,7.766827823885264,completed,1.0,2000
fig1a,structure,moving,64,0.0005,0.0,0.04329840203393043,0.02887960823304403,stopped,0.5705,1141
fig1a,structure,moving,64,0.0005,0.005,0.047240568562915586,0.028966619460421783,stopped,0.5705,1141
fig1a,structure,moving,64,0.0005,0.01,0.051099639587797174,0.028965550709498133,stopped,0.5705,1141
fig1a,structure,moving,64,0.0005,0.02,0.05856187064307394,0.0287061607049357,stopped,0.5705,1141
fig1a,structure,moving,64,0.0005,0.05,0.09187002512945375,0.04658873392455154,stopped,0.5705,1141
fig1a,structure,moving,64,0.0005,0.1,0.15427532682792755,0.10447785950266952,stopped,0.5705,1141
fig1a,structure,moving,64,0.0005,0.25,0.5445019614331834,0.5147662362198329,stopped,0.5705,1141
fig1a,structure,moving,64,0.0005,0.5,9.224246405774212,10.199271427694951,stopped,0.5705,1141
fig1a,structure,moving,64,0.0005,0.5705,223.84215745052657,693.8901629209361,stopped,0.5705,1141
fig1a,structure,moving,128,0.0005,0.0,0.001977042686723829,0.0017620350598059886,stopped,0.2565,513
fig1a,structure,moving,128,0.0005,0.005,0.003197255895165174,0.0027713045065680397,stopped,0.2565,513
fig1a,structure,moving,128,0.0005,0.01,0.0045115149970882396,0.004283674647129976,stopped,0.2565,513
fig1a,structure,moving,128,0.0005,0.02,0.007370963229126559,0.007190365990106917,stopped,0.2565,513
fig1a,structure,moving,128,0.0005,0.05,0.018945434501201452,0.016265998331425058,stopped,0.2565,513
fig1a,structure,moving,128,0.0005,0.1,0.06636318986859546,0.06574506156384752,stopped,0.2565,513
fig1a,structure,moving,128,0.0005,0.25,82.91781096186509,420.0269769517605,stopped,0.2565,513
fig1a,structure,moving,128,0.0005,0.2565,217.82262589216475,1393.2483346542547,stopped,0.2565,513
fig1a,structure,moving,256,0.000125,0.0,8.728605038088588e-05,7.684349022540893e-05,stopped,0.105,840
fig1a,structure,moving,256,0.000125,0.005,0.0001694585034996976,0.0003065260128645164,stopped,0.105,840
fig1a,structure,moving,256,0.000125,0.01,0.0003316297704403226,0.0005970487366759869,stopped,0.105,840
fig1a,structure,moving,256,0.000125,0.02,0.0007778478357653995,0.0013538239069648128,stopped,0.105,840
fig1a,structure,moving,256,0.000125,0.05,0.007036346451551712,0.014602760491062128,stopped,0.105,840
fig1a,structure,moving,256,0.000125,0.1,29.017509907126257,40.69524563942353,stopped,0.105,840
fig1a,structure,moving,256,0.000125,0.105,363.1954121194648,1266.042667838803,stopped,0.105,840
fig1a,fd,fixed,32,0.0005,0.0,0.8293585461104269,0.6814394166387769,completed,1.0,0
fig1a,fd,fixed,32,0.0005,0.005,0.8303011764652883,0.6815473693465861,completed,1.0,0
fig1a,fd,fixed,32,0.0005,0.01,0.8320797553083252,0.6818871540888931,completed,1.0,0
fig1a,fd,fixed,32,0.0005,0.02,0.8353227792370175,0.6833025663281955,completed,1.0,0
fig1a,fd,fixed,32,0.0005,0.05,0.8459863441417126,0.6932893608408834,completed,1.0,0
fig1a,fd,fixed,32,0.0005,0.1,0.8721850448487831,0.7297677880522877,completed,1.0,0
fig1a,fd,fixed,32,0.0005,0.25,1.0417400752588766,0.9867847558907703,completed,1.0,0
fig1a,fd,fixed,32,0.0005,0.5,1.5978808144021244,1.9127943077135026,completed,1.0,0
fig1a,fd,fixed,32,0.0005,0.75,1.7618427275256394,3.6361872622559286,completed,1.0,0
fig1a,fd,fixed,32,0.0005,1.0,1.8534802709733629,4.634954283176267,completed,1.0,0
fig1a,fd,fixed,64,0.0005,0.0,0.12882553322596224,0.06445110050685021,stopped,0.8075,0
fig1a,fd,fixed,64,0.0005,0.005,0.13458261543635142,0.06467314134222013,stopped,0.8075,0
fig1a,fd,fixed,64,0.0005,0.01,0.1414768750415436,0.06509018320928162,stopped,0.8075,0
fig1a,fd,fixed,64,0.0005,0.02,0.15729852715720938,0.0670130309304029,stopped,0.8075,0
fig1a,fd,fixed,64,0.0005,0.05,0.21591658081999654,0.07606600368026784,stopped,0.8075,0
fig1a,fd,fixed,64,0.0005,0.1,0.3266895810512258,0.1463634101843192,stopped,0.8075,0
fig1a,fd,fixed,64,0.0005,0.25,0.6869615931757962,0.6344073446194198,stopped,0.8075,0
fig1a,fd,fixed,64,0.0005,0.5,2.367601344482444,2.5962936085506927,stopped,0.8075,0
fig1a,fd,fixed,64,0.0005,0.75,10.09975786736404,13.262340605237648,stopped,0.8075,0
fig1a,fd,fixed,64,0.0005,0.8075,16.206484390199606,27.00223694878218,stopped,0.8075,0
fig1a,fd,fixed,128,0.0005,0.0,0.005700241777929271,0.0024855577354871983,stopped,0.36,0
fig1a,fd,fixed,128,0.0005,0.005,0.007226292786164823,0.0047278913790318455,stopped,0.36,0
fig1a,fd,fixed,128,0.0005,0.01,0.009278001609545505,0.007218617927470916,stopped,0.36,0
fig1a,fd,fixed,128,0.0005,0.02,0.014939710734917844,0.012296588728952784,stopped,0.36,0
fig1a,fd,fixed,128,0.0005,0.05,0.03522967325329951,0.030988452757087837,stopped,0.36,0
fig1a,fd,fixed,128,0.0005,0.1,0.08557508745683484,0.08381945933521018,stopped,0.36,0
fig1a,fd,fixed,128,0.0005,0.25,2.7003335307124594,3.2321847645031627,stopped,0.36,0
fig1a,fd,fixed,128,0.0005,0.36,35.160163368673125,98.48964138518443,stopped,0.36,0
fig1a,fd,fixed,256,0.000125,0.0,0.00022281626407538724,9.611740328341334e-05,stopped,0.1555,0
fig1a,fd,fixed,256,0.000125,0.005,0.00043896824653644195,0.0006187209820014417,stopped,0.1555,0
fig1a,fd,fixed,256,0.000125,0.01,0.000771642926272964,0.0011819604362610647,stopped,0.1555,0
fig1a,fd,fixed,256,0.000125,0.02,0.0017744383883553372,0.0025684163905448365,stopped,0.1555,0
fig1a,fd,fixed,256,0.000125,0.05,0.010255803432472899,0.012870515776120639,stopped,0.1555,0
fig1a,fd,fixed,256,0.000125,0.1,0.5462704625091768,0.4195103231851929,stopped,0.1555,0
fig1a,fd,fixed,256,0.000125,0.1555,86.53321312859475,109.41589692319214,stopped,0.1555,0
fig1a,fd,moving,32,0.0005,0.0,0.48003422482044056,0.3965806930981708,completed,1.0,2000
fig1a,fd,moving,32,0.0005,0.005,0.48369741830134405,0.40001698103942296,completed,1.0,2000
fig1a,fd,moving,32,0.0005,0.01,0.48732864455519387,0.4036946598337,completed,1.0,2000
fig1a,fd,moving,32,0.0005,0.02,0.4952639434939894,0.4117673753913532,completed,1.0,2000
fig1a,fd,moving,32,0.0005,0.05,0.5169438450086046,0.44179515316655227,completed,1.0,2000
fig1a,fd,moving,32,0.0005,0.1,0.5496936811766291,0.511343865654713,completed,1.0,2000
fig1a,fd,moving,32,0.0005,0.25,0.7478674978213324,0.8653757041204151,completed,1.0,2000
fig1a,fd,moving,32,0.0005,0.5,1.3704858887406695,1.7697909740415456,completed,1.0,2000
fig1a,fd,moving,32,0.0005,0.75,2.1326424232148415,3.631087085431971,completed,1.0,2000
fig1a,fd,moving,32,0.0005,1.0,3.123760574471246,7.84580724048635,completed,1.0,2000
fig1a,fd,moving,64,0.0005,0.0,0.04329840203393043,0.02887960823304403,stopped,0.5720000000000001,1144
fig1a,fd,moving,64,0.0005,0.005,0.04725559513218647,0.028931860681029486,stopped,0.5720000000000001,1144
fig1a,fd,moving,64,0.0005,0.01,0.0511276564750307,0.02889925106417357,stopped,0.5720000000000001,1144
fig1a,fd,moving,64,0.0005,0.02,0.05860988892285146,0.02858566956930031,stopped,0.5720000000000001,1144
fig1a,fd,moving,64,0.0005,0.05,0.09261113685654876,0.046842830677956915,stopped,0.5720000000000001,1144
fig1a,fd,moving,64,0.0005,0.1,0.15563019179231818,0.10500174519371808,stopped,0.5720000000000001,1144
fig1a,fd,moving,64,0.0005,0.25,0.5475524101761684,0.5171018609017712,stopped,0.5720000000000001,1144
fig1a,fd,moving,64,0.0005,0.5,9.117144741551828,10.052172436419259,stopped,0.5720000000000001,1144
fig1a,fd,moving,64,0.0005,0.5720000000000001,259.98961989623353,974.2348818422022,stopped,0.5720000000000001,1144
fig1a,fd,moving,128,0.0005,0.0,0.001977042686723829,0.0017620350598059886,stopped,0.246,492
fig1a,fd,moving,128,0.0005,0.005,0.0032874766187582782,0.002842902827775662,stopped,0.246,492
fig1a,fd,moving,128,0.0005,0.01,0.0046866617734036,0.004418412206564026,stopped,0.246,492
fig1a,fd,moving,128,0.0005,0.02,0.007727970019518748,0.007422534241825263,stopped,0.246,492
fig1a,fd,moving,128,0.0005,0.05,0.0206303660108631,0.017602389332185275,stopped,0.246,492
fig1a,fd,moving,128,0.0005,0.1,0.07165115221078366,0.07713920160133325,stopped,0.246,492
fig1a,fd,moving,128,0.0005,0.246,231.89614641043647,1027.04044334765,stopped,0.246,492
fig1a,fd,moving,256,0.000125,0.0,8.728605038088588e-05,7.684349022540893e-05,stopped,0.107,856
fig1a,fd,moving,256,0.000125,0.005,0.0002865417760811173,0.0004032358480576814,stopped,0.107,856
fig1a,fd,moving,256,0.000125,0.01,0.0005293081066495287,0.0007927185989302643,stopped,0.107,856
fig1a,fd,moving,256,0.000125,0.02,0.0011601751658065762,0.0017503547269008823,stopped,0.107,856
fig1a,fd,moving,256,0.000125,0.05,0.006123391990262572,0.011685605400157728,stopped,0.107,856
fig1a,fd,moving,256,0.000125,0.1,20.416238143031276,19.932180419896063,stopped,0.107,856
fig1a,fd,moving,256,0.000125,0.107,285.6595360106501,730.8227985032248,stopped,0.107,856
fig1b,structure,fixed,32,0.0005,0.0,0.005181353123836163,0.006070389056933689,completed,1.0,0
fig1b,structure,fixed,32,0.0005,0.005,0.004868628724317758,0.0061164713515124425,completed,1.0,0
fig1b,structure,fixed,32,0.0005,0.01,0.004706440515355459,0.006253549069583586,completed,1.0,0
fig1b,structure,fixed,32,0.0005,0.02,0.00740139053265354,0.00677484668307099,completed,1.0,0
fig1b,structure,fixed,32,0.0005,0.05,0.016088894350136718,0.010645023603389536,completed,1.0,0
fig1b,structure,fixed,32,0.0005,0.1,0.029084901953539133,0.018752140631979497,completed,1.0,0
fig1b,structure,fixed,32,0.0005,0.25,0.05199142024501324,0.03459059489783439,completed,1.0,0
fig1b,structure,fixed,32,0.0005,0.5,0.06578145338152036,0.07223360804931483,completed,1.0,0
fig1b,structure,fixed,32,0.0005,0.75,0.05119965965574336,0.10144458284344113,completed,1.0,0
fig1b,structure,fixed,32,0.0005,1.0,0.05981624470444331,0.12368945693229262,completed,1.0,0
fig1b,structure,fixed,64,0.0005,0.0,0.000185900380803794,0.00021056184455364724,completed,1.0,0
fig1b,structure,fixed,64,0.0005,0.005,0.00019637606127337337,0.00022188514612653254,completed,1.0,0
fig1b,structure,fixed,64,0.0005,0.01,0.00036997599933663583,0.000253381512528017,completed,1.0,0
fig1b,structure,fixed,64,0.0005,0.02,0.0007516304029697163,0.00036452420784588435,completed,1.0,0
fig1b,structure,fixed,64,0.0005,0.05,0.0018497554080614265,0.00077882472089158,completed,1.0,0
fig1b,structure,fixed,64,0.0005,0.1,0.0034393473100105543,0.001615254519756082,completed,1.0,0
fig1b,structure,fixed,64,0.0005,0.25,0.00643570979323721,0.005902555017610889,completed,1.0,0
fig1b,structure,fixed,64,0.0005,0.5,0.017624916952258627,0.021514299206294364,completed,1.0,0
fig1b,structure,fixed,64,0.0005,0.75,0.0860055865664961,0.11949140912971677,completed,1.0,0
fig1b,structure,fixed,64,0.0005,1.0,0.39999792722161054,0.6191606963169353,completed,1.0,0
fig1b,structure,fixed,128,0.0005,0.0,8.705046426693563e-06,1.0271063780542544e-05,stopped,0.8435,0
fig1b,structure,fixed,128,0.0005,0.005,1.542300091433857e-05,1.0617562713866047e-05,stopped,0.8435,0
fig1b,structure,fixed,128,0.0005,0.01,2.4407767667156133e-05,1.2506289234159862e-05,stopped,0.8435,0
fig1b,structure,fixed,128,0.0005,0.02,4.536734128873787e-05,2.2690526875424055e-05,stopped,0.8435,0
fig1b,structure,fixed,128,0.0005,0.05,0.00010306103888241269,5.9106296757927e-05,stopped,0.8435,0
fig1b,structure,fixed,128,0.0005,0.1,0.0001990637457835176,0.00013246867903127235,stopped,0.8435,0
fig1b,structure,fixed,128,0.0005,0.25,0.0007138456154934664,0.0006727901373158873,stopped,0.8435,0
fig1b,structure,fixed,128,0.0005,0.5,0.04161580804795309,0.05520588616226167,stopped,0.8435,0
fig1b,structure,fixed,128,0.0005,0.75,5.445257457193918,9.068991576993511,stopped,0.8435,0
fig1b,structure,fixed,128,0.0005,0.8435,36.07451348183884,65.46942401310847,stopped,0.8435,0
fig1b,structure,fixed,256,0.000125,0.0,5.060932537492846e-07,6.039533679280673e-07,stopped,0.291,0
fig1b,structure,fixed,256,0.000125,0.005,3.9214357028249935e-06,1.5638779705118289e-06,stopped,0.291,0
fig1b,structure,fixed,256,0.000125,0.01,7.835417345947171e-06,2.934949485333682e-06,stopped,0.291,0
fig1b,structure,fixed,256,0.000125,0.02,1.5605505228610816e-05,5.735134702089528e-06,stopped,0.291,0
fig1b,structure,fixed,256,0.000125,0.05,3.826011774774041e-05,1.4583777420695831e-05,stopped,0.291,0
fig1b,structure,fixed,256,0.000125,0.1,7.267901198207416e-05,3.091082431350145e-05,stopped,0.291,0
fig1b,structure,fixed,256,0.000125,0.25,0.0003064568023977629,0.0003047327686391682,stopped,0.291,0
fig1b,structure,fixed,256,0.000125,0.291,0.0027210031367903634,0.0038047398312498343,stopped,0.291,0
fig1b,structure,moving,32,0.0005,0.0,0.0034722706692763006,0.00400053090525615,completed,1.0,2000
fig1b,structure,moving,32,0.0005,0.005,0.003194815094934522,0.004057917606295924,completed,1.0,2000
fig1b,structure,moving,32,0.0005,0.01,0.0032327926639189597,0.004179238686317588,completed,1.0,2000
fig1b,structure,moving,32,0.0005,0.02,0.005161971390352904,0.0045955568497191845,completed,1.0,2000
fig1b,structure,moving,32,0.0005,0.05,0.011249389043433033,0.0070877489210083855,completed,1.0,2000
fig1b,structure,moving,32,0.0005,0.1,0.020667230464718245,0.01347842844181757,completed,1.0,2000
fig1b,structure,moving,32,0.0005,0.25,0.04025139829867125,0.02812891781250315,completed,1.0,2000
fig1b,structure,moving,32,0.0005,0.5,0.04893316326321273,0.06307622324827811,completed,1.0,2000
fig1b,structure,moving,32,0.0005,0.75,0.037082733172835836,0.08782495444434171,completed,1.0,2000
fig1b,structure,moving,32,0.0005,1.0,0.054251482181551035,0.10210350716511712,completed,1.0,2000
fig1b,structure,moving,64,0.0005,0.0,0.00012429555640347534,0.00014162252636051864,completed,1.0,2000
fig1b,structure,moving,64,0.0005,0.005,0.00013285180089700477,0.0001579501790711646,completed,1.0,2000
fig1b,structure,moving,64,0.0005,0.01,0.00022585934438107413,0.00017935805806146288,completed,1.0,2000
fig1b,structure,moving,64,0.0005,0.02,0.00041732066060712336,0.00026731797532042467,completed,1.0,2000
fig1b,structure,moving,64,0.0005,0.05,0.0010416607931194033,0.0005855865026247464,completed,1.0,2000
fig1b,structure,moving,64,0.0005,0.1,0.002030459106722282,0.0010846875811271195,completed,1.0,2000
fig1b,structure,moving,64,0.0005,0.25,0.004013291212861772,0.0037230629098362056,completed,1.0,2000
fig1b,structure,moving,64,0.0005,0.5,0.013367470674010526,0.017534388990617905,completed,1.0,2000
fig1b,structure,moving,64,0.0005,0.75,0.06694869499648048,0.09778011690831637,completed,1.0,2000
fig1b,structure,moving,64,0.0005,1.0,0.3086877569485587,0.5113163362435529,completed,1.0,2000
fig1b,structure,moving,128,0.0005,0.0,6.2331442327590025e-06,7.369807756452129e-06,stopped,0.8255,1651
fig1b,structure,moving,128,0.0005,0.005,9.420643319379973e-06,7.811754776265722e-06,stopped,0.8255,1651
fig1b,structure,moving,128,0.0005,0.01,1.4636778746024426e-05,1.1044404704341204e-05,stopped,0.8255,1651
fig1b,structure,moving,128,0.0005,0.02,2.630796888586362e-05,1.8919908135739405e-05,stopped,0.8255,1651
fig1b,structure,moving,128,0.0005,0.05,6.20255089383015e-05,4.7651342876320335e-05,stopped,0.8255,1651
fig1b,structure,moving,128,0.0005,0.1,0.0001306675370677246,0.0001050360910531678,stopped,0.8255,1651
fig1b,structure,moving,128,0.0005,0.25,0.0005089290780194641,0.0004934098406735241,stopped,0.8255,1651
fig1b,structure,moving,128,0.0005,0.5,0.04347950377548136,0.06116592056589529,stopped,0.8255,1651
fig1b,structure,moving,128,0.0005,0.75,7.6663396698534525,15.32534883003998,stopped,0.8255,1651
fig1b,structure,moving,128,0.0005,0.8255,10668.34198758893,69845.92411948797,stopped,0.8255,1651
fig1b,structure,moving,256,0.000125,0.0,3.700572819287373e-07,4.4182560759997713e-07,stopped,0.29025,2322
fig1b,structure,moving,256,0.000125,0.005,4.2306258868363145e-06,1.6171823370991767e-06,stopped,0.29025,2322
fig1b,structure,moving,256,0.000125,0.01,8.419412343585453e-06,3.123285500061801e-06,stopped,0.29025,2322
fig1b,structure,moving,256,0.000125,0.02,1.6757707870962424e-05,6.184132543940457e-06,stopped,0.29025,2322
fig1b,structure,moving,256,0.000125,0.05,4.105858591424427e-05,1.5617909968512755e-05,stopped,0.29025,2322
fig1b,structure,moving,256,0.000125,0.1,7.874278892772146e-05,3.241544429094523e-05,stopped,0.29025,2322
fig1b,structure,moving,256,0.000125,0.25,1.0310081523649919,1.5110453918027256,stopped,0.29025,2322
fig1b,structure,moving,256,0.000125,0.29025,204.80308445454315,1348.786206097055,stopped,0.29025,2322
fig1b,fd,fixed,32,0.0005,0.0,0.005181353123836163,0.0060703890569338,completed,1.0,0
fig1b,fd,fixed,32,0.0005,0.005,0.004867245729424874,0.006117559182666599,completed,1.0,0
fig1b,fd,fixed,32,0.0005,0.01,0.004700694065006061,0.006255774380647616,completed,1.0,0
fig1b,fd,fixed,32,0.0005,0.02,0.007420204286431253,0.006779430744611903,completed,1.0,0
fig1b,fd,fixed,32,0.0005,0.05,0.016136593280128175,0.010328864434020035,completed,1.0,0
fig1b,fd,fixed,32,0.0005,0.1,0.029179539421884004,0.017438651836609198,completed,1.0,0
fig1b,fd,fixed,32,0.0005,0.25,0.05222691820300185,0.03465207796134884,completed,1.0,0
fig1b,fd,fixed,32,0.0005,0.5,0.06618951498193165,0.07232322715792822,completed,1.0,0
fig1b,fd,fixed,32,0.0005,0.75,0.05160334047035098,0.10205293618501429,completed,1.0,0
fig1b,fd,fixed,32,0.0005,1.0,0.05990568040515162,0.12428324296170534,completed,1.0,0
fig1b,fd,fixed,64,0.0005,0.0,0.000185900380803794,0.00021056184455364724,completed,1.0,0
fig1b,fd,fixed,64,0.0005,0.005,0.00019863456897600829,0.00022242593517191045,completed,1.0,0
fig1b,fd,fixed,64,0.0005,0.01,0.0003813169119065152,0.00025447723985710935,completed,1.0,0
fig1b,fd,fixed,64,0.0005,0.02,0.000774528023784582,0.00035429051628382835,completed,1.0,0
fig1b,fd,fixed,64,0.0005,0.05,0.0019048971532747427,0.0007290341435387537,completed,1.0,0
fig1b,fd,fixed,64,0.0005,0.1,0.003547159735011851,0.0016148437877258615,completed,1.0,0
fig1b,fd,fixed,64,0.0005,0.25,0.00664590637645629,0.0059115479002220805,completed,1.0,0
fig1b,fd,fixed,64,0.0005,0.5,0.017772094508296282,0.021518130105286463,completed,1.0,0
fig1b,fd,fixed,64,0.0005,0.75,0.08533097124727326,0.11865748341884637,completed,1.0,0
fig1b,fd,fixed,64,0.0005,1.0,0.3913269574289634,0.6103267564823934,completed,1.0,0
fig1b,fd,fixed,128,0.0005,0.0,8.705046426693563e-06,1.0271063780542544e-05,stopped,0.846,0
fig1b,fd,fixed,128,0.0005,0.005,1.611451570698863e-05,1.0890203042290825e-05,stopped,0.846,0
fig1b,fd,fixed,128,0.0005,0.01,3.134205460525452e-05,1.2370875552447647e-05,stopped,0.846,0
fig1b,fd,fixed,128,0.0005,0.02,6.146330459683158e-05,1.8983785576465184e-05,stopped,0.846,0
fig1b,fd,fixed,128,0.0005,0.05,0.0001510561709328062,4.76847251709156e-05,stopped,0.846,0
fig1b,fd,fixed,128,0.0005,0.1,0.0002818145876226086,0.00010800991324355635,stopped,0.846,0
fig1b,fd,fixed,128,0.0005,0.25,0.0008060353484146757,0.0007854533078445469,stopped,0.846,0
fig1b,fd,fixed,128,0.0005,0.5,0.040567254066672456,0.05354321555653675,stopped,0.846,0
fig1b,fd,fixed,128,0.0005,0.75,5.154757907863218,8.777724713503527,stopped,0.846,0
fig1b,fd,fixed,128,0.0005,0.846,35.730835594345415,64.90811338336988,stopped,0.846,0
fig1b,fd,fixed,256,0.000125,0.0,5.060932537492846e-07,6.039533679280673e-07,stopped,0.295125,0
fig1b,fd,fixed,256,0.000125,0.005,2.25256100705451e-06,9.68075123508605e-07,stopped,0.295125,0
fig1b,fd,fixed,256,0.000125,0.01,4.486662027458621e-06,1.540057544158202e-06,stopped,0.295125,0
fig1b,fd,fixed,256,0.000125,0.02,8.875818184761464e-06,2.8401377009101836e-06,stopped,0.295125,0
fig1b,fd,fixed,256,0.000125,0.05,2.195279606542755e-05,7.720569980218528e-06,stopped,0.295125,0
fig1b,fd,fixed,256,0.000125,0.1,4.157139723398595e-05,1.8934357960131987e-05,stopped,0.295125,0
fig1b,fd,fixed,256,0.000125,0.25,0.00031005807208157876,0.0002849183821467538,stopped,0.295125,0
fig1b,fd,fixed,256,0.000125,0.295125,0.0029215036844557687,0.003829117306209079,stopped,0.295125,0
fig1b,fd,moving,32,0.0005,0.0,0.0034722706692763006,0.00400053090525615,completed,1.0,2000
fig1b,fd,moving,32,0.0005,0.005,0.0031915640446526505,0.004058977362029648,completed,1.0,2000
fig1b,fd,moving,32,0.0005,0.01,0.003226595365211471,0.004181400664196422,completed,1.0,2000
fig1b,fd,moving,32,0.0005,0.02,0.0051818517072652615,0.004600044325377861,completed,1.0,2000
fig1b,fd,moving,32,0.0005,0.05,0.011299709604266572,0.007083159035696396,completed,1.0,2000
fig1b,fd,moving,32,0.0005,0.1,0.020768060951629475,0.012092627188602378,completed,1.0,2000
fig1b,fd,moving,32,0.0005,0.25,0.04049817399624139,0.028198584147522188,completed,1.0,2000
fig1b,fd,moving,32,0.0005,0.5,0.04936922133503002,0.06319947679341165,completed,1.0,2000
fig1b,fd,moving,32,0.0005,0.75,0.03748030397635277,0.08847633127916293,completed,1.0,2000
fig1b,fd,moving,32,0.0005,1.0,0.05474196531052037,0.10273969431270046,completed,1.0,2000
fig1b,fd,moving,64,0.0005,0.0,0.00012429555640347534,0.00014162252636051864,completed,1.0,2000
fig1b,fd,moving,64,0.0005,0.005,0.00013796112233643854,0.00015846112411693758,completed,1.0,2000
fig1b,fd,moving,64,0.0005,0.01,0.00023577061498530894,0.0001839094500242222,completed,1.0,2000
fig1b,fd,moving,64,0.0005,0.02,0.00043628821934726947,0.0002638408181316887,completed,1.0,2000
fig1b,fd,moving,64,0.0005,0.05,0.0010975606104146607,0.000584115360590387,completed,1.0,2000
fig1b,fd,moving,64,0.0005,0.1,0.0021278440196029758,0.0010662459326873375,completed,1.0,2000
fig1b,fd,moving,64,0.0005,0.25,0.0040955036637138065,0.0038345767861126256,completed,1.0,2000
fig1b,fd,moving,64,0.0005,0.5,0.013585639060407231,0.017631702411639708,completed,1.0,2000
fig1b,fd,moving,64,0.0005,0.75,0.06670157649444186,0.09740256029444508,completed,1.0,2000
fig1b,fd,moving,64,0.0005,1.0,0.30428946752345476,0.5049716827780704,completed,1.0,2000
fig1b,fd,moving,128,0.0005,0.0,6.2331442327590025e-06,7.369807756452129e-06,stopped,0.8195,1639
fig1b,fd,moving,128,0.0005,0.005,9.640602787353014e-06,8.364810048955285e-06,stopped,0.8195,1639
fig1b,fd,moving,128,0.0005,0.01,1.8077085449597075e-05,9.586703052844037e-06,stopped,0.8195,1639
fig1b,fd,moving,128,0.0005,0.02,3.5580596501438855e-05,1.6220164661295833e-05,stopped,0.8195,1639
fig1b,fd,moving,128,0.0005,0.05,8.882601021453773e-05,3.8673780072329134e-05,stopped,0.8195,1639
fig1b,fd,moving,128,0.0005,0.1,0.00016849110080952023,8.6368608457843e-05,stopped,0.8195,1639
fig1b,fd,moving,128,0.0005,0.25,0.0006740017733018258,0.0006094133791608031,stopped,0.8195,1639
fig1b,fd,moving,128,0.0005,0.5,0.04708650667868871,0.06731805932718037,stopped,0.8195,1639
fig1b,fd,moving,128,0.0005,0.75,8.232873322469565,17.028334535482983,stopped,0.8195,1639
fig1b,fd,moving,128,0.0005,0.8195,76.47409259300112,508.9579115234596,stopped,0.8195,1639
fig1b,fd,moving,256,0.000125,0.0,3.700572819287373e-07,4.4182560759997713e-07,stopped,0.29,2320
fig1b,fd,moving,256,0.000125,0.005,1.7935944541247473e-06,9.839081865914423e-07,stopped,0.29,2320
fig1b,fd,moving,256,0.000125,0.01,3.5798066960190944e-06,1.6975358675397345e-06,stopped,0.29,2320
fig1b,fd,moving,256,0.000125,0.02,7.189542014784944e-06,3.2491284371882756e-06,stopped,0.29,2320
fig1b,fd,moving,256,0.000125,0.05,1.7877790338294286e-05,8.581670558394094e-06,stopped,0.29,2320
fig1b,fd,moving,256,0.000125,0.1,3.486330468721599e-05,1.9984002563921965e-05,stopped,0.29,2320
fig1b,fd,moving,256,0.000125,0.25,0.989690828456744,1.4492840642761227,stopped,0.29,2320
fig1b,fd,moving,256,0.000125,0.29,204.7697977568009,903.4918709002955,stopped,0.29,2320
