case,mesh,variant,t,field,error,base_error,field_difference,initial_peak,relative_field_difference,pass_old_threshold
fig1a,fixed,time_half,0.005,u,0.004171435952505798,0.004171435952518232,1.678821791801515e-13,1.9999994279910225,8.394111359761103e-14,True
fig1a,fixed,time_half,0.005,v,0.010361129519460555,0.010361129519489864,1.901913761266855e-12,1.999999570993226,9.509570846169431e-13,True
fig1a,fixed,time_half,0.01,u,0.005829839536268144,0.0058298395362639255,3.3590471447937505e-13,1.9999994279910225,1.6795240527482934e-13,True
fig1a,fixed,time_half,0.01,v,0.010147992944007367,0.01014799294408375,4.262490751523219e-12,1.999999570993226,2.131245832921059e-12,True
fig1a,fixed,time_half,0.02,u,0.010076674169627653,0.01007667416942093,7.136346554163826e-13,1.9999994279910225,3.5681742975957787e-13,True
fig1a,fixed,time_half,0.02,v,0.010617028683111984,0.010617028683038487,6.908135198008367e-12,1.999999570993226,3.4540683399135417e-12,True
fig1a,fixed,x_half,0.005,u,0.00032695546812600007,0.004171435952518232,0.003933734143669598,1.9999994279910225,0.001966867634367771,False
fig1a,fixed,x_half,0.005,v,0.0007140321475604949,0.010361129519489864,0.009649063628759613,1.999999570993226,0.004824532849258443,False
fig1a,fixed,x_half,0.01,u,0.0005201801622163327,0.0058298395362639255,0.005475795059971755,1.9999994279910225,0.002737898313037085,False
fig1a,fixed,x_half,0.01,v,0.0007549050432229532,0.01014799294408375,0.009423354387645855,1.999999570993226,0.004711678204493861,False
fig1a,fixed,x_half,0.02,u,0.0011301719559677625,0.01007667416942093,0.009341740589186909,1.9999994279910225,0.004670871630483707,False
fig1a,fixed,x_half,0.02,v,0.0014888331613571726,0.010617028683038487,0.009966006242200898,1.999999570993226,0.004983004189971725,False
fig1a,fixed,y_half,0.005,u,0.004196748802385297,0.004171435952518232,0.00012365808174430448,1.9999994279910225,6.182905855554052e-05,True
fig1a,fixed,y_half,0.005,v,0.02086033370029039,0.010361129519489864,0.004470797467637677,1.999999570993226,0.002235399213319541,False
fig1a,fixed,y_half,0.01,u,0.005854823127131592,0.0058298395362639255,0.0002506630517893349,1.9999994279910225,0.0001253315617400567,True
fig1a,fixed,y_half,0.01,v,0.020624173848328597,0.01014799294408375,0.004783999846831755,1.999999570993226,0.0023920004365080728,False
fig1a,fixed,y_half,0.02,u,0.010086973584514825,0.01007667416942093,0.0005229256896648327,1.9999994279910225,0.000261462919611985,True
fig1a,fixed,y_half,0.02,v,0.019681866409545057,0.010617028683038487,0.005998552891880227,1.999999570993226,0.002999277089295208,False
fig1a,fixed,domain_double,0.005,u,0.004171435952518232,0.004171435952518232,0.0,1.9999994279910225,0.0,True
fig1a,fixed,domain_double,0.005,v,0.010361129519489864,0.010361129519489864,0.0,1.999999570993226,0.0,True
fig1a,fixed,domain_double,0.01,u,0.0058298395362639255,0.0058298395362639255,0.0,1.9999994279910225,0.0,True
fig1a,fixed,domain_double,0.01,v,0.01014799294408375,0.01014799294408375,0.0,1.999999570993226,0.0,True
fig1a,fixed,domain_double,0.02,u,0.01007667416942093,0.01007667416942093,0.0,1.9999994279910225,0.0,True
fig1a,fixed,domain_double,0.02,v,0.010617028683038487,0.010617028683038487,0.0,1.999999570993226,0.0,True
fig1a,fixed,xy_half,0.005,u,0.0003034971602411396,0.004171435952518232,0.003891480258756408,1.9999994279910225,0.0019457406858687742,False
fig1a,fixed,xy_half,0.005,v,0.0014179026560598995,0.010361129519489864,0.009890559257035081,1.999999570993226,0.004945280689296999,False
fig1a,fixed,xy_half,0.01,u,0.0004579929981198827,0.0058298395362639255,0.005414840234636564,1.9999994279910225,0.00270742089165281,False
fig1a,fixed,xy_half,0.01,v,0.001402711760444486,0.01014799294408375,0.009653773933344212,1.999999570993226,0.0048268880020559315,False
fig1a,fixed,xy_half,0.02,u,0.000972077285292805,0.01007667416942093,0.009280013012978428,1.9999994279910225,0.004640007833552282,False
fig1a,fixed,xy_half,0.02,v,0.0014020314632001707,0.010617028683038487,0.010003271513984169,1.999999570993226,0.005001636829860125,False
fig1a,moving,time_half,0.005,u,0.0013281563066602775,0.0013281563066518398,1.7461608024776393e-13,1.9999994279910225,8.730806509438049e-14,True
fig1a,moving,time_half,0.005,v,0.0024638330977124756,0.0024638330976878287,4.308124134353963e-12,1.999999570993226,2.15406252923069e-12,True
fig1a,moving,time_half,0.01,u,0.001538632971079812,0.001538632971030296,3.4275233027218473e-13,1.9999994279910225,1.7137621415045888e-13,True
fig1a,moving,time_half,0.01,v,0.002278968551318483,0.002278968551352012,7.668543414432186e-12,1.999999570993226,3.8342725296805375e-12,True
fig1a,moving,time_half,0.02,u,0.0023935928868525913,0.0023935928867984124,2.289946010591848e-12,1.9999994279910225,1.1449733327634366e-12,True
fig1a,moving,time_half,0.02,v,0.0038344359243824844,0.003834435925450297,1.5651746742601504e-11,1.999999570993226,7.825875049977457e-12,True
fig1a,moving,x_half,0.005,u,0.00014630353256817052,0.0013281563066518398,0.001373938929211116,1.9999994279910225,0.0006869696610819647,True
fig1a,moving,x_half,0.005,v,0.00015242120150338323,0.0024638330976878287,0.002363154586115135,1.999999570993226,0.0011815775465099532,False
fig1a,moving,x_half,0.01,u,0.0003212985553724401,0.001538632971030296,0.0017354110594440808,1.9999994279910225,0.0008677057778897878,True
fig1a,moving,x_half,0.01,v,0.00026385387707472674,0.002278968551352012,0.002193091125479496,1.999999570993226,0.0010965457979525356,False
fig1a,moving,x_half,0.02,u,0.006181649566923797,0.0023935928867984124,0.006890284456714024,1.9999994279910225,0.0034451432136834354,False
fig1a,moving,x_half,0.02,v,0.007142772745118098,0.003834435925450297,0.00690595721124776,1.999999570993226,0.003452979346299645,False
fig1a,moving,y_half,0.005,u,0.001455230526180351,0.0013281563066518398,0.00013504572234945833,1.9999994279910225,6.752288048657607e-05,True
fig1a,moving,y_half,0.005,v,0.0055630681796849935,0.0024638330976878287,0.0014455438489520134,1.999999570993226,0.0007227720795130658,True
fig1a,moving,y_half,0.01,u,0.001821609582179251,0.001538632971030296,0.00026934681121471016,1.9999994279910225,0.0001346734441245646,True
fig1a,moving,y_half,0.01,v,0.005344282814238044,0.002278968551352012,0.0015932237791840276,1.999999570993226,0.0007966120604679989,True
fig1a,moving,y_half,0.02,u,0.0029109062914312034,0.0023935928867984124,0.0005363633936963375,1.9999994279910225,0.00026818177354935975,True
fig1a,moving,y_half,0.02,v,0.004561614247363455,0.003834435925450297,0.0020978692196820248,1.999999570993226,0.0010489348348410872,False
fig1a,moving,domain_double,0.005,u,0.0012871934534017804,0.0013281563066518398,7.50432143257207e-05,1.9999994279910225,3.752161789421149e-05,True
fig1a,moving,domain_double,0.005,v,0.0023750328769014395,0.0024638330976878287,8.915855638669257e-05,1.999999570993226,4.45792877557545e-05,True
fig1a,moving,domain_double,0.01,u,0.0015013449839909043,0.001538632971030296,8.302868171905509e-05,1.9999994279910225,4.151435273281877e-05,True
fig1a,moving,domain_double,0.01,v,0.002202925205986528,0.002278968551352012,8.472373017465173e-05,1.999999570993226,4.236187417409136e-05,True
fig1a,moving,domain_double,0.02,u,0.0022950237216483593,0.0023935928867984124,0.00010558382374181718,1.9999994279910225,5.279192696963667e-05,True
fig1a,moving,domain_double,0.02,v,0.003727725186697839,0.003834435925450297,0.0001080498131398322,1.999999570993226,5.4024918158444026e-05,True
fig1a,moving,xy_half,0.005,u,7.46653221188609e-05,0.0013281563066518398,0.0012600401546594142,1.9999994279910225,0.0006300202575183287,True
fig1a,moving,xy_half,0.005,v,0.0003472659804331091,0.0024638330976878287,0.0024011324257486866,1.999999570993226,0.0012005664703999175,False
fig1a,moving,xy_half,0.01,u,9.897305627548647e-05,0.001538632971030296,0.001486957876416506,1.9999994279910225,0.0007434791508466274,True
fig1a,moving,xy_half,0.01,v,0.00031468884215835047,0.002278968551352012,0.00219233621699666,1.999999570993226,0.0010961683436301523,False
fig1a,moving,xy_half,0.02,u,0.007532632669911221,0.0023935928867984124,0.008064141793169943,1.9999994279910225,0.004032072049775677,False
fig1a,moving,xy_half,0.02,v,0.007713336393543102,0.003834435925450297,0.008136735439698617,1.999999570993226,0.004068368592528152,False
fig1b,fixed,time_half,0.005,u,9.631406015953026e-06,9.63140602100454e-06,3.200217868482014e-14,0.34314574178929214,9.326118551828338e-14,True
fig1b,fixed,time_half,0.005,v,2.6258472324736104e-05,2.6258472340057182e-05,4.3129085372517473e-13,0.48528136265690747,8.88743905935032e-13,True
fig1b,fixed,time_half,0.01,u,1.2353841149836953e-05,1.2353841161494294e-05,6.336847279547753e-14,0.34314574178929214,1.8466926753935589e-13,True
fig1b,fixed,time_half,0.01,v,2.632181045714166e-05,2.6321810483842523e-05,1.0779516385409083e-12,0.48528136265690747,2.2212920616591185e-12,True
fig1b,fixed,time_half,0.02,u,1.7898260431747914e-05,1.7898260469273453e-05,1.2841519568627252e-13,0.34314574178929214,3.7422931439180025e-13,True
fig1b,fixed,time_half,0.02,v,2.6518541820397257e-05,2.6518541901388026e-05,2.1114060478298613e-12,0.48528136265690747,4.3508904530558274e-12,True
fig1b,fixed,x_half,0.005,u,4.443551757771225e-06,9.63140602100454e-06,6.8742231478791105e-06,0.34314574178929214,2.0032954837307034e-05,True
fig1b,fixed,x_half,0.005,v,2.2269575498112815e-06,2.6258472340057182e-05,2.427207424959832e-05,0.48528136265690747,5.001649788631715e-05,True
fig1b,fixed,x_half,0.01,u,9.064365443400835e-06,1.2353841161494294e-05,7.2027748900249655e-06,0.34314574178929214,2.09904248045363e-05,True
fig1b,fixed,x_half,0.01,v,3.5850887568078527e-06,2.6321810483842523e-05,2.40971078893093e-05,0.48528136265690747,4.965595166766354e-05,True
fig1b,fixed,x_half,0.02,u,1.823208126000564e-05,1.7898260469273453e-05,8.03403162219496e-06,0.34314574178929214,2.3412884508787633e-05,True
fig1b,fixed,x_half,0.02,v,6.87648765201887e-06,2.6518541901388026e-05,2.3509176118707842e-05,0.48528136265690747,4.844442405534696e-05,True
fig1b,fixed,y_half,0.005,u,7.893739629838414e-06,9.63140602100454e-06,3.518998133722473e-06,0.34314574178929214,1.0255112347811985e-05,True
fig1b,fixed,y_half,0.005,v,5.196054446754417e-05,2.6258472340057182e-05,1.0788728336652564e-05,0.48528136265690747,2.223190331807604e-05,True
fig1b,fixed,y_half,0.01,u,8.795489497281928e-06,1.2353841161494294e-05,7.0214741571539285e-06,0.34314574178929214,2.046207573651154e-05,True
fig1b,fixed,y_half,0.01,v,5.193856113683282e-05,2.6321810483842523e-05,1.090368023537458e-05,0.48528136265690747,2.2468780123096238e-05,True
fig1b,fixed,y_half,0.02,u,1.0779780290515184e-05,1.7898260469273453e-05,1.3967466698405762e-05,0.34314574178929214,4.070418191866258e-05,True
fig1b,fixed,y_half,0.02,v,5.171963298672422e-05,2.6518541901388026e-05,1.1298134494852619e-05,0.48528136265690747,2.328161632459058e-05,True
fig1b,fixed,domain_double,0.005,u,9.63140602100454e-06,9.63140602100454e-06,0.0,0.34314574178929214,0.0,True
fig1b,fixed,domain_double,0.005,v,2.6258472340057182e-05,2.6258472340057182e-05,0.0,0.48528136265690747,0.0,True
fig1b,fixed,domain_double,0.01,u,1.2353841161494294e-05,1.2353841161494294e-05,0.0,0.34314574178929214,0.0,True
fig1b,fixed,domain_double,0.01,v,2.6321810483842523e-05,2.6321810483842523e-05,0.0,0.48528136265690747,0.0,True
fig1b,fixed,domain_double,0.02,u,1.7898260469273453e-05,1.7898260469273453e-05,0.0,0.34314574178929214,0.0,True
fig1b,fixed,domain_double,0.02,v,2.6518541901388026e-05,2.6518541901388026e-05,0.0,0.48528136265690747,0.0,True
fig1b,fixed,xy_half,0.005,u,1.1169590791171302e-06,9.63140602100454e-06,8.619762816131082e-06,0.34314574178929214,2.511983034142976e-05,True
fig1b,fixed,xy_half,0.005,v,3.3513589638434205e-06,2.6258472340057182e-05,2.506310613803464e-05,0.48528136265690747,5.1646545832328175e-05,True
fig1b,fixed,xy_half,0.01,u,2.075138429480372e-06,1.2353841161494294e-05,1.070478178266665e-05,0.34314574178929214,3.119602104589104e-05,True
fig1b,fixed,xy_half,0.01,v,3.4221994330563277e-06,2.6321810483842523e-05,2.4988671227077486e-05,0.48528136265690747,5.1493160772268115e-05,True
fig1b,fixed,xy_half,0.02,u,4.319538323027672e-06,1.7898260469273453e-05,1.4878908120463663e-05,0.34314574178929214,4.336031693961694e-05,True
fig1b,fixed,xy_half,0.02,v,3.6294593167562894e-06,2.6518541901388026e-05,2.470868053272568e-05,0.48528136265690747,5.091619508617859e-05,True
fig1b,moving,time_half,0.005,u,6.417167890571118e-06,6.417167876415775e-06,3.2734286201790974e-14,0.34314574178929214,9.539470322756151e-14,True
fig1b,moving,time_half,0.005,v,1.64337144393234e-05,1.6433714418839784e-05,3.3968661217187446e-13,0.48528136265690747,6.999786892950017e-13,True
fig1b,moving,time_half,0.01,u,8.794132657086173e-06,8.794132656142484e-06,5.831446436843635e-14,0.34314574178929214,1.6994080726271758e-13,True
fig1b,moving,time_half,0.01,v,1.6150590413821497e-05,1.6150590354480077e-05,7.438771820744705e-13,0.48528136265690747,1.5328781183801398e-12,True
fig1b,moving,time_half,0.02,u,1.5532896201153612e-05,1.553289618072551e-05,1.335025839876991e-13,0.34314574178929214,3.890550507535543e-13,True
fig1b,moving,time_half,0.02,v,1.6040851412824075e-05,1.604085137257849e-05,1.9031443088124433e-12,0.48528136265690747,3.921733771914832e-12,True
fig1b,moving,x_half,0.005,u,4.574221533160117e-06,6.417167876415775e-06,4.3588308922259955e-06,0.34314574178929214,1.2702564424950742e-05,True
fig1b,moving,x_half,0.005,v,1.8298033354624543e-06,1.6433714418839784e-05,1.5515628799533943e-05,0.48528136265690747,3.1972439070369673e-05,True
fig1b,moving,x_half,0.01,u,9.222089533744704e-06,8.794132656142484e-06,4.359252171737271e-06,0.34314574178929214,1.2703792123447244e-05,True
fig1b,moving,x_half,0.01,v,3.4577675449010137e-06,1.6150590354480077e-05,1.5439809896489187e-05,0.48528136265690747,3.181620207286858e-05,True
fig1b,moving,x_half,0.02,u,1.852080805869738e-05,1.553289618072551e-05,4.621981019692356e-06,0.34314574178929214,1.3469440114837482e-05,True
fig1b,moving,x_half,0.02,v,6.754813713205632e-06,1.604085137257849e-05,1.5172549512110223e-05,0.48528136265690747,3.126546923014056e-05,True
fig1b,moving,y_half,0.005,u,4.881456255267924e-06,6.417167876415775e-06,3.513938418686635e-06,0.34314574178929214,1.0240367257258174e-05,True
fig1b,moving,y_half,0.005,v,3.3643930671456435e-05,1.6433714418839784e-05,6.902349790338658e-06,0.48528136265690747,1.422339764409745e-05,True
fig1b,moving,y_half,0.01,u,5.559186571357788e-06,8.794132656142484e-06,7.011480344931709e-06,0.34314574178929214,2.043295163265378e-05,True
fig1b,moving,y_half,0.01,v,3.3675185973469635e-05,1.6150590354480077e-05,6.702480814635425e-06,0.48528136265690747,1.3811535596461923e-05,True
fig1b,moving,y_half,0.02,u,6.89292425193333e-06,1.553289618072551e-05,1.3947738332409365e-05,0.34314574178929214,4.06466892454517e-05,True
fig1b,moving,y_half,0.02,v,3.346880860571888e-05,1.604085137257849e-05,6.764849626139657e-06,0.48528136265690747,1.3940056525357202e-05,True
fig1b,moving,domain_double,0.005,u,6.314088277559193e-06,6.417167876415775e-06,1.5625122329332441e-07,0.34314574178929214,4.5534944562788753e-07,True
fig1b,moving,domain_double,0.005,v,1.6031485175371785e-05,1.6433714418839784e-05,4.486245300805436e-07,0.48528136265690747,9.24462723283523e-07,True
fig1b,moving,domain_double,0.01,u,8.701402258615154e-06,8.794132656142484e-06,1.5361321548112983e-07,0.34314574178929214,4.476617272886215e-07,True
fig1b,moving,domain_double,0.01,v,1.576556458565692e-05,1.6150590354480077e-05,4.4687818656630185e-07,0.48528136265690747,9.208641026715948e-07,True
fig1b,moving,domain_double,0.02,u,1.5612335470926997e-05,1.553289618072551e-05,1.5153381427435164e-07,0.34314574178929214,4.4160190793625126e-07,True
fig1b,moving,domain_double,0.02,v,1.5661653611886983e-05,1.604085137257849e-05,4.4005593996532255e-07,0.48528136265690747,9.068057704833821e-07,True
fig1b,moving,xy_half,0.005,u,1.0710586956230728e-06,6.417167876415775e-06,5.631982681775227e-06,0.34314574178929214,1.6412800731280918e-05,True
fig1b,moving,xy_half,0.005,v,2.090115606978582e-06,1.6433714418839784e-05,1.5722812295171362e-05,0.48528136265690747,3.2399373858268995e-05,True
fig1b,moving,xy_half,0.01,u,2.229663331798637e-06,8.794132656142484e-06,7.3842969755544274e-06,0.34314574178929214,2.1519418941496696e-05,True
fig1b,moving,xy_half,0.01,v,2.075113269661699e-06,1.6150590354480077e-05,1.537663306688808e-05,0.48528136265690747,3.168601609322325e-05,True
fig1b,moving,xy_half,0.02,u,4.616617162944703e-06,1.553289618072551e-05,1.1198328249861778e-05,0.34314574178929214,3.2634320890795394e-05,True
fig1b,moving,xy_half,0.02,v,2.18159467807455e-06,1.604085137257849e-05,1.5006658223015723e-05,0.48528136265690747,3.092362364969987e-05,True
