section,table,p,t,method,N,dt,evaluation_points,scheme,status,u_error,rho_error,display,case_key,profile,profile_sha256
2.1,html_table_5,3,0.5,rk4,400,0.003125,16001,S1,model_not_constructed,,,—,,,
2.1,html_table_5,3,0.5,rk4,400,0.003125,16001,S2,model_not_constructed,,,—,,,
2.1,html_table_5,3,0.5,rk4,400,0.003125,16001,S3,model_not_constructed,,,—,,,
2.1,html_table_5,3,0.5,rk4,400,0.003125,16001,S4,model_not_constructed,,,—,,,
2.1,html_table_5,3,0.5,rk4,400,0.003125,16001,S5,completed,1.1301980940674194e-06,4.100063228595907e-06,1.130e-06 / 4.100e-06,p3_difference_rm_rk4_n400_dt0.003125_L4,C:\Users\msz\aca\Workspaces\hs_conserved_mesh_20260925\out\calibration_parameter_scan\profiles\p3_difference_rm_rk4_n400_dt0.003125_L4.npz,2a020de9616c27df8221fd5abd9b6d5b04612ae9df060c874b864dc8d74bda48
2.1,html_table_5,3,0.5,rk4,400,0.003125,16001,S6,completed,1.2373840561144545e-06,4.655438240019905e-06,1.237e-06 / 4.655e-06,p3_difference_fixed_rk4_n400_dt0.003125_L4,C:\Users\msz\aca\Workspaces\hs_conserved_mesh_20260925\out\calibration_parameter_scan\profiles\p3_difference_fixed_rk4_n400_dt0.003125_L4.npz,0d76a9c3aa106b209b962768d71acbb213317ba43d380fe578d7c9ce2c1ae68c
2.1,html_table_5,4,0.5,rk4,400,0.003125,16001,S1,model_not_constructed,,,—,,,
2.1,html_table_5,4,0.5,rk4,400,0.003125,16001,S2,model_not_constructed,,,—,,,
2.1,html_table_5,4,0.5,rk4,400,0.003125,16001,S3,model_not_constructed,,,—,,,
2.1,html_table_5,4,0.5,rk4,400,0.003125,16001,S4,model_not_constructed,,,—,,,
2.1,html_table_5,4,0.5,rk4,400,0.003125,16001,S5,completed,4.884877974148383e-06,1.5743746396679192e-05,4.885e-06 / 1.574e-05,p4_difference_rm_rk4_n400_dt0.003125_L4,C:\Users\msz\aca\Workspaces\hs_conserved_mesh_20260925\out\calibration_parameter_scan\profiles\p4_difference_rm_rk4_n400_dt0.003125_L4.npz,62d4b9928f50313ff7aa2d49061ba26a1a0356d7f24a558ada06f20eab9b4253
2.1,html_table_5,4,0.5,rk4,400,0.003125,16001,S6,completed,6.1096916315339644e-06,2.13683971725942e-05,6.110e-06 / 2.137e-05,p4_difference_fixed_rk4_n400_dt0.003125_L4,C:\Users\msz\aca\Workspaces\hs_conserved_mesh_20260925\out\calibration_parameter_scan\profiles\p4_difference_fixed_rk4_n400_dt0.003125_L4.npz,d383c08e209f4b24c94c9fef1d8a5b19b648661ea2caa96914fb613b365f3fd3
2.1,html_table_5,5,0.5,rk4,400,0.003125,16001,S1,model_not_constructed,,,—,,,
2.1,html_table_5,5,0.5,rk4,400,0.003125,16001,S2,model_not_constructed,,,—,,,
2.1,html_table_5,5,0.5,rk4,400,0.003125,16001,S3,model_not_constructed,,,—,,,
2.1,html_table_5,5,0.5,rk4,400,0.003125,16001,S4,model_not_constructed,,,—,,,
2.1,html_table_5,5,0.5,rk4,400,0.003125,16001,S5,completed,8.83707757173835e-06,2.928142752212093e-05,8.837e-06 / 2.928e-05,p5_difference_rm_rk4_n400_dt0.003125_L4,C:\Users\msz\aca\Workspaces\hs_conserved_mesh_20260925\out\parameter_calibration\profiles\p5_difference_rm_rk4_n400_dt0.003125_L4.npz,f9f38ac22cc0d1d25e3374766eccff3f72d46940d3445e9f057a4a3910b5e06b
2.1,html_table_5,5,0.5,rk4,400,0.003125,16001,S6,completed,1.3039419100260852e-05,4.216509350030151e-05,1.304e-05 / 4.217e-05,p5_difference_fixed_rk4_n400_dt0.003125_L4,C:\Users\msz\aca\Workspaces\hs_conserved_mesh_20260925\out\parameter_calibration\profiles\p5_difference_fixed_rk4_n400_dt0.003125_L4.npz,4e5b07c25bbe56d9162aad3fe693a20d3582c09d11311db8c28438eb073589e6
2.1,html_table_5,6,0.5,rk4,400,0.003125,16001,S1,model_not_constructed,,,—,,,
2.1,html_table_5,6,0.5,rk4,400,0.003125,16001,S2,model_not_constructed,,,—,,,
2.1,html_table_5,6,0.5,rk4,400,0.003125,16001,S3,model_not_constructed,,,—,,,
2.1,html_table_5,6,0.5,rk4,400,0.003125,16001,S4,model_not_constructed,,,—,,,
2.1,html_table_5,6,0.5,rk4,400,0.003125,16001,S5,completed,1.384716332278324e-05,5.362321071611387e-05,1.385e-05 / 5.362e-05,p6_difference_rm_rk4_n400_dt0.003125_L4,C:\Users\msz\aca\Workspaces\hs_conserved_mesh_20260925\out\calibration_parameter_scan\profiles\p6_difference_rm_rk4_n400_dt0.003125_L4.npz,df8b2c8ca03584d1aa3e99fb9e625123ecdbe7ef9a017d86f5ddb7e6ac50301e
2.1,html_table_5,6,0.5,rk4,400,0.003125,16001,S6,completed,2.095725214328048e-05,6.547136034662504e-05,2.096e-05 / 6.547e-05,p6_difference_fixed_rk4_n400_dt0.003125_L4,C:\Users\msz\aca\Workspaces\hs_conserved_mesh_20260925\out\calibration_parameter_scan\profiles\p6_difference_fixed_rk4_n400_dt0.003125_L4.npz,24bcfcdf70eec3738c1014b4ecaaa12cc44c68efcc9737ea84c43317558e592f
2.1,html_table_5,8,0.5,rk4,400,0.003125,16001,S1,model_not_constructed,,,—,,,
2.1,html_table_5,8,0.5,rk4,400,0.003125,16001,S2,model_not_constructed,,,—,,,
2.1,html_table_5,8,0.5,rk4,400,0.003125,16001,S3,model_not_constructed,,,—,,,
2.1,html_table_5,8,0.5,rk4,400,0.003125,16001,S4,model_not_constructed,,,—,,,
2.1,html_table_5,8,0.5,rk4,400,0.003125,16001,S5,completed,2.9277984930260043e-05,0.00011861584082373255,2.928e-05 / 1.186e-04,p8_difference_rm_rk4_n400_dt0.003125_L4,C:\Users\msz\aca\Workspaces\hs_error_theory_20260926\out_v2\profiles\p8_difference_rm_rk4_n400_dt0.003125_L4.npz,03857d6945b4fa15b0f01c65b92638cc6424409ff177c870ac30cf068a242f82
2.1,html_table_5,8,0.5,rk4,400,0.003125,16001,S6,completed,3.797218281714754e-05,0.00014170704873261997,3.797e-05 / 1.417e-04,p8_difference_fixed_rk4_n400_dt0.003125_L4,C:\Users\msz\aca\Workspaces\hs_error_theory_20260926\out_v2\profiles\p8_difference_fixed_rk4_n400_dt0.003125_L4.npz,0c8336847649b152b5d3b34fc01c678c302f52ca41c885af242867f43d2adfb9
2.1,html_table_5,10,0.5,rk4,400,0.003125,16001,S1,model_not_constructed,,,—,,,
2.1,html_table_5,10,0.5,rk4,400,0.003125,16001,S2,model_not_constructed,,,—,,,
2.1,html_table_5,10,0.5,rk4,400,0.003125,16001,S3,model_not_constructed,,,—,,,
2.1,html_table_5,10,0.5,rk4,400,0.003125,16001,S4,model_not_constructed,,,—,,,
2.1,html_table_5,10,0.5,rk4,400,0.003125,16001,S5,completed,5.314455921491025e-05,0.00020043894360133319,5.314e-05 / 2.004e-04,p10_difference_rm_rk4_n400_dt0.003125_L4,C:\Users\msz\aca\Workspaces\hs_conserved_mesh_20260925\out\calibration_parameter_scan\profiles\p10_difference_rm_rk4_n400_dt0.003125_L4.npz,bad3613b145790f7f141e92ad7795682eea3212943c14a75afd9accc2f2d6295
2.1,html_table_5,10,0.5,rk4,400,0.003125,16001,S6,completed,5.5251520695742684e-05,0.0002591412876798982,5.525e-05 / 2.591e-04,p10_difference_fixed_rk4_n400_dt0.003125_L4,C:\Users\msz\aca\Workspaces\hs_conserved_mesh_20260925\out\calibration_parameter_scan\profiles\p10_difference_fixed_rk4_n400_dt0.003125_L4.npz,0967418719ee7e892e9a3b6f4c9bbca1f813eee9c4e51b7a03d1e123aad4cbce
2.1,html_table_5,11,0.5,rk4,400,0.003125,16001,S1,model_not_constructed,,,—,,,
2.1,html_table_5,11,0.5,rk4,400,0.003125,16001,S2,model_not_constructed,,,—,,,
2.1,html_table_5,11,0.5,rk4,400,0.003125,16001,S3,model_not_constructed,,,—,,,
2.1,html_table_5,11,0.5,rk4,400,0.003125,16001,S4,model_not_constructed,,,—,,,
2.1,html_table_5,11,0.5,rk4,400,0.003125,16001,S5,completed,7.317982883167564e-05,0.0002464645793406328,7.318e-05 / 2.465e-04,p11_difference_rm_rk4_n400_dt0.003125_L4,C:\Users\msz\aca\Workspaces\hs_error_theory_20260926\out_v2\profiles\p11_difference_rm_rk4_n400_dt0.003125_L4.npz,e5c086a18b46a2e7a63a72f3107e1f6c1359129fbb1e8366d7ae36878c377710
2.1,html_table_5,11,0.5,rk4,400,0.003125,16001,S6,completed,6.377093679732493e-05,0.00032969960741680016,6.377e-05 / 3.297e-04,p11_difference_fixed_rk4_n400_dt0.003125_L4,C:\Users\msz\aca\Workspaces\hs_error_theory_20260926\out_v2\profiles\p11_difference_fixed_rk4_n400_dt0.003125_L4.npz,f9fa07b04b2a611d6dc24b77553604c9625db23ce71630058b57d86eac28acfe
2.1,html_table_5,12,0.5,rk4,400,0.003125,16001,S1,model_not_constructed,,,—,,,
2.1,html_table_5,12,0.5,rk4,400,0.003125,16001,S2,model_not_constructed,,,—,,,
2.1,html_table_5,12,0.5,rk4,400,0.003125,16001,S3,model_not_constructed,,,—,,,
2.1,html_table_5,12,0.5,rk4,400,0.003125,16001,S4,model_not_constructed,,,—,,,
2.1,html_table_5,12,0.5,rk4,400,0.003125,16001,S5,completed,9.69037606271218e-05,0.00029557674484481655,9.690e-05 / 2.956e-04,p12_difference_rm_rk4_n400_dt0.003125_L4,C:\Users\msz\aca\Workspaces\hs_conserved_mesh_20260925\out\parameter_calibration\profiles\p12_difference_rm_rk4_n400_dt0.003125_L4.npz,9c333a784ac105d0ff91d0639c0a8eff0faffafc5d9b94d8f510b88d095d632a
2.1,html_table_5,12,0.5,rk4,400,0.003125,16001,S6,completed,7.216233094198277e-05,0.00041034926187766274,7.216e-05 / 4.103e-04,p12_difference_fixed_rk4_n400_dt0.003125_L4,C:\Users\msz\aca\Workspaces\hs_conserved_mesh_20260925\out\parameter_calibration\profiles\p12_difference_fixed_rk4_n400_dt0.003125_L4.npz,ab1ba998b80f0ca903cbe4b419790626e82578a3dc64f3a02396f526c1dc8cda
2.1,html_table_5,14,0.5,rk4,400,0.003125,16001,S1,model_not_constructed,,,—,,,
2.1,html_table_5,14,0.5,rk4,400,0.003125,16001,S2,model_not_constructed,,,—,,,
2.1,html_table_5,14,0.5,rk4,400,0.003125,16001,S3,model_not_constructed,,,—,,,
2.1,html_table_5,14,0.5,rk4,400,0.003125,16001,S4,model_not_constructed,,,—,,,
2.1,html_table_5,14,0.5,rk4,400,0.003125,16001,S5,completed,0.00015486197937055694,0.00040172359547407943,1.549e-04 / 4.017e-04,p14_difference_rm_rk4_n400_dt0.003125_L4,C:\Users\msz\aca\Workspaces\hs_error_theory_20260926\out_v2\profiles\p14_difference_rm_rk4_n400_dt0.003125_L4.npz,ae5dc1a0f2cb3878bb25d44899562692942c828ff6760feaf8642fb290ecce4e
2.1,html_table_5,14,0.5,rk4,400,0.003125,16001,S6,completed,8.856221441488898e-05,0.0005956306898883268,8.856e-05 / 5.956e-04,p14_difference_fixed_rk4_n400_dt0.003125_L4,C:\Users\msz\aca\Workspaces\hs_error_theory_20260926\out_v2\profiles\p14_difference_fixed_rk4_n400_dt0.003125_L4.npz,ab2dd34cfc3dc3a7409e70134f0d09d9fb1283574c0699b7904a6c52b430b134
2.1,html_table_5,16,0.5,rk4,400,0.003125,16001,S1,model_not_constructed,,,—,,,
2.1,html_table_5,16,0.5,rk4,400,0.003125,16001,S2,model_not_constructed,,,—,,,
2.1,html_table_5,16,0.5,rk4,400,0.003125,16001,S3,model_not_constructed,,,—,,,
2.1,html_table_5,16,0.5,rk4,400,0.003125,16001,S4,model_not_constructed,,,—,,,
2.1,html_table_5,16,0.5,rk4,400,0.003125,16001,S5,completed,0.00022556857573803515,0.0005141618276726101,2.256e-04 / 5.142e-04,p16_difference_rm_rk4_n400_dt0.003125_L4,C:\Users\msz\aca\Workspaces\hs_conserved_mesh_20260925\out\calibration_parameter_scan\profiles\p16_difference_rm_rk4_n400_dt0.003125_L4.npz,db98e249db4d5f39927b703d7d10217e4460a161e98c04bfbf700e49bc65554c
2.1,html_table_5,16,0.5,rk4,400,0.003125,16001,S6,completed,0.0001071713013698454,0.0008159411828880803,1.072e-04 / 8.159e-04,p16_difference_fixed_rk4_n400_dt0.003125_L4,C:\Users\msz\aca\Workspaces\hs_conserved_mesh_20260925\out\calibration_parameter_scan\profiles\p16_difference_fixed_rk4_n400_dt0.003125_L4.npz,90a112309ca5fdc920187bfd223f7a77138b711ada5513c24c21fe5faec79abd
2.1,html_table_5,18,0.5,rk4,400,0.003125,16001,S1,model_not_constructed,,,—,,,
2.1,html_table_5,18,0.5,rk4,400,0.003125,16001,S2,model_not_constructed,,,—,,,
2.1,html_table_5,18,0.5,rk4,400,0.003125,16001,S3,model_not_constructed,,,—,,,
2.1,html_table_5,18,0.5,rk4,400,0.003125,16001,S4,model_not_constructed,,,—,,,
2.1,html_table_5,18,0.5,rk4,400,0.003125,16001,S5,completed,0.0003072952944788727,0.0006373789856691792,3.073e-04 / 6.374e-04,p18_difference_rm_rk4_n400_dt0.003125_L4,C:\Users\msz\aca\Workspaces\hs_error_theory_20260926\out_v2\profiles\p18_difference_rm_rk4_n400_dt0.003125_L4.npz,9ee2ff262a396fb5cf76f837e3863b16cd8fd6cd56423a52a503ebea959eac42
2.1,html_table_5,18,0.5,rk4,400,0.003125,16001,S6,completed,0.0001277798121298787,0.0010629250270234314,1.278e-04 / 1.063e-03,p18_difference_fixed_rk4_n400_dt0.003125_L4,C:\Users\msz\aca\Workspaces\hs_error_theory_20260926\out_v2\profiles\p18_difference_fixed_rk4_n400_dt0.003125_L4.npz,dc04d6ea6fe5b6e2c68bfedf35c32cfad5328eb4a7f620d99d5a94881f9d15e4
2.1,html_table_5,20,0.5,rk4,400,0.003125,16001,S1,model_not_constructed,,,—,,,
2.1,html_table_5,20,0.5,rk4,400,0.003125,16001,S2,model_not_constructed,,,—,,,
2.1,html_table_5,20,0.5,rk4,400,0.003125,16001,S3,model_not_constructed,,,—,,,
2.1,html_table_5,20,0.5,rk4,400,0.003125,16001,S4,model_not_constructed,,,—,,,
2.1,html_table_5,20,0.5,rk4,400,0.003125,16001,S5,completed,0.00039840196680088853,0.000759907663737458,3.984e-04 / 7.599e-04,p20_difference_rm_rk4_n400_dt0.003125_L4,C:\Users\msz\aca\Workspaces\hs_conserved_mesh_20260925\out\calibration_parameter_scan\profiles\p20_difference_rm_rk4_n400_dt0.003125_L4.npz,a35bd70e6a180be744ead5e6af55d62b0fea9e26ea712aac1cb1577520d6ada1
2.1,html_table_5,20,0.5,rk4,400,0.003125,16001,S6,completed,0.0001478539937824451,0.0013464793081077175,1.479e-04 / 1.346e-03,p20_difference_fixed_rk4_n400_dt0.003125_L4,C:\Users\msz\aca\Workspaces\hs_conserved_mesh_20260925\out\calibration_parameter_scan\profiles\p20_difference_fixed_rk4_n400_dt0.003125_L4.npz,3cbf211c63fd8f237be92b828cb717aa82b7ac5accdf1e4cae02213af4c1c694
2.1,html_table_5,22,0.5,rk4,400,0.003125,16001,S1,model_not_constructed,,,—,,,
2.1,html_table_5,22,0.5,rk4,400,0.003125,16001,S2,model_not_constructed,,,—,,,
2.1,html_table_5,22,0.5,rk4,400,0.003125,16001,S3,model_not_constructed,,,—,,,
2.1,html_table_5,22,0.5,rk4,400,0.003125,16001,S4,model_not_constructed,,,—,,,
2.1,html_table_5,22,0.5,rk4,400,0.003125,16001,S5,completed,0.0004977210648442706,0.000896921660044292,4.977e-04 / 8.969e-04,p22_difference_rm_rk4_n400_dt0.003125_L4,C:\Users\msz\aca\Workspaces\hs_error_theory_20260926\out_v2\profiles\p22_difference_rm_rk4_n400_dt0.003125_L4.npz,5c9e398f48049f6314b4783559e7789f5d3e9536fcc7661fd90e6b93470fda82
2.1,html_table_5,22,0.5,rk4,400,0.003125,16001,S6,completed,0.00016968728528282337,0.001673201807660174,1.697e-04 / 1.673e-03,p22_difference_fixed_rk4_n400_dt0.003125_L4,C:\Users\msz\aca\Workspaces\hs_error_theory_20260926\out_v2\profiles\p22_difference_fixed_rk4_n400_dt0.003125_L4.npz,ea7be050384895374de32bf405a12cbebc34ee1ffe3da7f0166b50b218fb4f29
2.1,html_table_6,3,0.25,euler,400,0.003125,16001,S1,model_not_constructed,,,—,,,
2.1,html_table_6,3,0.25,euler,400,0.003125,16001,S2,model_not_constructed,,,—,,,
2.1,html_table_6,3,0.25,euler,400,0.003125,16001,S3,model_not_constructed,,,—,,,
2.1,html_table_6,3,0.25,euler,400,0.003125,16001,S4,model_not_constructed,,,—,,,
2.1,html_table_6,3,0.25,euler,400,0.003125,16001,S5,completed,7.993538219119856e-07,2.5802285954501514e-06,7.994e-07 / 2.580e-06,p3_difference_rm_euler_n400_dt0.003125_L4,C:\Users\msz\aca\Workspaces\hs_conserved_mesh_20260925\out\euler_comparison\profiles\p3_difference_rm_euler_n400_dt0.003125_L4.npz,66530360aafea267f3cbc89ee5d14560e7b89c212562ca4fb18a8fcf2882e6be
2.1,html_table_6,3,0.25,euler,400,0.003125,16001,S6,completed,7.413489204570467e-07,2.7904042918525107e-06,7.413e-07 / 2.790e-06,p3_difference_fixed_euler_n400_dt0.003125_L4,C:\Users\msz\aca\Workspaces\hs_conserved_mesh_20260925\out\euler_comparison\profiles\p3_difference_fixed_euler_n400_dt0.003125_L4.npz,063115a62e8100bbacdde797acc1d1a5816b50549cd419bf2bb045f51562ec76
2.1,html_table_6,4,0.25,euler,400,0.003125,16001,S1,model_not_constructed,,,—,,,
2.1,html_table_6,4,0.25,euler,400,0.003125,16001,S2,model_not_constructed,,,—,,,
2.1,html_table_6,4,0.25,euler,400,0.003125,16001,S3,model_not_constructed,,,—,,,
2.1,html_table_6,4,0.25,euler,400,0.003125,16001,S4,model_not_constructed,,,—,,,
2.1,html_table_6,4,0.25,euler,400,0.003125,16001,S5,completed,4.241434777452202e-06,1.1132988278372835e-05,4.241e-06 / 1.113e-05,p4_difference_rm_euler_n400_dt0.003125_L4,C:\Users\msz\aca\Workspaces\hs_conserved_mesh_20260925\out\euler_comparison\profiles\p4_difference_rm_euler_n400_dt0.003125_L4.npz,0816f4e58df4a9996e1f8e7daea6ec652ca36afdb2263546be09def34b477de7
2.1,html_table_6,4,0.25,euler,400,0.003125,16001,S6,completed,4.444338435084794e-06,1.4455986687145206e-05,4.444e-06 / 1.446e-05,p4_difference_fixed_euler_n400_dt0.003125_L4,C:\Users\msz\aca\Workspaces\hs_conserved_mesh_20260925\out\euler_comparison\profiles\p4_difference_fixed_euler_n400_dt0.003125_L4.npz,ca9c733610c558f55708f5bc21cda79c031ac2ff02e77e50ec89f1d5228e01ac
2.1,html_table_6,5,0.25,euler,400,0.003125,16001,S1,model_not_constructed,,,—,,,
2.1,html_table_6,5,0.25,euler,400,0.003125,16001,S2,model_not_constructed,,,—,,,
2.1,html_table_6,5,0.25,euler,400,0.003125,16001,S3,model_not_constructed,,,—,,,
2.1,html_table_6,5,0.25,euler,400,0.003125,16001,S4,model_not_constructed,,,—,,,
2.1,html_table_6,5,0.25,euler,400,0.003125,16001,S5,completed,7.702920424679238e-06,2.1919656579161284e-05,7.703e-06 / 2.192e-05,p5_difference_rm_euler_n400_dt0.003125_L4,C:\Users\msz\aca\Workspaces\hs_conserved_mesh_20260925\out\euler_comparison\profiles\p5_difference_rm_euler_n400_dt0.003125_L4.npz,808eddc0061781416d192bccaf4720164ebb100a9187e973d0ac4f64e028a61b
2.1,html_table_6,5,0.25,euler,400,0.003125,16001,S6,completed,1.029741994169886e-05,2.9854678212148933e-05,1.030e-05 / 2.985e-05,p5_difference_fixed_euler_n400_dt0.003125_L4,C:\Users\msz\aca\Workspaces\hs_conserved_mesh_20260925\out\euler_comparison\profiles\p5_difference_fixed_euler_n400_dt0.003125_L4.npz,88325c6917b8c4a6e81c3ce5fe8342c2af393c95c50591b20b2e34caf86d2925
2.1,html_table_6,6,0.25,euler,400,0.003125,16001,S1,model_not_constructed,,,—,,,
2.1,html_table_6,6,0.25,euler,400,0.003125,16001,S2,model_not_constructed,,,—,,,
2.1,html_table_6,6,0.25,euler,400,0.003125,16001,S3,model_not_constructed,,,—,,,
2.1,html_table_6,6,0.25,euler,400,0.003125,16001,S4,model_not_constructed,,,—,,,
2.1,html_table_6,6,0.25,euler,400,0.003125,16001,S5,completed,1.0241808394768903e-05,4.120953689457085e-05,1.024e-05 / 4.121e-05,p6_difference_rm_euler_n400_dt0.003125_L4,C:\Users\msz\aca\Workspaces\hs_conserved_mesh_20260925\out\euler_comparison\profiles\p6_difference_rm_euler_n400_dt0.003125_L4.npz,b293391a357e4bc3c5dde003f8f177c7db309b6a9c4ab1be29882e13cadd4f35
2.1,html_table_6,6,0.25,euler,400,0.003125,16001,S6,completed,1.7039361232998318e-05,4.729774944067788e-05,1.704e-05 / 4.730e-05,p6_difference_fixed_euler_n400_dt0.003125_L4,C:\Users\msz\aca\Workspaces\hs_conserved_mesh_20260925\out\euler_comparison\profiles\p6_difference_fixed_euler_n400_dt0.003125_L4.npz,37e201631e56ddec1999848df247a91baf7a7eb16494436404ea789bf08a3490
2.1,html_table_6,8,0.25,euler,400,0.003125,16001,S1,model_not_constructed,,,—,,,
2.1,html_table_6,8,0.25,euler,400,0.003125,16001,S2,model_not_constructed,,,—,,,
2.1,html_table_6,8,0.25,euler,400,0.003125,16001,S3,model_not_constructed,,,—,,,
2.1,html_table_6,8,0.25,euler,400,0.003125,16001,S4,model_not_constructed,,,—,,,
2.1,html_table_6,8,0.25,euler,400,0.003125,16001,S5,completed,2.2573466738777526e-05,9.284385738439482e-05,2.257e-05 / 9.284e-05,p8_difference_rm_euler_n400_dt0.003125_L4,C:\Users\msz\aca\Workspaces\hs_error_theory_20260926\out_v2\profiles\p8_difference_rm_euler_n400_dt0.003125_L4.npz,91fb124b9bc0d2b13fa65623c15c91646eb359e1b39c250e3a3668988ca69ea8
2.1,html_table_6,8,0.25,euler,400,0.003125,16001,S6,completed,3.061207867305349e-05,0.0001107492261649412,3.061e-05 / 1.107e-04,p8_difference_fixed_euler_n400_dt0.003125_L4,C:\Users\msz\aca\Workspaces\hs_error_theory_20260926\out_v2\profiles\p8_difference_fixed_euler_n400_dt0.003125_L4.npz,2ebd88cb8dc1447832a287d7f69410b2debd90202ee9fe1b37af63f0ceed500d
2.1,html_table_6,10,0.25,euler,400,0.003125,16001,S1,model_not_constructed,,,—,,,
2.1,html_table_6,10,0.25,euler,400,0.003125,16001,S2,model_not_constructed,,,—,,,
2.1,html_table_6,10,0.25,euler,400,0.003125,16001,S3,model_not_constructed,,,—,,,
2.1,html_table_6,10,0.25,euler,400,0.003125,16001,S4,model_not_constructed,,,—,,,
2.1,html_table_6,10,0.25,euler,400,0.003125,16001,S5,completed,4.2403528432426174e-05,0.0001578159968592674,4.240e-05 / 1.578e-04,p10_difference_rm_euler_n400_dt0.003125_L4,C:\Users\msz\aca\Workspaces\hs_conserved_mesh_20260925\out\euler_comparison\profiles\p10_difference_rm_euler_n400_dt0.003125_L4.npz,d56524830e6665d8547fe5834f4a8e643f543bd01004ae9ca168646f0f00b5e3
2.1,html_table_6,10,0.25,euler,400,0.003125,16001,S6,completed,4.2966286692536215e-05,0.00020553003023782157,4.297e-05 / 2.055e-04,p10_difference_fixed_euler_n400_dt0.003125_L4,C:\Users\msz\aca\Workspaces\hs_conserved_mesh_20260925\out\euler_comparison\profiles\p10_difference_fixed_euler_n400_dt0.003125_L4.npz,58f77aca43fdf479dbcc5cab8fe7cfa25c215ffcaeb7d0ccee78e74863d35c09
2.1,html_table_6,11,0.25,euler,400,0.003125,16001,S1,model_not_constructed,,,—,,,
2.1,html_table_6,11,0.25,euler,400,0.003125,16001,S2,model_not_constructed,,,—,,,
2.1,html_table_6,11,0.25,euler,400,0.003125,16001,S3,model_not_constructed,,,—,,,
2.1,html_table_6,11,0.25,euler,400,0.003125,16001,S4,model_not_constructed,,,—,,,
2.1,html_table_6,11,0.25,euler,400,0.003125,16001,S5,completed,5.509634541653579e-05,0.0001942572479547433,5.510e-05 / 1.943e-04,p11_difference_rm_euler_n400_dt0.003125_L4,C:\Users\msz\aca\Workspaces\hs_error_theory_20260926\out_v2\profiles\p11_difference_rm_euler_n400_dt0.003125_L4.npz,c1432bafd36efc85b2b46c2799d82fc2949d1dc641aed5ab9151789e37cb2bd1
2.1,html_table_6,11,0.25,euler,400,0.003125,16001,S6,completed,4.9303958824256644e-05,0.0002626366821145698,4.930e-05 / 2.626e-04,p11_difference_fixed_euler_n400_dt0.003125_L4,C:\Users\msz\aca\Workspaces\hs_error_theory_20260926\out_v2\profiles\p11_difference_fixed_euler_n400_dt0.003125_L4.npz,8a559e145fb2799c7d17fd1d3e0c3b7b93815f249d65c22fff2c15049e22eb8a
2.1,html_table_6,12,0.25,euler,400,0.003125,16001,S1,model_not_constructed,,,—,,,
2.1,html_table_6,12,0.25,euler,400,0.003125,16001,S2,model_not_constructed,,,—,,,
2.1,html_table_6,12,0.25,euler,400,0.003125,16001,S3,model_not_constructed,,,—,,,
2.1,html_table_6,12,0.25,euler,400,0.003125,16001,S4,model_not_constructed,,,—,,,
2.1,html_table_6,12,0.25,euler,400,0.003125,16001,S5,completed,6.94709168679291e-05,0.00023285672306372351,6.947e-05 / 2.329e-04,p12_difference_rm_euler_n400_dt0.003125_L4,C:\Users\msz\aca\Workspaces\hs_conserved_mesh_20260925\out\euler_comparison\profiles\p12_difference_rm_euler_n400_dt0.003125_L4.npz,2d216a460df928d991ce83117ac5d0c5bb1b877a35d714c0b8f2ceb81144e611
2.1,html_table_6,12,0.25,euler,400,0.003125,16001,S6,completed,5.8169494742889294e-05,0.00032700470050306407,5.817e-05 / 3.270e-04,p12_difference_fixed_euler_n400_dt0.003125_L4,C:\Users\msz\aca\Workspaces\hs_conserved_mesh_20260925\out\euler_comparison\profiles\p12_difference_fixed_euler_n400_dt0.003125_L4.npz,647a401224f059835b84bdd98d4f9d28c32ab4bb1c83b1d724c60ff426a5ee92
2.1,html_table_6,14,0.25,euler,400,0.003125,16001,S1,model_not_constructed,,,—,,,
2.1,html_table_6,14,0.25,euler,400,0.003125,16001,S2,model_not_constructed,,,—,,,
2.1,html_table_6,14,0.25,euler,400,0.003125,16001,S3,model_not_constructed,,,—,,,
2.1,html_table_6,14,0.25,euler,400,0.003125,16001,S4,model_not_constructed,,,—,,,
2.1,html_table_6,14,0.25,euler,400,0.003125,16001,S5,completed,0.00010273977358768883,0.0003151349795667002,1.027e-04 / 3.151e-04,p14_difference_rm_euler_n400_dt0.003125_L4,C:\Users\msz\aca\Workspaces\hs_error_theory_20260926\out_v2\profiles\p14_difference_rm_euler_n400_dt0.003125_L4.npz,d37b1d5114c3c04b5b1d42a0fd5f0cc5f50381cf483aaabcb2f35cec1c0470de
2.1,html_table_6,14,0.25,euler,400,0.003125,16001,S6,completed,7.63121555202445e-05,0.0004758629498156086,7.631e-05 / 4.759e-04,p14_difference_fixed_euler_n400_dt0.003125_L4,C:\Users\msz\aca\Workspaces\hs_error_theory_20260926\out_v2\profiles\p14_difference_fixed_euler_n400_dt0.003125_L4.npz,3e69b4c3eb4dccc77db65a46072f3c2a4d33b4097e6f112b6df48607e07bbd2a
2.1,html_table_6,16,0.25,euler,400,0.003125,16001,S1,model_not_constructed,,,—,,,
2.1,html_table_6,16,0.25,euler,400,0.003125,16001,S2,model_not_constructed,,,—,,,
2.1,html_table_6,16,0.25,euler,400,0.003125,16001,S3,model_not_constructed,,,—,,,
2.1,html_table_6,16,0.25,euler,400,0.003125,16001,S4,model_not_constructed,,,—,,,
2.1,html_table_6,16,0.25,euler,400,0.003125,16001,S5,completed,0.0001415397531074128,0.0004054855651082212,1.415e-04 / 4.055e-04,p16_difference_rm_euler_n400_dt0.003125_L4,C:\Users\msz\aca\Workspaces\hs_conserved_mesh_20260925\out\euler_comparison\profiles\p16_difference_rm_euler_n400_dt0.003125_L4.npz,166c3e58a75a272885c518314f2727016a1e2317accc81da36a02ebc15cb5fa1
2.1,html_table_6,16,0.25,euler,400,0.003125,16001,S6,completed,9.48542333746652e-05,0.0006551138981943927,9.485e-05 / 6.551e-04,p16_difference_fixed_euler_n400_dt0.003125_L4,C:\Users\msz\aca\Workspaces\hs_conserved_mesh_20260925\out\euler_comparison\profiles\p16_difference_fixed_euler_n400_dt0.003125_L4.npz,0106b1ca600ac9e4cffc0917cdabb548c974a265cfee8d7c2db7ce547c23709c
2.1,html_table_6,18,0.25,euler,400,0.003125,16001,S1,model_not_constructed,,,—,,,
2.1,html_table_6,18,0.25,euler,400,0.003125,16001,S2,model_not_constructed,,,—,,,
2.1,html_table_6,18,0.25,euler,400,0.003125,16001,S3,model_not_constructed,,,—,,,
2.1,html_table_6,18,0.25,euler,400,0.003125,16001,S4,model_not_constructed,,,—,,,
2.1,html_table_6,18,0.25,euler,400,0.003125,16001,S5,completed,0.00018515913440841783,0.0004994402288429622,1.852e-04 / 4.994e-04,p18_difference_rm_euler_n400_dt0.003125_L4,C:\Users\msz\aca\Workspaces\hs_error_theory_20260926\out_v2\profiles\p18_difference_rm_euler_n400_dt0.003125_L4.npz,d2673545c0488523691e8f56486873613d162883110aa367a69160c244e72b54
2.1,html_table_6,18,0.25,euler,400,0.003125,16001,S6,completed,0.00011420872826411674,0.000859935506261178,1.142e-04 / 8.599e-04,p18_difference_fixed_euler_n400_dt0.003125_L4,C:\Users\msz\aca\Workspaces\hs_error_theory_20260926\out_v2\profiles\p18_difference_fixed_euler_n400_dt0.003125_L4.npz,5296d8f1c6b6528242cf27049cb170a72f8ea46283c9298bd5a38918ad007f73
2.1,html_table_6,20,0.25,euler,400,0.003125,16001,S1,model_not_constructed,,,—,,,
2.1,html_table_6,20,0.25,euler,400,0.003125,16001,S2,model_not_constructed,,,—,,,
2.1,html_table_6,20,0.25,euler,400,0.003125,16001,S3,model_not_constructed,,,—,,,
2.1,html_table_6,20,0.25,euler,400,0.003125,16001,S4,model_not_constructed,,,—,,,
2.1,html_table_6,20,0.25,euler,400,0.003125,16001,S5,completed,0.00023291251092111232,0.000599409404936746,2.329e-04 / 5.994e-04,p20_difference_rm_euler_n400_dt0.003125_L4,C:\Users\msz\aca\Workspaces\hs_conserved_mesh_20260925\out\euler_comparison\profiles\p20_difference_rm_euler_n400_dt0.003125_L4.npz,83cf1f17c2f6934dc8dc5c8e41e699ef8a34228f34fd80215821a9d94cd77e26
2.1,html_table_6,20,0.25,euler,400,0.003125,16001,S6,completed,0.00013355177148180117,0.0010907106309858694,1.336e-04 / 1.091e-03,p20_difference_fixed_euler_n400_dt0.003125_L4,C:\Users\msz\aca\Workspaces\hs_conserved_mesh_20260925\out\euler_comparison\profiles\p20_difference_fixed_euler_n400_dt0.003125_L4.npz,e871f05f141d2b62dfd7537ba8a5cd566394fb11096f01b8d100fb1e5f63c62c
2.1,html_table_6,22,0.25,euler,400,0.003125,16001,S1,model_not_constructed,,,—,,,
2.1,html_table_6,22,0.25,euler,400,0.003125,16001,S2,model_not_constructed,,,—,,,
2.1,html_table_6,22,0.25,euler,400,0.003125,16001,S3,model_not_constructed,,,—,,,
2.1,html_table_6,22,0.25,euler,400,0.003125,16001,S4,model_not_constructed,,,—,,,
2.1,html_table_6,22,0.25,euler,400,0.003125,16001,S5,completed,0.00028409972069216253,0.0007031862165393088,2.841e-04 / 7.032e-04,p22_difference_rm_euler_n400_dt0.003125_L4,C:\Users\msz\aca\Workspaces\hs_error_theory_20260926\out_v2\profiles\p22_difference_rm_euler_n400_dt0.003125_L4.npz,e9faf05ebe4ce7560ad60d9c237f9bb4a9f3502dd01a68efc51dbda9158f57b4
2.1,html_table_6,22,0.25,euler,400,0.003125,16001,S6,completed,0.00015271570906415927,0.001339954915635655,1.527e-04 / 1.340e-03,p22_difference_fixed_euler_n400_dt0.003125_L4,C:\Users\msz\aca\Workspaces\hs_error_theory_20260926\out_v2\profiles\p22_difference_fixed_euler_n400_dt0.003125_L4.npz,72cbf2f5627a53aeb0667cfe3ed304c4ec0f020e6ad8d839a83f5656af5b3dca
2.1,html_table_7,3,0.5,euler,400,0.003125,16001,S1,model_not_constructed,,,—,,,
2.1,html_table_7,3,0.5,euler,400,0.003125,16001,S2,model_not_constructed,,,—,,,
2.1,html_table_7,3,0.5,euler,400,0.003125,16001,S3,model_not_constructed,,,—,,,
2.1,html_table_7,3,0.5,euler,400,0.003125,16001,S4,model_not_constructed,,,—,,,
2.1,html_table_7,3,0.5,euler,400,0.003125,16001,S5,completed,6.933257425401074e-07,2.858197546085073e-06,6.933e-07 / 2.858e-06,p3_difference_rm_euler_n400_dt0.003125_L4,C:\Users\msz\aca\Workspaces\hs_conserved_mesh_20260925\out\euler_comparison\profiles\p3_difference_rm_euler_n400_dt0.003125_L4.npz,66530360aafea267f3cbc89ee5d14560e7b89c212562ca4fb18a8fcf2882e6be
2.1,html_table_7,3,0.5,euler,400,0.003125,16001,S6,completed,9.784505280163724e-07,3.544438560876273e-06,9.785e-07 / 3.544e-06,p3_difference_fixed_euler_n400_dt0.003125_L4,C:\Users\msz\aca\Workspaces\hs_conserved_mesh_20260925\out\euler_comparison\profiles\p3_difference_fixed_euler_n400_dt0.003125_L4.npz,063115a62e8100bbacdde797acc1d1a5816b50549cd419bf2bb045f51562ec76
2.1,html_table_7,4,0.5,euler,400,0.003125,16001,S1,model_not_constructed,,,—,,,
2.1,html_table_7,4,0.5,euler,400,0.003125,16001,S2,model_not_constructed,,,—,,,
2.1,html_table_7,4,0.5,euler,400,0.003125,16001,S3,model_not_constructed,,,—,,,
2.1,html_table_7,4,0.5,euler,400,0.003125,16001,S4,model_not_constructed,,,—,,,
2.1,html_table_7,4,0.5,euler,400,0.003125,16001,S5,completed,3.2271779303386094e-06,9.393969396920276e-06,3.227e-06 / 9.394e-06,p4_difference_rm_euler_n400_dt0.003125_L4,C:\Users\msz\aca\Workspaces\hs_conserved_mesh_20260925\out\euler_comparison\profiles\p4_difference_rm_euler_n400_dt0.003125_L4.npz,0816f4e58df4a9996e1f8e7daea6ec652ca36afdb2263546be09def34b477de7
2.1,html_table_7,4,0.5,euler,400,0.003125,16001,S6,completed,3.5793222254720813e-06,1.2536134300522583e-05,3.579e-06 / 1.254e-05,p4_difference_fixed_euler_n400_dt0.003125_L4,C:\Users\msz\aca\Workspaces\hs_conserved_mesh_20260925\out\euler_comparison\profiles\p4_difference_fixed_euler_n400_dt0.003125_L4.npz,ca9c733610c558f55708f5bc21cda79c031ac2ff02e77e50ec89f1d5228e01ac
2.1,html_table_7,5,0.5,euler,400,0.003125,16001,S1,model_not_constructed,,,—,,,
2.1,html_table_7,5,0.5,euler,400,0.003125,16001,S2,model_not_constructed,,,—,,,
2.1,html_table_7,5,0.5,euler,400,0.003125,16001,S3,model_not_constructed,,,—,,,
2.1,html_table_7,5,0.5,euler,400,0.003125,16001,S4,model_not_constructed,,,—,,,
2.1,html_table_7,5,0.5,euler,400,0.003125,16001,S5,completed,6.571553982426259e-06,2.1165815389134757e-05,6.572e-06 / 2.117e-05,p5_difference_rm_euler_n400_dt0.003125_L4,C:\Users\msz\aca\Workspaces\hs_conserved_mesh_20260925\out\euler_comparison\profiles\p5_difference_rm_euler_n400_dt0.003125_L4.npz,808eddc0061781416d192bccaf4720164ebb100a9187e973d0ac4f64e028a61b
2.1,html_table_7,5,0.5,euler,400,0.003125,16001,S6,completed,8.028874238438788e-06,2.925436380496471e-05,8.029e-06 / 2.925e-05,p5_difference_fixed_euler_n400_dt0.003125_L4,C:\Users\msz\aca\Workspaces\hs_conserved_mesh_20260925\out\euler_comparison\profiles\p5_difference_fixed_euler_n400_dt0.003125_L4.npz,88325c6917b8c4a6e81c3ce5fe8342c2af393c95c50591b20b2e34caf86d2925
2.1,html_table_7,6,0.5,euler,400,0.003125,16001,S1,model_not_constructed,,,—,,,
2.1,html_table_7,6,0.5,euler,400,0.003125,16001,S2,model_not_constructed,,,—,,,
2.1,html_table_7,6,0.5,euler,400,0.003125,16001,S3,model_not_constructed,,,—,,,
2.1,html_table_7,6,0.5,euler,400,0.003125,16001,S4,model_not_constructed,,,—,,,
2.1,html_table_7,6,0.5,euler,400,0.003125,16001,S5,completed,1.2300178176220117e-05,4.296034496265033e-05,1.230e-05 / 4.296e-05,p6_difference_rm_euler_n400_dt0.003125_L4,C:\Users\msz\aca\Workspaces\hs_conserved_mesh_20260925\out\euler_comparison\profiles\p6_difference_rm_euler_n400_dt0.003125_L4.npz,b293391a357e4bc3c5dde003f8f177c7db309b6a9c4ab1be29882e13cadd4f35
2.1,html_table_7,6,0.5,euler,400,0.003125,16001,S6,completed,1.5195150011762526e-05,5.094347128042909e-05,1.520e-05 / 5.094e-05,p6_difference_fixed_euler_n400_dt0.003125_L4,C:\Users\msz\aca\Workspaces\hs_conserved_mesh_20260925\out\euler_comparison\profiles\p6_difference_fixed_euler_n400_dt0.003125_L4.npz,37e201631e56ddec1999848df247a91baf7a7eb16494436404ea789bf08a3490
2.1,html_table_7,8,0.5,euler,400,0.003125,16001,S1,model_not_constructed,,,—,,,
2.1,html_table_7,8,0.5,euler,400,0.003125,16001,S2,model_not_constructed,,,—,,,
2.1,html_table_7,8,0.5,euler,400,0.003125,16001,S3,model_not_constructed,,,—,,,
2.1,html_table_7,8,0.5,euler,400,0.003125,16001,S4,model_not_constructed,,,—,,,
2.1,html_table_7,8,0.5,euler,400,0.003125,16001,S5,completed,3.223477611330808e-05,0.00010422552640454441,3.223e-05 / 1.042e-04,p8_difference_rm_euler_n400_dt0.003125_L4,C:\Users\msz\aca\Workspaces\hs_error_theory_20260926\out_v2\profiles\p8_difference_rm_euler_n400_dt0.003125_L4.npz,91fb124b9bc0d2b13fa65623c15c91646eb359e1b39c250e3a3668988ca69ea8
2.1,html_table_7,8,0.5,euler,400,0.003125,16001,S6,completed,3.224284073075068e-05,0.00012115075837670908,3.224e-05 / 1.212e-04,p8_difference_fixed_euler_n400_dt0.003125_L4,C:\Users\msz\aca\Workspaces\hs_error_theory_20260926\out_v2\profiles\p8_difference_fixed_euler_n400_dt0.003125_L4.npz,2ebd88cb8dc1447832a287d7f69410b2debd90202ee9fe1b37af63f0ceed500d
2.1,html_table_7,10,0.5,euler,400,0.003125,16001,S1,model_not_constructed,,,—,,,
2.1,html_table_7,10,0.5,euler,400,0.003125,16001,S2,model_not_constructed,,,—,,,
2.1,html_table_7,10,0.5,euler,400,0.003125,16001,S3,model_not_constructed,,,—,,,
2.1,html_table_7,10,0.5,euler,400,0.003125,16001,S4,model_not_constructed,,,—,,,
2.1,html_table_7,10,0.5,euler,400,0.003125,16001,S5,completed,5.6353753168000495e-05,0.0001838241683365105,5.635e-05 / 1.838e-04,p10_difference_rm_euler_n400_dt0.003125_L4,C:\Users\msz\aca\Workspaces\hs_conserved_mesh_20260925\out\euler_comparison\profiles\p10_difference_rm_euler_n400_dt0.003125_L4.npz,d56524830e6665d8547fe5834f4a8e643f543bd01004ae9ca168646f0f00b5e3
2.1,html_table_7,10,0.5,euler,400,0.003125,16001,S6,completed,5.0230526006500575e-05,0.00023428137749970102,5.023e-05 / 2.343e-04,p10_difference_fixed_euler_n400_dt0.003125_L4,C:\Users\msz\aca\Workspaces\hs_conserved_mesh_20260925\out\euler_comparison\profiles\p10_difference_fixed_euler_n400_dt0.003125_L4.npz,58f77aca43fdf479dbcc5cab8fe7cfa25c215ffcaeb7d0ccee78e74863d35c09
2.1,html_table_7,11,0.5,euler,400,0.003125,16001,S1,model_not_constructed,,,—,,,
2.1,html_table_7,11,0.5,euler,400,0.003125,16001,S2,model_not_constructed,,,—,,,
2.1,html_table_7,11,0.5,euler,400,0.003125,16001,S3,model_not_constructed,,,—,,,
2.1,html_table_7,11,0.5,euler,400,0.003125,16001,S4,model_not_constructed,,,—,,,
2.1,html_table_7,11,0.5,euler,400,0.003125,16001,S5,completed,7.737880068448173e-05,0.00022895683889223584,7.738e-05 / 2.290e-04,p11_difference_rm_euler_n400_dt0.003125_L4,C:\Users\msz\aca\Workspaces\hs_error_theory_20260926\out_v2\profiles\p11_difference_rm_euler_n400_dt0.003125_L4.npz,c1432bafd36efc85b2b46c2799d82fc2949d1dc641aed5ab9151789e37cb2bd1
2.1,html_table_7,11,0.5,euler,400,0.003125,16001,S6,completed,5.915161816247294e-05,0.00030346410542925195,5.915e-05 / 3.035e-04,p11_difference_fixed_euler_n400_dt0.003125_L4,C:\Users\msz\aca\Workspaces\hs_error_theory_20260926\out_v2\profiles\p11_difference_fixed_euler_n400_dt0.003125_L4.npz,8a559e145fb2799c7d17fd1d3e0c3b7b93815f249d65c22fff2c15049e22eb8a
2.1,html_table_7,12,0.5,euler,400,0.003125,16001,S1,model_not_constructed,,,—,,,
2.1,html_table_7,12,0.5,euler,400,0.003125,16001,S2,model_not_constructed,,,—,,,
2.1,html_table_7,12,0.5,euler,400,0.003125,16001,S3,model_not_constructed,,,—,,,
2.1,html_table_7,12,0.5,euler,400,0.003125,16001,S4,model_not_constructed,,,—,,,
2.1,html_table_7,12,0.5,euler,400,0.003125,16001,S5,completed,0.00010204648944293904,0.00027723620614139577,1.020e-04 / 2.772e-04,p12_difference_rm_euler_n400_dt0.003125_L4,C:\Users\msz\aca\Workspaces\hs_conserved_mesh_20260925\out\euler_comparison\profiles\p12_difference_rm_euler_n400_dt0.003125_L4.npz,2d216a460df928d991ce83117ac5d0c5bb1b877a35d714c0b8f2ceb81144e611
2.1,html_table_7,12,0.5,euler,400,0.003125,16001,S6,completed,6.794085234035352e-05,0.0003822576244909559,6.794e-05 / 3.823e-04,p12_difference_fixed_euler_n400_dt0.003125_L4,C:\Users\msz\aca\Workspaces\hs_conserved_mesh_20260925\out\euler_comparison\profiles\p12_difference_fixed_euler_n400_dt0.003125_L4.npz,647a401224f059835b84bdd98d4f9d28c32ab4bb1c83b1d724c60ff426a5ee92
2.1,html_table_7,14,0.5,euler,400,0.003125,16001,S1,model_not_constructed,,,—,,,
2.1,html_table_7,14,0.5,euler,400,0.003125,16001,S2,model_not_constructed,,,—,,,
2.1,html_table_7,14,0.5,euler,400,0.003125,16001,S3,model_not_constructed,,,—,,,
2.1,html_table_7,14,0.5,euler,400,0.003125,16001,S4,model_not_constructed,,,—,,,
2.1,html_table_7,14,0.5,euler,400,0.003125,16001,S5,completed,0.00016176900052615288,0.0003817615037163824,1.618e-04 / 3.818e-04,p14_difference_rm_euler_n400_dt0.003125_L4,C:\Users\msz\aca\Workspaces\hs_error_theory_20260926\out_v2\profiles\p14_difference_rm_euler_n400_dt0.003125_L4.npz,d37b1d5114c3c04b5b1d42a0fd5f0cc5f50381cf483aaabcb2f35cec1c0470de
2.1,html_table_7,14,0.5,euler,400,0.003125,16001,S6,completed,8.504744926432495e-05,0.0005651745461769941,8.505e-05 / 5.652e-04,p14_difference_fixed_euler_n400_dt0.003125_L4,C:\Users\msz\aca\Workspaces\hs_error_theory_20260926\out_v2\profiles\p14_difference_fixed_euler_n400_dt0.003125_L4.npz,3e69b4c3eb4dccc77db65a46072f3c2a4d33b4097e6f112b6df48607e07bbd2a
2.1,html_table_7,16,0.5,euler,400,0.003125,16001,S1,model_not_constructed,,,—,,,
2.1,html_table_7,16,0.5,euler,400,0.003125,16001,S2,model_not_constructed,,,—,,,
2.1,html_table_7,16,0.5,euler,400,0.003125,16001,S3,model_not_constructed,,,—,,,
2.1,html_table_7,16,0.5,euler,400,0.003125,16001,S4,model_not_constructed,,,—,,,
2.1,html_table_7,16,0.5,euler,400,0.003125,16001,S5,completed,0.00023401950880636707,0.0004932459378923504,2.340e-04 / 4.932e-04,p16_difference_rm_euler_n400_dt0.003125_L4,C:\Users\msz\aca\Workspaces\hs_conserved_mesh_20260925\out\euler_comparison\profiles\p16_difference_rm_euler_n400_dt0.003125_L4.npz,166c3e58a75a272885c518314f2727016a1e2317accc81da36a02ebc15cb5fa1
2.1,html_table_7,16,0.5,euler,400,0.003125,16001,S6,completed,0.00010236927606778815,0.0007839570870199486,1.024e-04 / 7.840e-04,p16_difference_fixed_euler_n400_dt0.003125_L4,C:\Users\msz\aca\Workspaces\hs_conserved_mesh_20260925\out\euler_comparison\profiles\p16_difference_fixed_euler_n400_dt0.003125_L4.npz,0106b1ca600ac9e4cffc0917cdabb548c974a265cfee8d7c2db7ce547c23709c
2.1,html_table_7,18,0.5,euler,400,0.003125,16001,S1,model_not_constructed,,,—,,,
2.1,html_table_7,18,0.5,euler,400,0.003125,16001,S2,model_not_constructed,,,—,,,
2.1,html_table_7,18,0.5,euler,400,0.003125,16001,S3,model_not_constructed,,,—,,,
2.1,html_table_7,18,0.5,euler,400,0.003125,16001,S4,model_not_constructed,,,—,,,
2.1,html_table_7,18,0.5,euler,400,0.003125,16001,S5,completed,0.00031711825978011574,0.0006157281235485978,3.171e-04 / 6.157e-04,p18_difference_rm_euler_n400_dt0.003125_L4,C:\Users\msz\aca\Workspaces\hs_error_theory_20260926\out_v2\profiles\p18_difference_rm_euler_n400_dt0.003125_L4.npz,d2673545c0488523691e8f56486873613d162883110aa367a69160c244e72b54
2.1,html_table_7,18,0.5,euler,400,0.003125,16001,S6,completed,0.00012314259822057694,0.0010298269177710928,1.231e-04 / 1.030e-03,p18_difference_fixed_euler_n400_dt0.003125_L4,C:\Users\msz\aca\Workspaces\hs_error_theory_20260926\out_v2\profiles\p18_difference_fixed_euler_n400_dt0.003125_L4.npz,5296d8f1c6b6528242cf27049cb170a72f8ea46283c9298bd5a38918ad007f73
2.1,html_table_7,20,0.5,euler,400,0.003125,16001,S1,model_not_constructed,,,—,,,
2.1,html_table_7,20,0.5,euler,400,0.003125,16001,S2,model_not_constructed,,,—,,,
2.1,html_table_7,20,0.5,euler,400,0.003125,16001,S3,model_not_constructed,,,—,,,
2.1,html_table_7,20,0.5,euler,400,0.003125,16001,S4,model_not_constructed,,,—,,,
2.1,html_table_7,20,0.5,euler,400,0.003125,16001,S5,completed,0.0004094620467639371,0.0007385964672795842,4.095e-04 / 7.386e-04,p20_difference_rm_euler_n400_dt0.003125_L4,C:\Users\msz\aca\Workspaces\hs_conserved_mesh_20260925\out\euler_comparison\profiles\p20_difference_rm_euler_n400_dt0.003125_L4.npz,83cf1f17c2f6934dc8dc5c8e41e699ef8a34228f34fd80215821a9d94cd77e26
2.1,html_table_7,20,0.5,euler,400,0.003125,16001,S6,completed,0.000143419232116717,0.0013122305823122238,1.434e-04 / 1.312e-03,p20_difference_fixed_euler_n400_dt0.003125_L4,C:\Users\msz\aca\Workspaces\hs_conserved_mesh_20260925\out\euler_comparison\profiles\p20_difference_fixed_euler_n400_dt0.003125_L4.npz,e871f05f141d2b62dfd7537ba8a5cd566394fb11096f01b8d100fb1e5f63c62c
2.1,html_table_7,22,0.5,euler,400,0.003125,16001,S1,model_not_constructed,,,—,,,
2.1,html_table_7,22,0.5,euler,400,0.003125,16001,S2,model_not_constructed,,,—,,,
2.1,html_table_7,22,0.5,euler,400,0.003125,16001,S3,model_not_constructed,,,—,,,
2.1,html_table_7,22,0.5,euler,400,0.003125,16001,S4,model_not_constructed,,,—,,,
2.1,html_table_7,22,0.5,euler,400,0.003125,16001,S5,completed,0.0005106294419069679,0.0008742027251552598,5.106e-04 / 8.742e-04,p22_difference_rm_euler_n400_dt0.003125_L4,C:\Users\msz\aca\Workspaces\hs_error_theory_20260926\out_v2\profiles\p22_difference_rm_euler_n400_dt0.003125_L4.npz,e9faf05ebe4ce7560ad60d9c237f9bb4a9f3502dd01a68efc51dbda9158f57b4
2.1,html_table_7,22,0.5,euler,400,0.003125,16001,S6,completed,0.0001653364783190739,0.0016376478840863795,1.653e-04 / 1.638e-03,p22_difference_fixed_euler_n400_dt0.003125_L4,C:\Users\msz\aca\Workspaces\hs_error_theory_20260926\out_v2\profiles\p22_difference_fixed_euler_n400_dt0.003125_L4.npz,72cbf2f5627a53aeb0667cfe3ed304c4ec0f020e6ad8d839a83f5656af5b3dca
2.1,html_table_8,3,0.25,rk4,400,0.003125,16001,S1,model_not_constructed,,,—,,,
2.1,html_table_8,3,0.25,rk4,400,0.003125,16001,S2,model_not_constructed,,,—,,,
2.1,html_table_8,3,0.25,rk4,400,0.003125,16001,S3,model_not_constructed,,,—,,,
2.1,html_table_8,3,0.25,rk4,400,0.003125,16001,S4,model_not_constructed,,,—,,,
2.1,html_table_8,3,0.25,rk4,400,0.003125,16001,S5,completed,1.0996468425908401e-06,3.936374801893905e-06,1.100e-06 / 3.936e-06,p3_difference_rm_rk4_n400_dt0.003125_L4,C:\Users\msz\aca\Workspaces\hs_conserved_mesh_20260925\out\calibration_parameter_scan\profiles\p3_difference_rm_rk4_n400_dt0.003125_L4.npz,2a020de9616c27df8221fd5abd9b6d5b04612ae9df060c874b864dc8d74bda48
2.1,html_table_8,3,0.25,rk4,400,0.003125,16001,S6,completed,1.2285876290624165e-06,4.458102480286996e-06,1.229e-06 / 4.458e-06,p3_difference_fixed_rk4_n400_dt0.003125_L4,C:\Users\msz\aca\Workspaces\hs_conserved_mesh_20260925\out\calibration_parameter_scan\profiles\p3_difference_fixed_rk4_n400_dt0.003125_L4.npz,0d76a9c3aa106b209b962768d71acbb213317ba43d380fe578d7c9ce2c1ae68c
2.1,html_table_8,4,0.25,rk4,400,0.003125,16001,S1,model_not_constructed,,,—,,,
2.1,html_table_8,4,0.25,rk4,400,0.003125,16001,S2,model_not_constructed,,,—,,,
2.1,html_table_8,4,0.25,rk4,400,0.003125,16001,S3,model_not_constructed,,,—,,,
2.1,html_table_8,4,0.25,rk4,400,0.003125,16001,S4,model_not_constructed,,,—,,,
2.1,html_table_8,4,0.25,rk4,400,0.003125,16001,S5,completed,4.671389762372913e-06,1.4387101919477452e-05,4.671e-06 / 1.439e-05,p4_difference_rm_rk4_n400_dt0.003125_L4,C:\Users\msz\aca\Workspaces\hs_conserved_mesh_20260925\out\calibration_parameter_scan\profiles\p4_difference_rm_rk4_n400_dt0.003125_L4.npz,62d4b9928f50313ff7aa2d49061ba26a1a0356d7f24a558ada06f20eab9b4253
2.1,html_table_8,4,0.25,rk4,400,0.003125,16001,S6,completed,6.143610951157841e-06,1.9479710161918184e-05,6.144e-06 / 1.948e-05,p4_difference_fixed_rk4_n400_dt0.003125_L4,C:\Users\msz\aca\Workspaces\hs_conserved_mesh_20260925\out\calibration_parameter_scan\profiles\p4_difference_fixed_rk4_n400_dt0.003125_L4.npz,d383c08e209f4b24c94c9fef1d8a5b19b648661ea2caa96914fb613b365f3fd3
2.1,html_table_8,5,0.25,rk4,400,0.003125,16001,S1,model_not_constructed,,,—,,,
2.1,html_table_8,5,0.25,rk4,400,0.003125,16001,S2,model_not_constructed,,,—,,,
2.1,html_table_8,5,0.25,rk4,400,0.003125,16001,S3,model_not_constructed,,,—,,,
2.1,html_table_8,5,0.25,rk4,400,0.003125,16001,S4,model_not_constructed,,,—,,,
2.1,html_table_8,5,0.25,rk4,400,0.003125,16001,S5,completed,8.484303693587214e-06,2.585756636641623e-05,8.484e-06 / 2.586e-05,p5_difference_rm_rk4_n400_dt0.003125_L4,C:\Users\msz\aca\Workspaces\hs_conserved_mesh_20260925\out\parameter_calibration\profiles\p5_difference_rm_rk4_n400_dt0.003125_L4.npz,f9f38ac22cc0d1d25e3374766eccff3f72d46940d3445e9f057a4a3910b5e06b
2.1,html_table_8,5,0.25,rk4,400,0.003125,16001,S6,completed,1.2860653116480991e-05,3.6364703567492995e-05,1.286e-05 / 3.636e-05,p5_difference_fixed_rk4_n400_dt0.003125_L4,C:\Users\msz\aca\Workspaces\hs_conserved_mesh_20260925\out\parameter_calibration\profiles\p5_difference_fixed_rk4_n400_dt0.003125_L4.npz,4e5b07c25bbe56d9162aad3fe693a20d3582c09d11311db8c28438eb073589e6
2.1,html_table_8,6,0.25,rk4,400,0.003125,16001,S1,model_not_constructed,,,—,,,
2.1,html_table_8,6,0.25,rk4,400,0.003125,16001,S2,model_not_constructed,,,—,,,
2.1,html_table_8,6,0.25,rk4,400,0.003125,16001,S3,model_not_constructed,,,—,,,
2.1,html_table_8,6,0.25,rk4,400,0.003125,16001,S4,model_not_constructed,,,—,,,
2.1,html_table_8,6,0.25,rk4,400,0.003125,16001,S5,completed,1.1401493166918186e-05,4.6295329647283445e-05,1.140e-05 / 4.630e-05,p6_difference_rm_rk4_n400_dt0.003125_L4,C:\Users\msz\aca\Workspaces\hs_conserved_mesh_20260925\out\calibration_parameter_scan\profiles\p6_difference_rm_rk4_n400_dt0.003125_L4.npz,df8b2c8ca03584d1aa3e99fb9e625123ecdbe7ef9a017d86f5ddb7e6ac50301e
2.1,html_table_8,6,0.25,rk4,400,0.003125,16001,S6,completed,1.9986060325730137e-05,5.432236172342453e-05,1.999e-05 / 5.432e-05,p6_difference_fixed_rk4_n400_dt0.003125_L4,C:\Users\msz\aca\Workspaces\hs_conserved_mesh_20260925\out\calibration_parameter_scan\profiles\p6_difference_fixed_rk4_n400_dt0.003125_L4.npz,24bcfcdf70eec3738c1014b4ecaaa12cc44c68efcc9737ea84c43317558e592f
2.1,html_table_8,8,0.25,rk4,400,0.003125,16001,S1,model_not_constructed,,,—,,,
2.1,html_table_8,8,0.25,rk4,400,0.003125,16001,S2,model_not_constructed,,,—,,,
2.1,html_table_8,8,0.25,rk4,400,0.003125,16001,S3,model_not_constructed,,,—,,,
2.1,html_table_8,8,0.25,rk4,400,0.003125,16001,S4,model_not_constructed,,,—,,,
2.1,html_table_8,8,0.25,rk4,400,0.003125,16001,S5,completed,1.8958080168333252e-05,9.93465641323521e-05,1.896e-05 / 9.935e-05,p8_difference_rm_rk4_n400_dt0.003125_L4,C:\Users\msz\aca\Workspaces\hs_error_theory_20260926\out_v2\profiles\p8_difference_rm_rk4_n400_dt0.003125_L4.npz,03857d6945b4fa15b0f01c65b92638cc6424409ff177c870ac30cf068a242f82
2.1,html_table_8,8,0.25,rk4,400,0.003125,16001,S6,completed,3.3552273639742e-05,0.00012061440908517351,3.355e-05 / 1.206e-04,p8_difference_fixed_rk4_n400_dt0.003125_L4,C:\Users\msz\aca\Workspaces\hs_error_theory_20260926\out_v2\profiles\p8_difference_fixed_rk4_n400_dt0.003125_L4.npz,0c8336847649b152b5d3b34fc01c678c302f52ca41c885af242867f43d2adfb9
2.1,html_table_8,10,0.25,rk4,400,0.003125,16001,S1,model_not_constructed,,,—,,,
2.1,html_table_8,10,0.25,rk4,400,0.003125,16001,S2,model_not_constructed,,,—,,,
2.1,html_table_8,10,0.25,rk4,400,0.003125,16001,S3,model_not_constructed,,,—,,,
2.1,html_table_8,10,0.25,rk4,400,0.003125,16001,S4,model_not_constructed,,,—,,,
2.1,html_table_8,10,0.25,rk4,400,0.003125,16001,S5,completed,3.598417732258996e-05,0.000165068366054677,3.598e-05 / 1.651e-04,p10_difference_rm_rk4_n400_dt0.003125_L4,C:\Users\msz\aca\Workspaces\hs_conserved_mesh_20260925\out\calibration_parameter_scan\profiles\p10_difference_rm_rk4_n400_dt0.003125_L4.npz,bad3613b145790f7f141e92ad7795682eea3212943c14a75afd9accc2f2d6295
2.1,html_table_8,10,0.25,rk4,400,0.003125,16001,S6,completed,4.5565697911587044e-05,0.0002174326962082196,4.557e-05 / 2.174e-04,p10_difference_fixed_rk4_n400_dt0.003125_L4,C:\Users\msz\aca\Workspaces\hs_conserved_mesh_20260925\out\calibration_parameter_scan\profiles\p10_difference_fixed_rk4_n400_dt0.003125_L4.npz,0967418719ee7e892e9a3b6f4c9bbca1f813eee9c4e51b7a03d1e123aad4cbce
2.1,html_table_8,11,0.25,rk4,400,0.003125,16001,S1,model_not_constructed,,,—,,,
2.1,html_table_8,11,0.25,rk4,400,0.003125,16001,S2,model_not_constructed,,,—,,,
2.1,html_table_8,11,0.25,rk4,400,0.003125,16001,S3,model_not_constructed,,,—,,,
2.1,html_table_8,11,0.25,rk4,400,0.003125,16001,S4,model_not_constructed,,,—,,,
2.1,html_table_8,11,0.25,rk4,400,0.003125,16001,S5,completed,4.720675426404374e-05,0.00020178402805270945,4.721e-05 / 2.018e-04,p11_difference_rm_rk4_n400_dt0.003125_L4,C:\Users\msz\aca\Workspaces\hs_error_theory_20260926\out_v2\profiles\p11_difference_rm_rk4_n400_dt0.003125_L4.npz,e5c086a18b46a2e7a63a72f3107e1f6c1359129fbb1e8366d7ae36878c377710
2.1,html_table_8,11,0.25,rk4,400,0.003125,16001,S6,completed,5.159009284744914e-05,0.0002752250990590843,5.159e-05 / 2.752e-04,p11_difference_fixed_rk4_n400_dt0.003125_L4,C:\Users\msz\aca\Workspaces\hs_error_theory_20260926\out_v2\profiles\p11_difference_fixed_rk4_n400_dt0.003125_L4.npz,f9fa07b04b2a611d6dc24b77553604c9625db23ce71630058b57d86eac28acfe
2.1,html_table_8,12,0.25,rk4,400,0.003125,16001,S1,model_not_constructed,,,—,,,
2.1,html_table_8,12,0.25,rk4,400,0.003125,16001,S2,model_not_constructed,,,—,,,
2.1,html_table_8,12,0.25,rk4,400,0.003125,16001,S3,model_not_constructed,,,—,,,
2.1,html_table_8,12,0.25,rk4,400,0.003125,16001,S4,model_not_constructed,,,—,,,
2.1,html_table_8,12,0.25,rk4,400,0.003125,16001,S5,completed,6.0279397348698104e-05,0.00024062857422502137,6.028e-05 / 2.406e-04,p12_difference_rm_rk4_n400_dt0.003125_L4,C:\Users\msz\aca\Workspaces\hs_conserved_mesh_20260925\out\parameter_calibration\profiles\p12_difference_rm_rk4_n400_dt0.003125_L4.npz,9c333a784ac105d0ff91d0639c0a8eff0faffafc5d9b94d8f510b88d095d632a
2.1,html_table_8,12,0.25,rk4,400,0.003125,16001,S6,completed,6.044393612542401e-05,0.00034038484412013403,6.044e-05 / 3.404e-04,p12_difference_fixed_rk4_n400_dt0.003125_L4,C:\Users\msz\aca\Workspaces\hs_conserved_mesh_20260925\out\parameter_calibration\profiles\p12_difference_fixed_rk4_n400_dt0.003125_L4.npz,ab1ba998b80f0ca903cbe4b419790626e82578a3dc64f3a02396f526c1dc8cda
2.1,html_table_8,14,0.25,rk4,400,0.003125,16001,S1,model_not_constructed,,,—,,,
2.1,html_table_8,14,0.25,rk4,400,0.003125,16001,S2,model_not_constructed,,,—,,,
2.1,html_table_8,14,0.25,rk4,400,0.003125,16001,S3,model_not_constructed,,,—,,,
2.1,html_table_8,14,0.25,rk4,400,0.003125,16001,S4,model_not_constructed,,,—,,,
2.1,html_table_8,14,0.25,rk4,400,0.003125,16001,S5,completed,9.140742145480416e-05,0.000322999031578175,9.141e-05 / 3.230e-04,p14_difference_rm_rk4_n400_dt0.003125_L4,C:\Users\msz\aca\Workspaces\hs_error_theory_20260926\out_v2\profiles\p14_difference_rm_rk4_n400_dt0.003125_L4.npz,ae5dc1a0f2cb3878bb25d44899562692942c828ff6760feaf8642fb290ecce4e
2.1,html_table_8,14,0.25,rk4,400,0.003125,16001,S6,completed,7.848597447623895e-05,0.0004901473228701159,7.849e-05 / 4.901e-04,p14_difference_fixed_rk4_n400_dt0.003125_L4,C:\Users\msz\aca\Workspaces\hs_error_theory_20260926\out_v2\profiles\p14_difference_fixed_rk4_n400_dt0.003125_L4.npz,ab2dd34cfc3dc3a7409e70134f0d09d9fb1283574c0699b7904a6c52b430b134
2.1,html_table_8,16,0.25,rk4,400,0.003125,16001,S1,model_not_constructed,,,—,,,
2.1,html_table_8,16,0.25,rk4,400,0.003125,16001,S2,model_not_constructed,,,—,,,
2.1,html_table_8,16,0.25,rk4,400,0.003125,16001,S3,model_not_constructed,,,—,,,
2.1,html_table_8,16,0.25,rk4,400,0.003125,16001,S4,model_not_constructed,,,—,,,
2.1,html_table_8,16,0.25,rk4,400,0.003125,16001,S5,completed,0.00012860211445908914,0.0004137669608159644,1.286e-04 / 4.138e-04,p16_difference_rm_rk4_n400_dt0.003125_L4,C:\Users\msz\aca\Workspaces\hs_conserved_mesh_20260925\out\calibration_parameter_scan\profiles\p16_difference_rm_rk4_n400_dt0.003125_L4.npz,db98e249db4d5f39927b703d7d10217e4460a161e98c04bfbf700e49bc65554c
2.1,html_table_8,16,0.25,rk4,400,0.003125,16001,S6,completed,9.690681439091658e-05,0.0006704067851226458,9.691e-05 / 6.704e-04,p16_difference_fixed_rk4_n400_dt0.003125_L4,C:\Users\msz\aca\Workspaces\hs_conserved_mesh_20260925\out\calibration_parameter_scan\profiles\p16_difference_fixed_rk4_n400_dt0.003125_L4.npz,90a112309ca5fdc920187bfd223f7a77138b711ada5513c24c21fe5faec79abd
2.1,html_table_8,18,0.25,rk4,400,0.003125,16001,S1,model_not_constructed,,,—,,,
2.1,html_table_8,18,0.25,rk4,400,0.003125,16001,S2,model_not_constructed,,,—,,,
2.1,html_table_8,18,0.25,rk4,400,0.003125,16001,S3,model_not_constructed,,,—,,,
2.1,html_table_8,18,0.25,rk4,400,0.003125,16001,S4,model_not_constructed,,,—,,,
2.1,html_table_8,18,0.25,rk4,400,0.003125,16001,S5,completed,0.00017103763135848044,0.0005075617537310118,1.710e-04 / 5.076e-04,p18_difference_rm_rk4_n400_dt0.003125_L4,C:\Users\msz\aca\Workspaces\hs_error_theory_20260926\out_v2\profiles\p18_difference_rm_rk4_n400_dt0.003125_L4.npz,9ee2ff262a396fb5cf76f837e3863b16cd8fd6cd56423a52a503ebea959eac42
2.1,html_table_8,18,0.25,rk4,400,0.003125,16001,S6,completed,0.0001161597217886716,0.0008758784079628823,1.162e-04 / 8.759e-04,p18_difference_fixed_rk4_n400_dt0.003125_L4,C:\Users\msz\aca\Workspaces\hs_error_theory_20260926\out_v2\profiles\p18_difference_fixed_rk4_n400_dt0.003125_L4.npz,dc04d6ea6fe5b6e2c68bfedf35c32cfad5328eb4a7f620d99d5a94881f9d15e4
2.1,html_table_8,20,0.25,rk4,400,0.003125,16001,S1,model_not_constructed,,,—,,,
2.1,html_table_8,20,0.25,rk4,400,0.003125,16001,S2,model_not_constructed,,,—,,,
2.1,html_table_8,20,0.25,rk4,400,0.003125,16001,S3,model_not_constructed,,,—,,,
2.1,html_table_8,20,0.25,rk4,400,0.003125,16001,S4,model_not_constructed,,,—,,,
2.1,html_table_8,20,0.25,rk4,400,0.003125,16001,S5,completed,0.00021792992559110371,0.0006079975020273354,2.179e-04 / 6.080e-04,p20_difference_rm_rk4_n400_dt0.003125_L4,C:\Users\msz\aca\Workspaces\hs_conserved_mesh_20260925\out\calibration_parameter_scan\profiles\p20_difference_rm_rk4_n400_dt0.003125_L4.npz,a35bd70e6a180be744ead5e6af55d62b0fea9e26ea712aac1cb1577520d6ada1
2.1,html_table_8,20,0.25,rk4,400,0.003125,16001,S6,completed,0.00013536969245360464,0.0011072067112687378,1.354e-04 / 1.107e-03,p20_difference_fixed_rk4_n400_dt0.003125_L4,C:\Users\msz\aca\Workspaces\hs_conserved_mesh_20260925\out\calibration_parameter_scan\profiles\p20_difference_fixed_rk4_n400_dt0.003125_L4.npz,3cbf211c63fd8f237be92b828cb717aa82b7ac5accdf1e4cae02213af4c1c694
2.1,html_table_8,22,0.25,rk4,400,0.003125,16001,S1,model_not_constructed,,,—,,,
2.1,html_table_8,22,0.25,rk4,400,0.003125,16001,S2,model_not_constructed,,,—,,,
2.1,html_table_8,22,0.25,rk4,400,0.003125,16001,S3,model_not_constructed,,,—,,,
2.1,html_table_8,22,0.25,rk4,400,0.003125,16001,S4,model_not_constructed,,,—,,,
2.1,html_table_8,22,0.25,rk4,400,0.003125,16001,S5,completed,0.000268502441411318,0.0007114318137702025,2.685e-04 / 7.114e-04,p22_difference_rm_rk4_n400_dt0.003125_L4,C:\Users\msz\aca\Workspaces\hs_error_theory_20260926\out_v2\profiles\p22_difference_rm_rk4_n400_dt0.003125_L4.npz,5c9e398f48049f6314b4783559e7789f5d3e9536fcc7661fd90e6b93470fda82
2.1,html_table_8,22,0.25,rk4,400,0.003125,16001,S6,completed,0.00015442270877168845,0.0013568441895059902,1.544e-04 / 1.357e-03,p22_difference_fixed_rk4_n400_dt0.003125_L4,C:\Users\msz\aca\Workspaces\hs_error_theory_20260926\out_v2\profiles\p22_difference_fixed_rk4_n400_dt0.003125_L4.npz,ea7be050384895374de32bf405a12cbebc34ee1ffe3da7f0166b50b218fb4f29
2.2,html_table_11,12,0.25,euler,200,0.0125,8001,S1,model_not_constructed,,,—,,,
2.2,html_table_11,12,0.25,euler,200,0.0125,8001,S2,model_not_constructed,,,—,,,
2.2,html_table_11,12,0.25,euler,200,0.0125,8001,S3,model_not_constructed,,,—,,,
2.2,html_table_11,12,0.25,euler,200,0.0125,8001,S4,model_not_constructed,,,—,,,
2.2,html_table_11,12,0.25,euler,200,0.0125,8001,S5,completed,0.0002780278824918263,0.0009235930394877467,2.780e-04 / 9.236e-04,p12_difference_rm_euler_n200_dt0.0125_L4,C:\Users\msz\aca\Workspaces\hs_conserved_mesh_20260925\out\parameter_calibration\profiles\p12_difference_rm_euler_n200_dt0.0125_L4.npz,dbfbd126fdf7cb779dc78067ec69c697e6a53357d59cca7e1ac13e620b0c262f
2.2,html_table_11,12,0.25,euler,200,0.0125,8001,S6,completed,0.00023272182048918177,0.001304914599995155,2.327e-04 / 1.305e-03,p12_difference_fixed_euler_n200_dt0.0125_L4,C:\Users\msz\aca\Workspaces\hs_conserved_mesh_20260925\out\parameter_calibration\profiles\p12_difference_fixed_euler_n200_dt0.0125_L4.npz,9d1f2cd73c46d984de5c6488fe766ef670a931f900d1f0b83f86cc9f18a8a225
2.2,html_table_11,12,0.25,heun,200,0.0125,8001,S1,model_not_constructed,,,—,,,
2.2,html_table_11,12,0.25,heun,200,0.0125,8001,S2,model_not_constructed,,,—,,,
2.2,html_table_11,12,0.25,heun,200,0.0125,8001,S3,model_not_constructed,,,—,,,
2.2,html_table_11,12,0.25,heun,200,0.0125,8001,S4,model_not_constructed,,,—,,,
2.2,html_table_11,12,0.25,heun,200,0.0125,8001,S5,completed,0.00023910476424104845,0.0009549453046907574,2.391e-04 / 9.549e-04,p12_difference_rm_heun_n200_dt0.0125_L4,C:\Users\msz\aca\Workspaces\hs_conserved_mesh_20260925\out\parameter_calibration\profiles\p12_difference_rm_heun_n200_dt0.0125_L4.npz,3ca18ffd4cf5a325017b6035be61bf9f5664eec64dda8eabee043fa4c47dcb26
2.2,html_table_11,12,0.25,heun,200,0.0125,8001,S6,completed,0.0002412074949222666,0.0013576999071215345,2.412e-04 / 1.358e-03,p12_difference_fixed_heun_n200_dt0.0125_L4,C:\Users\msz\aca\Workspaces\hs_conserved_mesh_20260925\out\parameter_calibration\profiles\p12_difference_fixed_heun_n200_dt0.0125_L4.npz,abe127cda5cbd19b37d5851391d19b61119fcc00c32b92e3255d1e9dd59d9258
2.2,html_table_11,12,0.25,rk4,200,0.0125,8001,S1,model_not_constructed,,,—,,,
2.2,html_table_11,12,0.25,rk4,200,0.0125,8001,S2,model_not_constructed,,,—,,,
2.2,html_table_11,12,0.25,rk4,200,0.0125,8001,S3,model_not_constructed,,,—,,,
2.2,html_table_11,12,0.25,rk4,200,0.0125,8001,S4,model_not_constructed,,,—,,,
2.2,html_table_11,12,0.25,rk4,200,0.0125,8001,S5,completed,0.00024011066902141984,0.0009552630049087796,2.401e-04 / 9.553e-04,p12_difference_rm_rk4_n200_dt0.0125_L4,C:\Users\msz\aca\Workspaces\hs_conserved_mesh_20260925\out\parameter_calibration\profiles\p12_difference_rm_rk4_n200_dt0.0125_L4.npz,5f49a749d3699cb802313833156cb919c0e5db49753b103e56727b4d28304d81
2.2,html_table_11,12,0.25,rk4,200,0.0125,8001,S6,completed,0.00024124983897260907,0.0013578400176519345,2.412e-04 / 1.358e-03,p12_difference_fixed_rk4_n200_dt0.0125_L4,C:\Users\msz\aca\Workspaces\hs_conserved_mesh_20260925\out\parameter_calibration\profiles\p12_difference_fixed_rk4_n200_dt0.0125_L4.npz,56eb6e4acff7f7c8f48c92119f23db59c6789fb39e0a8ea29c2fcb233530fc87
2.2,html_table_11,12,0.25,rk8,200,0.0125,8001,S1,model_not_constructed,,,—,,,
2.2,html_table_11,12,0.25,rk8,200,0.0125,8001,S2,model_not_constructed,,,—,,,
2.2,html_table_11,12,0.25,rk8,200,0.0125,8001,S3,model_not_constructed,,,—,,,
2.2,html_table_11,12,0.25,rk8,200,0.0125,8001,S4,model_not_constructed,,,—,,,
2.2,html_table_11,12,0.25,rk8,200,0.0125,8001,S5,completed,0.00024011050635495967,0.0009552629759410625,2.401e-04 / 9.553e-04,p12_difference_rm_rk8_n200_dt0.0125_L4,C:\Users\msz\aca\Workspaces\hs_conserved_mesh_20260925\out\parameter_calibration\profiles\p12_difference_rm_rk8_n200_dt0.0125_L4.npz,e22963452b11f6b86bf05887021eed60ffa98d9ab539b89535363ee54f93f71e
2.2,html_table_11,12,0.25,rk8,200,0.0125,8001,S6,completed,0.000241249834416285,0.0013578400168269278,2.412e-04 / 1.358e-03,p12_difference_fixed_rk8_n200_dt0.0125_L4,C:\Users\msz\aca\Workspaces\hs_conserved_mesh_20260925\out\parameter_calibration\profiles\p12_difference_fixed_rk8_n200_dt0.0125_L4.npz,afc6c44cf9a304ce8ddb611b7b79247f581d764960c25f0c5c0b0bddf6e09de1
2.2,html_table_12,5,0.25,euler,200,0.0125,8001,S1,model_not_constructed,,,—,,,
2.2,html_table_12,5,0.25,euler,200,0.0125,8001,S2,model_not_constructed,,,—,,,
2.2,html_table_12,5,0.25,euler,200,0.0125,8001,S3,model_not_constructed,,,—,,,
2.2,html_table_12,5,0.25,euler,200,0.0125,8001,S4,model_not_constructed,,,—,,,
2.2,html_table_12,5,0.25,euler,200,0.0125,8001,S5,completed,3.08380840046002e-05,8.756151520805666e-05,3.084e-05 / 8.756e-05,p5_difference_rm_euler_n200_dt0.0125_L4,C:\Users\msz\aca\Workspaces\hs_conserved_mesh_20260925\out\parameter_calibration\profiles\p5_difference_rm_euler_n200_dt0.0125_L4.npz,fa07c96dec4bf84be47eac14d5421d82de5ffa2d580e585790f56a5a3d76307e
2.2,html_table_12,5,0.25,euler,200,0.0125,8001,S6,completed,4.1184640603000866e-05,0.00011941549714900024,4.118e-05 / 1.194e-04,p5_difference_fixed_euler_n200_dt0.0125_L4,C:\Users\msz\aca\Workspaces\hs_conserved_mesh_20260925\out\parameter_calibration\profiles\p5_difference_fixed_euler_n200_dt0.0125_L4.npz,310ce3f2ce82561744e6b88df093298cf6945e8035b2adc35268880390f169f4
2.2,html_table_12,5,0.25,heun,200,0.0125,8001,S1,model_not_constructed,,,—,,,
2.2,html_table_12,5,0.25,heun,200,0.0125,8001,S2,model_not_constructed,,,—,,,
2.2,html_table_12,5,0.25,heun,200,0.0125,8001,S3,model_not_constructed,,,—,,,
2.2,html_table_12,5,0.25,heun,200,0.0125,8001,S4,model_not_constructed,,,—,,,
2.2,html_table_12,5,0.25,heun,200,0.0125,8001,S5,completed,3.386989127743267e-05,0.00010319475952569324,3.387e-05 / 1.032e-04,p5_difference_rm_heun_n200_dt0.0125_L4,C:\Users\msz\aca\Workspaces\hs_conserved_mesh_20260925\out\parameter_calibration\profiles\p5_difference_rm_heun_n200_dt0.0125_L4.npz,ca7db55195f727d72ad6d01d5506acdbaa5ce4d37c1392457b9629c2d2eaa79f
2.2,html_table_12,5,0.25,heun,200,0.0125,8001,S6,completed,5.14400858629277e-05,0.0001453318847853824,5.144e-05 / 1.453e-04,p5_difference_fixed_heun_n200_dt0.0125_L4,C:\Users\msz\aca\Workspaces\hs_conserved_mesh_20260925\out\parameter_calibration\profiles\p5_difference_fixed_heun_n200_dt0.0125_L4.npz,73794e10fe4cb07e2d7d27fe548dc8e6e439d55961180e468619a1124c22f087
2.2,html_table_12,5,0.25,rk4,200,0.0125,8001,S1,model_not_constructed,,,—,,,
2.2,html_table_12,5,0.25,rk4,200,0.0125,8001,S2,model_not_constructed,,,—,,,
2.2,html_table_12,5,0.25,rk4,200,0.0125,8001,S3,model_not_constructed,,,—,,,
2.2,html_table_12,5,0.25,rk4,200,0.0125,8001,S4,model_not_constructed,,,—,,,
2.2,html_table_12,5,0.25,rk4,200,0.0125,8001,S5,completed,3.3914376111249256e-05,0.00010322375712246146,3.391e-05 / 1.032e-04,p5_difference_rm_rk4_n200_dt0.0125_L4,C:\Users\msz\aca\Workspaces\hs_conserved_mesh_20260925\out\parameter_calibration\profiles\p5_difference_rm_rk4_n200_dt0.0125_L4.npz,eb8db3182106ebe722ec24f08ae415c4339c6b4652610bd34ea4772aeb4b2de9
2.2,html_table_12,5,0.25,rk4,200,0.0125,8001,S6,completed,5.143535572418867e-05,0.00014537266110503655,5.144e-05 / 1.454e-04,p5_difference_fixed_rk4_n200_dt0.0125_L4,C:\Users\msz\aca\Workspaces\hs_conserved_mesh_20260925\out\parameter_calibration\profiles\p5_difference_fixed_rk4_n200_dt0.0125_L4.npz,b20793a25eaabbd3fec71a07cf60724cb4696dc058a101fce84e071a6e944979
2.2,html_table_12,5,0.25,rk8,200,0.0125,8001,S1,model_not_constructed,,,—,,,
2.2,html_table_12,5,0.25,rk8,200,0.0125,8001,S2,model_not_constructed,,,—,,,
2.2,html_table_12,5,0.25,rk8,200,0.0125,8001,S3,model_not_constructed,,,—,,,
2.2,html_table_12,5,0.25,rk8,200,0.0125,8001,S4,model_not_constructed,,,—,,,
2.2,html_table_12,5,0.25,rk8,200,0.0125,8001,S5,completed,3.3914369557450086e-05,0.00010322375691551589,3.391e-05 / 1.032e-04,p5_difference_rm_rk8_n200_dt0.0125_L4,C:\Users\msz\aca\Workspaces\hs_conserved_mesh_20260925\out\parameter_calibration\profiles\p5_difference_rm_rk8_n200_dt0.0125_L4.npz,9e61517652b66bbf0e1bab014cdd83c5b2be9ab30a099c52f5279206925ddce2
2.2,html_table_12,5,0.25,rk8,200,0.0125,8001,S6,completed,5.1435356835854984e-05,0.0001453726611585493,5.144e-05 / 1.454e-04,p5_difference_fixed_rk8_n200_dt0.0125_L4,C:\Users\msz\aca\Workspaces\hs_conserved_mesh_20260925\out\parameter_calibration\profiles\p5_difference_fixed_rk8_n200_dt0.0125_L4.npz,3f7cf9c3da69f7278d3b81c7918f2dc5152cea22ef575c80e53cc6393392d819
2.2,html_table_13,5,0.5,euler,200,0.0125,8001,S1,model_not_constructed,,,—,,,
2.2,html_table_13,5,0.5,euler,200,0.0125,8001,S2,model_not_constructed,,,—,,,
2.2,html_table_13,5,0.5,euler,200,0.0125,8001,S3,model_not_constructed,,,—,,,
2.2,html_table_13,5,0.5,euler,200,0.0125,8001,S4,model_not_constructed,,,—,,,
2.2,html_table_13,5,0.5,euler,200,0.0125,8001,S5,completed,2.6244474943606932e-05,8.466438731680181e-05,2.624e-05 / 8.466e-05,p5_difference_rm_euler_n200_dt0.0125_L4,C:\Users\msz\aca\Workspaces\hs_conserved_mesh_20260925\out\parameter_calibration\profiles\p5_difference_rm_euler_n200_dt0.0125_L4.npz,fa07c96dec4bf84be47eac14d5421d82de5ffa2d580e585790f56a5a3d76307e
2.2,html_table_13,5,0.5,euler,200,0.0125,8001,S6,completed,3.191445048272845e-05,0.00011700428181060651,3.191e-05 / 1.170e-04,p5_difference_fixed_euler_n200_dt0.0125_L4,C:\Users\msz\aca\Workspaces\hs_conserved_mesh_20260925\out\parameter_calibration\profiles\p5_difference_fixed_euler_n200_dt0.0125_L4.npz,310ce3f2ce82561744e6b88df093298cf6945e8035b2adc35268880390f169f4
2.2,html_table_13,5,0.5,heun,200,0.0125,8001,S1,model_not_constructed,,,—,,,
2.2,html_table_13,5,0.5,heun,200,0.0125,8001,S2,model_not_constructed,,,—,,,
2.2,html_table_13,5,0.5,heun,200,0.0125,8001,S3,model_not_constructed,,,—,,,
2.2,html_table_13,5,0.5,heun,200,0.0125,8001,S4,model_not_constructed,,,—,,,
2.2,html_table_13,5,0.5,heun,200,0.0125,8001,S5,completed,3.521316177904077e-05,0.00011684093631003645,3.521e-05 / 1.168e-04,p5_difference_rm_heun_n200_dt0.0125_L4,C:\Users\msz\aca\Workspaces\hs_conserved_mesh_20260925\out\parameter_calibration\profiles\p5_difference_rm_heun_n200_dt0.0125_L4.npz,ca7db55195f727d72ad6d01d5506acdbaa5ce4d37c1392457b9629c2d2eaa79f
2.2,html_table_13,5,0.5,heun,200,0.0125,8001,S6,completed,5.211686724503062e-05,0.00016835717767160752,5.212e-05 / 1.684e-04,p5_difference_fixed_heun_n200_dt0.0125_L4,C:\Users\msz\aca\Workspaces\hs_conserved_mesh_20260925\out\parameter_calibration\profiles\p5_difference_fixed_heun_n200_dt0.0125_L4.npz,73794e10fe4cb07e2d7d27fe548dc8e6e439d55961180e468619a1124c22f087
2.2,html_table_13,5,0.5,rk4,200,0.0125,8001,S1,model_not_constructed,,,—,,,
2.2,html_table_13,5,0.5,rk4,200,0.0125,8001,S2,model_not_constructed,,,—,,,
2.2,html_table_13,5,0.5,rk4,200,0.0125,8001,S3,model_not_constructed,,,—,,,
2.2,html_table_13,5,0.5,rk4,200,0.0125,8001,S4,model_not_constructed,,,—,,,
2.2,html_table_13,5,0.5,rk4,200,0.0125,8001,S5,completed,3.53376430190927e-05,0.00011689691757577059,3.534e-05 / 1.169e-04,p5_difference_rm_rk4_n200_dt0.0125_L4,C:\Users\msz\aca\Workspaces\hs_conserved_mesh_20260925\out\parameter_calibration\profiles\p5_difference_rm_rk4_n200_dt0.0125_L4.npz,eb8db3182106ebe722ec24f08ae415c4339c6b4652610bd34ea4772aeb4b2de9
2.2,html_table_13,5,0.5,rk4,200,0.0125,8001,S6,completed,5.210223207183229e-05,0.0001684635066221407,5.210e-05 / 1.685e-04,p5_difference_fixed_rk4_n200_dt0.0125_L4,C:\Users\msz\aca\Workspaces\hs_conserved_mesh_20260925\out\parameter_calibration\profiles\p5_difference_fixed_rk4_n200_dt0.0125_L4.npz,b20793a25eaabbd3fec71a07cf60724cb4696dc058a101fce84e071a6e944979
2.2,html_table_13,5,0.5,rk8,200,0.0125,8001,S1,model_not_constructed,,,—,,,
2.2,html_table_13,5,0.5,rk8,200,0.0125,8001,S2,model_not_constructed,,,—,,,
2.2,html_table_13,5,0.5,rk8,200,0.0125,8001,S3,model_not_constructed,,,—,,,
2.2,html_table_13,5,0.5,rk8,200,0.0125,8001,S4,model_not_constructed,,,—,,,
2.2,html_table_13,5,0.5,rk8,200,0.0125,8001,S5,completed,3.5337625014703056e-05,0.00011689691783500766,3.534e-05 / 1.169e-04,p5_difference_rm_rk8_n200_dt0.0125_L4,C:\Users\msz\aca\Workspaces\hs_conserved_mesh_20260925\out\parameter_calibration\profiles\p5_difference_rm_rk8_n200_dt0.0125_L4.npz,9e61517652b66bbf0e1bab014cdd83c5b2be9ab30a099c52f5279206925ddce2
2.2,html_table_13,5,0.5,rk8,200,0.0125,8001,S6,completed,5.210223558529958e-05,0.00016846350676713584,5.210e-05 / 1.685e-04,p5_difference_fixed_rk8_n200_dt0.0125_L4,C:\Users\msz\aca\Workspaces\hs_conserved_mesh_20260925\out\parameter_calibration\profiles\p5_difference_fixed_rk8_n200_dt0.0125_L4.npz,3f7cf9c3da69f7278d3b81c7918f2dc5152cea22ef575c80e53cc6393392d819
2.2,html_table_14,12,0.5,euler,200,0.0125,8001,S1,model_not_constructed,,,—,,,
2.2,html_table_14,12,0.5,euler,200,0.0125,8001,S2,model_not_constructed,,,—,,,
2.2,html_table_14,12,0.5,euler,200,0.0125,8001,S3,model_not_constructed,,,—,,,
2.2,html_table_14,12,0.5,euler,200,0.0125,8001,S4,model_not_constructed,,,—,,,
2.2,html_table_14,12,0.5,euler,200,0.0125,8001,S5,completed,0.0004157356207667518,0.0010963185693886324,4.157e-04 / 1.096e-03,p12_difference_rm_euler_n200_dt0.0125_L4,C:\Users\msz\aca\Workspaces\hs_conserved_mesh_20260925\out\parameter_calibration\profiles\p12_difference_rm_euler_n200_dt0.0125_L4.npz,dbfbd126fdf7cb779dc78067ec69c697e6a53357d59cca7e1ac13e620b0c262f
2.2,html_table_14,12,0.5,euler,200,0.0125,8001,S6,completed,0.00027148312870384217,0.0014978475889015908,2.715e-04 / 1.498e-03,p12_difference_fixed_euler_n200_dt0.0125_L4,C:\Users\msz\aca\Workspaces\hs_conserved_mesh_20260925\out\parameter_calibration\profiles\p12_difference_fixed_euler_n200_dt0.0125_L4.npz,9d1f2cd73c46d984de5c6488fe766ef670a931f900d1f0b83f86cc9f18a8a225
2.2,html_table_14,12,0.5,heun,200,0.0125,8001,S1,model_not_constructed,,,—,,,
2.2,html_table_14,12,0.5,heun,200,0.0125,8001,S2,model_not_constructed,,,—,,,
2.2,html_table_14,12,0.5,heun,200,0.0125,8001,S3,model_not_constructed,,,—,,,
2.2,html_table_14,12,0.5,heun,200,0.0125,8001,S4,model_not_constructed,,,—,,,
2.2,html_table_14,12,0.5,heun,200,0.0125,8001,S5,completed,0.0003833200228645474,0.0011674571750039942,3.833e-04 / 1.167e-03,p12_difference_rm_heun_n200_dt0.0125_L4,C:\Users\msz\aca\Workspaces\hs_conserved_mesh_20260925\out\parameter_calibration\profiles\p12_difference_rm_heun_n200_dt0.0125_L4.npz,3ca18ffd4cf5a325017b6035be61bf9f5664eec64dda8eabee043fa4c47dcb26
2.2,html_table_14,12,0.5,heun,200,0.0125,8001,S6,completed,0.00028737518703988996,0.0016086097878408312,2.874e-04 / 1.609e-03,p12_difference_fixed_heun_n200_dt0.0125_L4,C:\Users\msz\aca\Workspaces\hs_conserved_mesh_20260925\out\parameter_calibration\profiles\p12_difference_fixed_heun_n200_dt0.0125_L4.npz,abe127cda5cbd19b37d5851391d19b61119fcc00c32b92e3255d1e9dd59d9258
2.2,html_table_14,12,0.5,rk4,200,0.0125,8001,S1,model_not_constructed,,,—,,,
2.2,html_table_14,12,0.5,rk4,200,0.0125,8001,S2,model_not_constructed,,,—,,,
2.2,html_table_14,12,0.5,rk4,200,0.0125,8001,S3,model_not_constructed,,,—,,,
2.2,html_table_14,12,0.5,rk4,200,0.0125,8001,S4,model_not_constructed,,,—,,,
2.2,html_table_14,12,0.5,rk4,200,0.0125,8001,S5,completed,0.0003856202291424903,0.0011679755443667617,3.856e-04 / 1.168e-03,p12_difference_rm_rk4_n200_dt0.0125_L4,C:\Users\msz\aca\Workspaces\hs_conserved_mesh_20260925\out\parameter_calibration\profiles\p12_difference_rm_rk4_n200_dt0.0125_L4.npz,5f49a749d3699cb802313833156cb919c0e5db49753b103e56727b4d28304d81
2.2,html_table_14,12,0.5,rk4,200,0.0125,8001,S6,completed,0.0002873285744594001,0.001608886469607107,2.873e-04 / 1.609e-03,p12_difference_fixed_rk4_n200_dt0.0125_L4,C:\Users\msz\aca\Workspaces\hs_conserved_mesh_20260925\out\parameter_calibration\profiles\p12_difference_fixed_rk4_n200_dt0.0125_L4.npz,56eb6e4acff7f7c8f48c92119f23db59c6789fb39e0a8ea29c2fcb233530fc87
2.2,html_table_14,12,0.5,rk8,200,0.0125,8001,S1,model_not_constructed,,,—,,,
2.2,html_table_14,12,0.5,rk8,200,0.0125,8001,S2,model_not_constructed,,,—,,,
2.2,html_table_14,12,0.5,rk8,200,0.0125,8001,S3,model_not_constructed,,,—,,,
2.2,html_table_14,12,0.5,rk8,200,0.0125,8001,S4,model_not_constructed,,,—,,,
2.2,html_table_14,12,0.5,rk8,200,0.0125,8001,S5,completed,0.0003856198613324171,0.001167975498904683,3.856e-04 / 1.168e-03,p12_difference_rm_rk8_n200_dt0.0125_L4,C:\Users\msz\aca\Workspaces\hs_conserved_mesh_20260925\out\parameter_calibration\profiles\p12_difference_rm_rk8_n200_dt0.0125_L4.npz,e22963452b11f6b86bf05887021eed60ffa98d9ab539b89535363ee54f93f71e
2.2,html_table_14,12,0.5,rk8,200,0.0125,8001,S6,completed,0.0002873285848933038,0.0016088864696424121,2.873e-04 / 1.609e-03,p12_difference_fixed_rk8_n200_dt0.0125_L4,C:\Users\msz\aca\Workspaces\hs_conserved_mesh_20260925\out\parameter_calibration\profiles\p12_difference_fixed_rk8_n200_dt0.0125_L4.npz,afc6c44cf9a304ce8ddb611b7b79247f581d764960c25f0c5c0b0bddf6e09de1
