section,table,p,t,method,N,dt,evaluation_points,S1,S2,S3,S4,S5,S6
2.1,html_table_5,3,0.5,rk4,400,0.003125,16001,—,—,—,—,1.130e-06 / 4.100e-06,1.237e-06 / 4.655e-06
2.1,html_table_5,4,0.5,rk4,400,0.003125,16001,—,—,—,—,4.885e-06 / 1.574e-05,6.110e-06 / 2.137e-05
2.1,html_table_5,5,0.5,rk4,400,0.003125,16001,—,—,—,—,8.837e-06 / 2.928e-05,1.304e-05 / 4.217e-05
2.1,html_table_5,6,0.5,rk4,400,0.003125,16001,—,—,—,—,1.385e-05 / 5.362e-05,2.096e-05 / 6.547e-05
2.1,html_table_5,8,0.5,rk4,400,0.003125,16001,—,—,—,—,2.928e-05 / 1.186e-04,3.797e-05 / 1.417e-04
2.1,html_table_5,10,0.5,rk4,400,0.003125,16001,—,—,—,—,5.314e-05 / 2.004e-04,5.525e-05 / 2.591e-04
2.1,html_table_5,11,0.5,rk4,400,0.003125,16001,—,—,—,—,7.318e-05 / 2.465e-04,6.377e-05 / 3.297e-04
2.1,html_table_5,12,0.5,rk4,400,0.003125,16001,—,—,—,—,9.690e-05 / 2.956e-04,7.216e-05 / 4.103e-04
2.1,html_table_5,14,0.5,rk4,400,0.003125,16001,—,—,—,—,1.549e-04 / 4.017e-04,8.856e-05 / 5.956e-04
2.1,html_table_5,16,0.5,rk4,400,0.003125,16001,—,—,—,—,2.256e-04 / 5.142e-04,1.072e-04 / 8.159e-04
2.1,html_table_5,18,0.5,rk4,400,0.003125,16001,—,—,—,—,3.073e-04 / 6.374e-04,1.278e-04 / 1.063e-03
2.1,html_table_5,20,0.5,rk4,400,0.003125,16001,—,—,—,—,3.984e-04 / 7.599e-04,1.479e-04 / 1.346e-03
2.1,html_table_5,22,0.5,rk4,400,0.003125,16001,—,—,—,—,4.977e-04 / 8.969e-04,1.697e-04 / 1.673e-03
2.1,html_table_6,3,0.25,euler,400,0.003125,16001,—,—,—,—,7.994e-07 / 2.580e-06,7.413e-07 / 2.790e-06
2.1,html_table_6,4,0.25,euler,400,0.003125,16001,—,—,—,—,4.241e-06 / 1.113e-05,4.444e-06 / 1.446e-05
2.1,html_table_6,5,0.25,euler,400,0.003125,16001,—,—,—,—,7.703e-06 / 2.192e-05,1.030e-05 / 2.985e-05
2.1,html_table_6,6,0.25,euler,400,0.003125,16001,—,—,—,—,1.024e-05 / 4.121e-05,1.704e-05 / 4.730e-05
2.1,html_table_6,8,0.25,euler,400,0.003125,16001,—,—,—,—,2.257e-05 / 9.284e-05,3.061e-05 / 1.107e-04
2.1,html_table_6,10,0.25,euler,400,0.003125,16001,—,—,—,—,4.240e-05 / 1.578e-04,4.297e-05 / 2.055e-04
2.1,html_table_6,11,0.25,euler,400,0.003125,16001,—,—,—,—,5.510e-05 / 1.943e-04,4.930e-05 / 2.626e-04
2.1,html_table_6,12,0.25,euler,400,0.003125,16001,—,—,—,—,6.947e-05 / 2.329e-04,5.817e-05 / 3.270e-04
2.1,html_table_6,14,0.25,euler,400,0.003125,16001,—,—,—,—,1.027e-04 / 3.151e-04,7.631e-05 / 4.759e-04
2.1,html_table_6,16,0.25,euler,400,0.003125,16001,—,—,—,—,1.415e-04 / 4.055e-04,9.485e-05 / 6.551e-04
2.1,html_table_6,18,0.25,euler,400,0.003125,16001,—,—,—,—,1.852e-04 / 4.994e-04,1.142e-04 / 8.599e-04
2.1,html_table_6,20,0.25,euler,400,0.003125,16001,—,—,—,—,2.329e-04 / 5.994e-04,1.336e-04 / 1.091e-03
2.1,html_table_6,22,0.25,euler,400,0.003125,16001,—,—,—,—,2.841e-04 / 7.032e-04,1.527e-04 / 1.340e-03
2.1,html_table_7,3,0.5,euler,400,0.003125,16001,—,—,—,—,6.933e-07 / 2.858e-06,9.785e-07 / 3.544e-06
2.1,html_table_7,4,0.5,euler,400,0.003125,16001,—,—,—,—,3.227e-06 / 9.394e-06,3.579e-06 / 1.254e-05
2.1,html_table_7,5,0.5,euler,400,0.003125,16001,—,—,—,—,6.572e-06 / 2.117e-05,8.029e-06 / 2.925e-05
2.1,html_table_7,6,0.5,euler,400,0.003125,16001,—,—,—,—,1.230e-05 / 4.296e-05,1.520e-05 / 5.094e-05
2.1,html_table_7,8,0.5,euler,400,0.003125,16001,—,—,—,—,3.223e-05 / 1.042e-04,3.224e-05 / 1.212e-04
2.1,html_table_7,10,0.5,euler,400,0.003125,16001,—,—,—,—,5.635e-05 / 1.838e-04,5.023e-05 / 2.343e-04
2.1,html_table_7,11,0.5,euler,400,0.003125,16001,—,—,—,—,7.738e-05 / 2.290e-04,5.915e-05 / 3.035e-04
2.1,html_table_7,12,0.5,euler,400,0.003125,16001,—,—,—,—,1.020e-04 / 2.772e-04,6.794e-05 / 3.823e-04
2.1,html_table_7,14,0.5,euler,400,0.003125,16001,—,—,—,—,1.618e-04 / 3.818e-04,8.505e-05 / 5.652e-04
2.1,html_table_7,16,0.5,euler,400,0.003125,16001,—,—,—,—,2.340e-04 / 4.932e-04,1.024e-04 / 7.840e-04
2.1,html_table_7,18,0.5,euler,400,0.003125,16001,—,—,—,—,3.171e-04 / 6.157e-04,1.231e-04 / 1.030e-03
2.1,html_table_7,20,0.5,euler,400,0.003125,16001,—,—,—,—,4.095e-04 / 7.386e-04,1.434e-04 / 1.312e-03
2.1,html_table_7,22,0.5,euler,400,0.003125,16001,—,—,—,—,5.106e-04 / 8.742e-04,1.653e-04 / 1.638e-03
2.1,html_table_8,3,0.25,rk4,400,0.003125,16001,—,—,—,—,1.100e-06 / 3.936e-06,1.229e-06 / 4.458e-06
2.1,html_table_8,4,0.25,rk4,400,0.003125,16001,—,—,—,—,4.671e-06 / 1.439e-05,6.144e-06 / 1.948e-05
2.1,html_table_8,5,0.25,rk4,400,0.003125,16001,—,—,—,—,8.484e-06 / 2.586e-05,1.286e-05 / 3.636e-05
2.1,html_table_8,6,0.25,rk4,400,0.003125,16001,—,—,—,—,1.140e-05 / 4.630e-05,1.999e-05 / 5.432e-05
2.1,html_table_8,8,0.25,rk4,400,0.003125,16001,—,—,—,—,1.896e-05 / 9.935e-05,3.355e-05 / 1.206e-04
2.1,html_table_8,10,0.25,rk4,400,0.003125,16001,—,—,—,—,3.598e-05 / 1.651e-04,4.557e-05 / 2.174e-04
2.1,html_table_8,11,0.25,rk4,400,0.003125,16001,—,—,—,—,4.721e-05 / 2.018e-04,5.159e-05 / 2.752e-04
2.1,html_table_8,12,0.25,rk4,400,0.003125,16001,—,—,—,—,6.028e-05 / 2.406e-04,6.044e-05 / 3.404e-04
2.1,html_table_8,14,0.25,rk4,400,0.003125,16001,—,—,—,—,9.141e-05 / 3.230e-04,7.849e-05 / 4.901e-04
2.1,html_table_8,16,0.25,rk4,400,0.003125,16001,—,—,—,—,1.286e-04 / 4.138e-04,9.691e-05 / 6.704e-04
2.1,html_table_8,18,0.25,rk4,400,0.003125,16001,—,—,—,—,1.710e-04 / 5.076e-04,1.162e-04 / 8.759e-04
2.1,html_table_8,20,0.25,rk4,400,0.003125,16001,—,—,—,—,2.179e-04 / 6.080e-04,1.354e-04 / 1.107e-03
2.1,html_table_8,22,0.25,rk4,400,0.003125,16001,—,—,—,—,2.685e-04 / 7.114e-04,1.544e-04 / 1.357e-03
2.2,html_table_11,12,0.25,euler,200,0.0125,8001,—,—,—,—,2.780e-04 / 9.236e-04,2.327e-04 / 1.305e-03
2.2,html_table_11,12,0.25,heun,200,0.0125,8001,—,—,—,—,2.391e-04 / 9.549e-04,2.412e-04 / 1.358e-03
2.2,html_table_11,12,0.25,rk4,200,0.0125,8001,—,—,—,—,2.401e-04 / 9.553e-04,2.412e-04 / 1.358e-03
2.2,html_table_11,12,0.25,rk8,200,0.0125,8001,—,—,—,—,2.401e-04 / 9.553e-04,2.412e-04 / 1.358e-03
2.2,html_table_12,5,0.25,euler,200,0.0125,8001,—,—,—,—,3.084e-05 / 8.756e-05,4.118e-05 / 1.194e-04
2.2,html_table_12,5,0.25,heun,200,0.0125,8001,—,—,—,—,3.387e-05 / 1.032e-04,5.144e-05 / 1.453e-04
2.2,html_table_12,5,0.25,rk4,200,0.0125,8001,—,—,—,—,3.391e-05 / 1.032e-04,5.144e-05 / 1.454e-04
2.2,html_table_12,5,0.25,rk8,200,0.0125,8001,—,—,—,—,3.391e-05 / 1.032e-04,5.144e-05 / 1.454e-04
2.2,html_table_13,5,0.5,euler,200,0.0125,8001,—,—,—,—,2.624e-05 / 8.466e-05,3.191e-05 / 1.170e-04
2.2,html_table_13,5,0.5,heun,200,0.0125,8001,—,—,—,—,3.521e-05 / 1.168e-04,5.212e-05 / 1.684e-04
2.2,html_table_13,5,0.5,rk4,200,0.0125,8001,—,—,—,—,3.534e-05 / 1.169e-04,5.210e-05 / 1.685e-04
2.2,html_table_13,5,0.5,rk8,200,0.0125,8001,—,—,—,—,3.534e-05 / 1.169e-04,5.210e-05 / 1.685e-04
2.2,html_table_14,12,0.5,euler,200,0.0125,8001,—,—,—,—,4.157e-04 / 1.096e-03,2.715e-04 / 1.498e-03
2.2,html_table_14,12,0.5,heun,200,0.0125,8001,—,—,—,—,3.833e-04 / 1.167e-03,2.874e-04 / 1.609e-03
2.2,html_table_14,12,0.5,rk4,200,0.0125,8001,—,—,—,—,3.856e-04 / 1.168e-03,2.873e-04 / 1.609e-03
2.2,html_table_14,12,0.5,rk8,200,0.0125,8001,—,—,—,—,3.856e-04 / 1.168e-03,2.873e-04 / 1.609e-03
