table,p,t,method,scheme,field,html,recomputed,passes_rounding
5,3,0.5,rk4,S5,u,1.13e-06,1.1301980940674194e-06,True
5,3,0.5,rk4,S5,rho,4.1e-06,4.100063228595907e-06,True
5,3,0.5,rk4,S6,u,1.237e-06,1.2373840561144545e-06,True
5,3,0.5,rk4,S6,rho,4.655e-06,4.655438240019905e-06,True
5,4,0.5,rk4,S5,u,4.885e-06,4.884877974148383e-06,True
5,4,0.5,rk4,S5,rho,1.574e-05,1.5743746396679192e-05,True
5,4,0.5,rk4,S6,u,6.11e-06,6.1096916315339644e-06,True
5,4,0.5,rk4,S6,rho,2.137e-05,2.13683971725942e-05,True
5,5,0.5,rk4,S5,u,8.837e-06,8.83707757173835e-06,True
5,5,0.5,rk4,S5,rho,2.928e-05,2.928142752212093e-05,True
5,5,0.5,rk4,S6,u,1.304e-05,1.3039419100260852e-05,True
5,5,0.5,rk4,S6,rho,4.217e-05,4.216509350030151e-05,True
5,6,0.5,rk4,S5,u,1.385e-05,1.384716332278324e-05,True
5,6,0.5,rk4,S5,rho,5.362e-05,5.362321071611387e-05,True
5,6,0.5,rk4,S6,u,2.096e-05,2.095725214328048e-05,True
5,6,0.5,rk4,S6,rho,6.547e-05,6.547136034662504e-05,True
5,8,0.5,rk4,S5,u,2.928e-05,2.9277984930260043e-05,True
5,8,0.5,rk4,S5,rho,0.0001186,0.00011861584082373255,True
5,8,0.5,rk4,S6,u,3.797e-05,3.797218281714754e-05,True
5,8,0.5,rk4,S6,rho,0.0001417,0.00014170704873261997,True
5,10,0.5,rk4,S5,u,5.314e-05,5.314455921491025e-05,True
5,10,0.5,rk4,S5,rho,0.0002004,0.00020043894360133319,True
5,10,0.5,rk4,S6,u,5.525e-05,5.5251520695742684e-05,True
5,10,0.5,rk4,S6,rho,0.0002591,0.0002591412876798982,True
5,11,0.5,rk4,S5,u,7.318e-05,7.317982883167564e-05,True
5,11,0.5,rk4,S5,rho,0.0002465,0.0002464645793406328,True
5,11,0.5,rk4,S6,u,6.377e-05,6.377093679732493e-05,True
5,11,0.5,rk4,S6,rho,0.0003297,0.00032969960741680016,True
5,12,0.5,rk4,S5,u,9.69e-05,9.69037606271218e-05,True
5,12,0.5,rk4,S5,rho,0.0002956,0.00029557674484481655,True
5,12,0.5,rk4,S6,u,7.216e-05,7.216233094198277e-05,True
5,12,0.5,rk4,S6,rho,0.0004103,0.00041034926187766274,True
5,14,0.5,rk4,S5,u,0.0001549,0.00015486197937055694,True
5,14,0.5,rk4,S5,rho,0.0004017,0.00040172359547407943,True
5,14,0.5,rk4,S6,u,8.856e-05,8.856221441488898e-05,True
5,14,0.5,rk4,S6,rho,0.0005956,0.0005956306898883268,True
5,16,0.5,rk4,S5,u,0.0002256,0.00022556857573803515,True
5,16,0.5,rk4,S5,rho,0.0005142,0.0005141618276726101,True
5,16,0.5,rk4,S6,u,0.0001072,0.0001071713013698454,True
5,16,0.5,rk4,S6,rho,0.0008159,0.0008159411828880803,True
5,18,0.5,rk4,S5,u,0.0003073,0.0003072952944788727,True
5,18,0.5,rk4,S5,rho,0.0006374,0.0006373789856691792,True
5,18,0.5,rk4,S6,u,0.0001278,0.0001277798121298787,True
5,18,0.5,rk4,S6,rho,0.001063,0.0010629250270234314,True
5,20,0.5,rk4,S5,u,0.0003984,0.00039840196680088853,True
5,20,0.5,rk4,S5,rho,0.0007599,0.000759907663737458,True
5,20,0.5,rk4,S6,u,0.0001479,0.0001478539937824451,True
5,20,0.5,rk4,S6,rho,0.001346,0.0013464793081077175,True
5,22,0.5,rk4,S5,u,0.0004977,0.0004977210648442706,True
5,22,0.5,rk4,S5,rho,0.0008969,0.000896921660044292,True
5,22,0.5,rk4,S6,u,0.0001697,0.00016968728528282337,True
5,22,0.5,rk4,S6,rho,0.001673,0.001673201807660174,True
6,3,0.25,euler,S5,u,7.994e-07,7.993538219119856e-07,True
6,3,0.25,euler,S5,rho,2.58e-06,2.5802285954501514e-06,True
6,3,0.25,euler,S6,u,7.413e-07,7.413489204570467e-07,True
6,3,0.25,euler,S6,rho,2.79e-06,2.7904042918525107e-06,True
6,4,0.25,euler,S5,u,4.241e-06,4.241434777452202e-06,True
6,4,0.25,euler,S5,rho,1.113e-05,1.1132988278372835e-05,True
6,4,0.25,euler,S6,u,4.444e-06,4.444338435084794e-06,True
6,4,0.25,euler,S6,rho,1.446e-05,1.4455986687145206e-05,True
6,5,0.25,euler,S5,u,7.703e-06,7.702920424679238e-06,True
6,5,0.25,euler,S5,rho,2.192e-05,2.1919656579161284e-05,True
6,5,0.25,euler,S6,u,1.03e-05,1.029741994169886e-05,True
6,5,0.25,euler,S6,rho,2.985e-05,2.9854678212148933e-05,True
6,6,0.25,euler,S5,u,1.024e-05,1.0241808394768903e-05,True
6,6,0.25,euler,S5,rho,4.121e-05,4.120953689457085e-05,True
6,6,0.25,euler,S6,u,1.704e-05,1.7039361232998318e-05,True
6,6,0.25,euler,S6,rho,4.73e-05,4.729774944067788e-05,True
6,8,0.25,euler,S5,u,2.257e-05,2.2573466738777526e-05,True
6,8,0.25,euler,S5,rho,9.284e-05,9.284385738439482e-05,True
6,8,0.25,euler,S6,u,3.061e-05,3.061207867305349e-05,True
6,8,0.25,euler,S6,rho,0.0001107,0.0001107492261649412,True
6,10,0.25,euler,S5,u,4.24e-05,4.2403528432426174e-05,True
6,10,0.25,euler,S5,rho,0.0001578,0.0001578159968592674,True
6,10,0.25,euler,S6,u,4.297e-05,4.2966286692536215e-05,True
6,10,0.25,euler,S6,rho,0.0002055,0.00020553003023782157,True
6,11,0.25,euler,S5,u,5.51e-05,5.509634541653579e-05,True
6,11,0.25,euler,S5,rho,0.0001943,0.0001942572479547433,True
6,11,0.25,euler,S6,u,4.93e-05,4.9303958824256644e-05,True
6,11,0.25,euler,S6,rho,0.0002626,0.0002626366821145698,True
6,12,0.25,euler,S5,u,6.947e-05,6.94709168679291e-05,True
6,12,0.25,euler,S5,rho,0.0002329,0.00023285672306372351,True
6,12,0.25,euler,S6,u,5.817e-05,5.8169494742889294e-05,True
6,12,0.25,euler,S6,rho,0.000327,0.00032700470050306407,True
6,14,0.25,euler,S5,u,0.0001027,0.00010273977358768883,True
6,14,0.25,euler,S5,rho,0.0003151,0.0003151349795667002,True
6,14,0.25,euler,S6,u,7.631e-05,7.63121555202445e-05,True
6,14,0.25,euler,S6,rho,0.0004759,0.0004758629498156086,True
6,16,0.25,euler,S5,u,0.0001415,0.0001415397531074128,True
6,16,0.25,euler,S5,rho,0.0004055,0.0004054855651082212,True
6,16,0.25,euler,S6,u,9.485e-05,9.48542333746652e-05,True
6,16,0.25,euler,S6,rho,0.0006551,0.0006551138981943927,True
6,18,0.25,euler,S5,u,0.0001852,0.00018515913440841783,True
6,18,0.25,euler,S5,rho,0.0004994,0.0004994402288429622,True
6,18,0.25,euler,S6,u,0.0001142,0.00011420872826411674,True
6,18,0.25,euler,S6,rho,0.0008599,0.000859935506261178,True
6,20,0.25,euler,S5,u,0.0002329,0.00023291251092111232,True
6,20,0.25,euler,S5,rho,0.0005994,0.000599409404936746,True
6,20,0.25,euler,S6,u,0.0001336,0.00013355177148180117,True
6,20,0.25,euler,S6,rho,0.001091,0.0010907106309858694,True
6,22,0.25,euler,S5,u,0.0002841,0.00028409972069216253,True
6,22,0.25,euler,S5,rho,0.0007032,0.0007031862165393088,True
6,22,0.25,euler,S6,u,0.0001527,0.00015271570906415927,True
6,22,0.25,euler,S6,rho,0.00134,0.001339954915635655,True
7,3,0.5,euler,S5,u,6.933e-07,6.933257425401074e-07,True
7,3,0.5,euler,S5,rho,2.858e-06,2.858197546085073e-06,True
7,3,0.5,euler,S6,u,9.785e-07,9.784505280163724e-07,True
7,3,0.5,euler,S6,rho,3.544e-06,3.544438560876273e-06,True
7,4,0.5,euler,S5,u,3.227e-06,3.2271779303386094e-06,True
7,4,0.5,euler,S5,rho,9.394e-06,9.393969396920276e-06,True
7,4,0.5,euler,S6,u,3.579e-06,3.5793222254720813e-06,True
7,4,0.5,euler,S6,rho,1.254e-05,1.2536134300522583e-05,True
7,5,0.5,euler,S5,u,6.572e-06,6.571553982426259e-06,True
7,5,0.5,euler,S5,rho,2.117e-05,2.1165815389134757e-05,True
7,5,0.5,euler,S6,u,8.029e-06,8.028874238438788e-06,True
7,5,0.5,euler,S6,rho,2.925e-05,2.925436380496471e-05,True
7,6,0.5,euler,S5,u,1.23e-05,1.2300178176220117e-05,True
7,6,0.5,euler,S5,rho,4.296e-05,4.296034496265033e-05,True
7,6,0.5,euler,S6,u,1.52e-05,1.5195150011762526e-05,True
7,6,0.5,euler,S6,rho,5.094e-05,5.094347128042909e-05,True
7,8,0.5,euler,S5,u,3.223e-05,3.223477611330808e-05,True
7,8,0.5,euler,S5,rho,0.0001042,0.00010422552640454441,True
7,8,0.5,euler,S6,u,3.224e-05,3.224284073075068e-05,True
7,8,0.5,euler,S6,rho,0.0001212,0.00012115075837670908,True
7,10,0.5,euler,S5,u,5.635e-05,5.6353753168000495e-05,True
7,10,0.5,euler,S5,rho,0.0001838,0.0001838241683365105,True
7,10,0.5,euler,S6,u,5.023e-05,5.0230526006500575e-05,True
7,10,0.5,euler,S6,rho,0.0002343,0.00023428137749970102,True
7,11,0.5,euler,S5,u,7.738e-05,7.737880068448173e-05,True
7,11,0.5,euler,S5,rho,0.000229,0.00022895683889223584,True
7,11,0.5,euler,S6,u,5.915e-05,5.915161816247294e-05,True
7,11,0.5,euler,S6,rho,0.0003035,0.00030346410542925195,True
7,12,0.5,euler,S5,u,0.000102,0.00010204648944293904,True
7,12,0.5,euler,S5,rho,0.0002772,0.00027723620614139577,True
7,12,0.5,euler,S6,u,6.794e-05,6.794085234035352e-05,True
7,12,0.5,euler,S6,rho,0.0003823,0.0003822576244909559,True
7,14,0.5,euler,S5,u,0.0001618,0.00016176900052615288,True
7,14,0.5,euler,S5,rho,0.0003818,0.0003817615037163824,True
7,14,0.5,euler,S6,u,8.505e-05,8.504744926432495e-05,True
7,14,0.5,euler,S6,rho,0.0005652,0.0005651745461769941,True
7,16,0.5,euler,S5,u,0.000234,0.00023401950880636707,True
7,16,0.5,euler,S5,rho,0.0004932,0.0004932459378923504,True
7,16,0.5,euler,S6,u,0.0001024,0.00010236927606778815,True
7,16,0.5,euler,S6,rho,0.000784,0.0007839570870199486,True
7,18,0.5,euler,S5,u,0.0003171,0.00031711825978011574,True
7,18,0.5,euler,S5,rho,0.0006157,0.0006157281235485978,True
7,18,0.5,euler,S6,u,0.0001231,0.00012314259822057694,True
7,18,0.5,euler,S6,rho,0.00103,0.0010298269177710928,True
7,20,0.5,euler,S5,u,0.0004095,0.0004094620467639371,True
7,20,0.5,euler,S5,rho,0.0007386,0.0007385964672795842,True
7,20,0.5,euler,S6,u,0.0001434,0.000143419232116717,True
7,20,0.5,euler,S6,rho,0.001312,0.0013122305823122238,True
7,22,0.5,euler,S5,u,0.0005106,0.0005106294419069679,True
7,22,0.5,euler,S5,rho,0.0008742,0.0008742027251552598,True
7,22,0.5,euler,S6,u,0.0001653,0.0001653364783190739,True
7,22,0.5,euler,S6,rho,0.001638,0.0016376478840863795,True
8,3,0.25,rk4,S5,u,1.1e-06,1.0996468425908401e-06,True
8,3,0.25,rk4,S5,rho,3.936e-06,3.936374801893905e-06,True
8,3,0.25,rk4,S6,u,1.229e-06,1.2285876290624165e-06,True
8,3,0.25,rk4,S6,rho,4.458e-06,4.458102480286996e-06,True
8,4,0.25,rk4,S5,u,4.671e-06,4.671389762372913e-06,True
8,4,0.25,rk4,S5,rho,1.439e-05,1.4387101919477452e-05,True
8,4,0.25,rk4,S6,u,6.144e-06,6.143610951157841e-06,True
8,4,0.25,rk4,S6,rho,1.948e-05,1.9479710161918184e-05,True
8,5,0.25,rk4,S5,u,8.484e-06,8.484303693587214e-06,True
8,5,0.25,rk4,S5,rho,2.586e-05,2.585756636641623e-05,True
8,5,0.25,rk4,S6,u,1.286e-05,1.2860653116480991e-05,True
8,5,0.25,rk4,S6,rho,3.636e-05,3.6364703567492995e-05,True
8,6,0.25,rk4,S5,u,1.14e-05,1.1401493166918186e-05,True
8,6,0.25,rk4,S5,rho,4.63e-05,4.6295329647283445e-05,True
8,6,0.25,rk4,S6,u,1.999e-05,1.9986060325730137e-05,True
8,6,0.25,rk4,S6,rho,5.432e-05,5.432236172342453e-05,True
8,8,0.25,rk4,S5,u,1.896e-05,1.8958080168333252e-05,True
8,8,0.25,rk4,S5,rho,9.935e-05,9.93465641323521e-05,True
8,8,0.25,rk4,S6,u,3.355e-05,3.3552273639742e-05,True
8,8,0.25,rk4,S6,rho,0.0001206,0.00012061440908517351,True
8,10,0.25,rk4,S5,u,3.598e-05,3.598417732258996e-05,True
8,10,0.25,rk4,S5,rho,0.0001651,0.000165068366054677,True
8,10,0.25,rk4,S6,u,4.557e-05,4.5565697911587044e-05,True
8,10,0.25,rk4,S6,rho,0.0002174,0.0002174326962082196,True
8,11,0.25,rk4,S5,u,4.721e-05,4.720675426404374e-05,True
8,11,0.25,rk4,S5,rho,0.0002018,0.00020178402805270945,True
8,11,0.25,rk4,S6,u,5.159e-05,5.159009284744914e-05,True
8,11,0.25,rk4,S6,rho,0.0002752,0.0002752250990590843,True
8,12,0.25,rk4,S5,u,6.028e-05,6.0279397348698104e-05,True
8,12,0.25,rk4,S5,rho,0.0002406,0.00024062857422502137,True
8,12,0.25,rk4,S6,u,6.044e-05,6.044393612542401e-05,True
8,12,0.25,rk4,S6,rho,0.0003404,0.00034038484412013403,True
8,14,0.25,rk4,S5,u,9.141e-05,9.140742145480416e-05,True
8,14,0.25,rk4,S5,rho,0.000323,0.000322999031578175,True
8,14,0.25,rk4,S6,u,7.849e-05,7.848597447623895e-05,True
8,14,0.25,rk4,S6,rho,0.0004901,0.0004901473228701159,True
8,16,0.25,rk4,S5,u,0.0001286,0.00012860211445908914,True
8,16,0.25,rk4,S5,rho,0.0004138,0.0004137669608159644,True
8,16,0.25,rk4,S6,u,9.691e-05,9.690681439091658e-05,True
8,16,0.25,rk4,S6,rho,0.0006704,0.0006704067851226458,True
8,18,0.25,rk4,S5,u,0.000171,0.00017103763135848044,True
8,18,0.25,rk4,S5,rho,0.0005076,0.0005075617537310118,True
8,18,0.25,rk4,S6,u,0.0001162,0.0001161597217886716,True
8,18,0.25,rk4,S6,rho,0.0008759,0.0008758784079628823,True
8,20,0.25,rk4,S5,u,0.0002179,0.00021792992559110371,True
8,20,0.25,rk4,S5,rho,0.000608,0.0006079975020273354,True
8,20,0.25,rk4,S6,u,0.0001354,0.00013536969245360464,True
8,20,0.25,rk4,S6,rho,0.001107,0.0011072067112687378,True
8,22,0.25,rk4,S5,u,0.0002685,0.000268502441411318,True
8,22,0.25,rk4,S5,rho,0.0007114,0.0007114318137702025,True
8,22,0.25,rk4,S6,u,0.0001544,0.00015442270877168845,True
8,22,0.25,rk4,S6,rho,0.001357,0.0013568441895059902,True
11,12,0.25,euler,S5,u,0.000278,0.0002780278824918263,True
11,12,0.25,euler,S5,rho,0.0009236,0.0009235930394877467,True
11,12,0.25,euler,S6,u,0.0002327,0.00023272182048918177,True
11,12,0.25,euler,S6,rho,0.001305,0.001304914599995155,True
11,12,0.25,heun,S5,u,0.0002391,0.00023910476424104845,True
11,12,0.25,heun,S5,rho,0.0009549,0.0009549453046907574,True
11,12,0.25,heun,S6,u,0.0002412,0.0002412074949222666,True
11,12,0.25,heun,S6,rho,0.001358,0.0013576999071215345,True
11,12,0.25,rk4,S5,u,0.0002401,0.00024011066902141984,True
11,12,0.25,rk4,S5,rho,0.0009553,0.0009552630049087796,True
11,12,0.25,rk4,S6,u,0.0002412,0.00024124983897260907,True
11,12,0.25,rk4,S6,rho,0.001358,0.0013578400176519345,True
11,12,0.25,rk8,S5,u,0.0002401,0.00024011050635495967,True
11,12,0.25,rk8,S5,rho,0.0009553,0.0009552629759410625,True
11,12,0.25,rk8,S6,u,0.0002412,0.000241249834416285,True
11,12,0.25,rk8,S6,rho,0.001358,0.0013578400168269278,True
12,5,0.25,euler,S5,u,3.084e-05,3.08380840046002e-05,True
12,5,0.25,euler,S5,rho,8.756e-05,8.756151520805666e-05,True
12,5,0.25,euler,S6,u,4.118e-05,4.1184640603000866e-05,True
12,5,0.25,euler,S6,rho,0.0001194,0.00011941549714900024,True
12,5,0.25,heun,S5,u,3.387e-05,3.386989127743267e-05,True
12,5,0.25,heun,S5,rho,0.0001032,0.00010319475952569324,True
12,5,0.25,heun,S6,u,5.144e-05,5.14400858629277e-05,True
12,5,0.25,heun,S6,rho,0.0001453,0.0001453318847853824,True
12,5,0.25,rk4,S5,u,3.391e-05,3.3914376111249256e-05,True
12,5,0.25,rk4,S5,rho,0.0001032,0.00010322375712246146,True
12,5,0.25,rk4,S6,u,5.144e-05,5.143535572418867e-05,True
12,5,0.25,rk4,S6,rho,0.0001454,0.00014537266110503655,True
12,5,0.25,rk8,S5,u,3.391e-05,3.3914369557450086e-05,True
12,5,0.25,rk8,S5,rho,0.0001032,0.00010322375691551589,True
12,5,0.25,rk8,S6,u,5.144e-05,5.1435356835854984e-05,True
12,5,0.25,rk8,S6,rho,0.0001454,0.0001453726611585493,True
13,5,0.5,euler,S5,u,2.624e-05,2.6244474943606932e-05,True
13,5,0.5,euler,S5,rho,8.466e-05,8.466438731680181e-05,True
13,5,0.5,euler,S6,u,3.191e-05,3.191445048272845e-05,True
13,5,0.5,euler,S6,rho,0.000117,0.00011700428181060651,True
13,5,0.5,heun,S5,u,3.521e-05,3.521316177904077e-05,True
13,5,0.5,heun,S5,rho,0.0001168,0.00011684093631003645,True
13,5,0.5,heun,S6,u,5.212e-05,5.211686724503062e-05,True
13,5,0.5,heun,S6,rho,0.0001684,0.00016835717767160752,True
13,5,0.5,rk4,S5,u,3.534e-05,3.53376430190927e-05,True
13,5,0.5,rk4,S5,rho,0.0001169,0.00011689691757577059,True
13,5,0.5,rk4,S6,u,5.21e-05,5.210223207183229e-05,True
13,5,0.5,rk4,S6,rho,0.0001685,0.0001684635066221407,True
13,5,0.5,rk8,S5,u,3.534e-05,3.5337625014703056e-05,True
13,5,0.5,rk8,S5,rho,0.0001169,0.00011689691783500766,True
13,5,0.5,rk8,S6,u,5.21e-05,5.210223558529958e-05,True
13,5,0.5,rk8,S6,rho,0.0001685,0.00016846350676713584,True
14,12,0.5,euler,S5,u,0.0004157,0.0004157356207667518,True
14,12,0.5,euler,S5,rho,0.001096,0.0010963185693886324,True
14,12,0.5,euler,S6,u,0.0002715,0.00027148312870384217,True
14,12,0.5,euler,S6,rho,0.001498,0.0014978475889015908,True
14,12,0.5,heun,S5,u,0.0003833,0.0003833200228645474,True
14,12,0.5,heun,S5,rho,0.001167,0.0011674571750039942,True
14,12,0.5,heun,S6,u,0.0002874,0.00028737518703988996,True
14,12,0.5,heun,S6,rho,0.001609,0.0016086097878408312,True
14,12,0.5,rk4,S5,u,0.0003856,0.0003856202291424903,True
14,12,0.5,rk4,S5,rho,0.001168,0.0011679755443667617,True
14,12,0.5,rk4,S6,u,0.0002873,0.0002873285744594001,True
14,12,0.5,rk4,S6,rho,0.001609,0.001608886469607107,True
14,12,0.5,rk8,S5,u,0.0003856,0.0003856198613324171,True
14,12,0.5,rk8,S5,rho,0.001168,0.001167975498904683,True
14,12,0.5,rk8,S6,u,0.0002873,0.0002873285848933038,True
14,12,0.5,rk8,S6,rho,0.001609,0.0016088864696424121,True
