case,model,mesh,t,field,dt_vs_half,half_vs_quarter,order
fig1a,SD,fixed,0.001,u,4.038795315963739e-07,2.019488890558918e-07,0.9999348232316427
fig1a,SD,fixed,0.001,v,3.346189427766433e-07,1.6702487748432304e-07,1.0024561180418208
fig1a,SD,fixed,0.005,u,2.0289918207794244e-06,1.0146635649466162e-06,0.9997616013908043
fig1a,SD,fixed,0.005,v,1.525981823791156e-06,7.618429700428919e-07,1.00217221082321
fig1a,SD,fixed,0.01,u,4.117437371831123e-06,2.059765692341564e-06,0.9992664723852842
fig1a,SD,fixed,0.01,v,2.75093885404587e-06,1.373789850767082e-06,1.0017627414454093
fig1a,SD,fixed,0.02,u,9.092789172715499e-06,4.556158081703288e-06,0.9969050985515233
fig1a,SD,fixed,0.02,v,6.740398111659829e-06,3.3811351209944718e-06,0.995326132475197
fig1a,SD2,fixed,0.001,u,4.427852939858923e-07,2.2164087942755373e-07,0.9983833108849985
fig1a,SD2,fixed,0.001,v,1.3818294402057063e-06,6.913753125559197e-07,0.9990385599884207
fig1a,SD2,fixed,0.005,u,2.4037533723486604e-06,1.2040055905604419e-06,0.997446790616732
fig1a,SD2,fixed,0.005,v,7.1572559634525135e-06,3.5814061847272427e-06,0.9988804243666792
fig1a,SD2,fixed,0.01,u,5.479559684662405e-06,2.7457591023072325e-06,0.9968549117164336
fig1a,SD2,fixed,0.01,v,1.5193883823982901e-05,7.607351761418357e-06,0.9980244737685452
fig1a,SD2,fixed,0.02,u,1.498735971505738e-05,7.5166450792529815e-06,0.9955854603433858
fig1a,SD2,fixed,0.02,v,3.684678890492066e-05,1.846119215920261e-05,0.9970431777513914
fig1a,FD,fixed,0.001,u,4.2306908798472875e-07,2.1151812190645103e-07,1.000112005260006
fig1a,FD,fixed,0.001,v,1.8990376271510456e-07,9.524053679044187e-08,0.9956208340441988
fig1a,FD,fixed,0.005,u,2.1107565869593614e-06,1.0555017960767188e-06,0.9998311826565909
fig1a,FD,fixed,0.005,v,1.1140406559473348e-06,5.585922575601643e-07,0.9959344013337885
fig1a,FD,fixed,0.01,u,4.27654904933128e-06,2.139507004450536e-06,0.9991686847442945
fig1a,FD,fixed,0.01,v,2.6778637158830776e-06,1.3426085738732496e-06,0.9960437790886639
fig1a,FD,fixed,0.02,u,9.626632430981275e-06,4.825399287700094e-06,0.9963828795483946
fig1a,FD,fixed,0.02,v,7.68083979352241e-06,3.852941108606345e-06,0.9953039234289652
fig1a,SD,moving,0.001,u,2.518771422543864e-07,1.2597937670832948e-07,0.9995326255190106
fig1a,SD,moving,0.001,v,1.527345132590341e-07,7.625811360156831e-08,1.0020633546280173
fig1a,SD,moving,0.005,u,1.2837021923228775e-06,6.421849689797199e-07,0.9992497458861886
fig1a,SD,moving,0.005,v,7.156314605349934e-07,3.5741347281792457e-07,1.0016227941654063
fig1a,SD,moving,0.01,u,2.6648130944106896e-06,1.3334501156592182e-06,0.9988704935782132
fig1a,SD,moving,0.01,v,1.6770213844274906e-06,8.424252142535948e-07,0.9932805626654291
fig1a,SD,moving,0.02,u,6.0053427832773565e-06,3.007052613135386e-06,0.9978964865471066
fig1a,SD,moving,0.02,v,6.369845779508054e-06,3.2128481437521117e-06,0.9874056507800497
fig1a,SD2,moving,0.001,u,2.3183081609978728e-07,1.1606572991595954e-07,0.9981302907385835
fig1a,SD2,moving,0.001,v,5.821224915436574e-07,2.912435073110231e-07,0.9990968721243114
fig1a,SD2,moving,0.005,u,1.2572427341428494e-06,6.296134964500766e-07,0.997724843790866
fig1a,SD2,moving,0.005,v,3.0226208733719062e-06,1.5125491974465888e-06,0.998817964904178
fig1a,SD2,moving,0.01,u,2.8243857925769333e-06,1.414937265575844e-06,0.9971990754028234
fig1a,SD2,moving,0.01,v,6.568043233512455e-06,3.2898720538909743e-06,0.997432146215776
fig1a,SD2,moving,0.02,u,7.516328266898853e-06,3.770313253159685e-06,0.9953436826406872
fig1a,SD2,moving,0.02,v,1.7602900405755406e-05,8.839421404616132e-06,0.9937893149199346
fig1a,FD,moving,0.001,u,2.744861391512643e-07,1.3727612713232418e-07,0.9996525417973975
fig1a,FD,moving,0.001,v,1.1473982963750018e-07,5.747276943246504e-08,0.9974158061215352
fig1a,FD,moving,0.005,u,1.3912048095754415e-06,6.958886076269266e-07,0.9994065309528422
fig1a,FD,moving,0.005,v,6.41859901673314e-07,3.215994581751147e-07,0.99699345974502
fig1a,FD,moving,0.01,u,2.864020439474757e-06,1.4329638140520018e-06,0.9990396102559352
fig1a,FD,moving,0.01,v,1.497814833273381e-06,7.508302539704914e-07,0.9963005938167669
fig1a,FD,moving,0.02,u,6.353202241182743e-06,3.1807862181931768e-06,0.9981005340382143
fig1a,FD,moving,0.02,v,4.942293476473125e-06,2.4905112732120926e-06,0.9887387400089335
fig1b,SD,fixed,0.001,u,2.9416017796601857e-07,1.470806934855684e-07,0.9999940705022815
fig1b,SD,fixed,0.001,v,3.543006887318789e-07,1.7713993277768125e-07,1.0000847934460597
fig1b,SD,fixed,0.005,u,1.471246797279946e-06,7.356209787423573e-07,1.0000047458795334
fig1b,SD,fixed,0.005,v,1.767150403286788e-06,8.835245118854473e-07,1.000082768235288
fig1b,SD,fixed,0.01,u,2.9440543826142473e-06,1.4720145382063343e-06,1.000012401023788
fig1b,SD,fixed,0.01,v,3.5234956728413813e-06,1.7616444738521864e-06,1.0000846460750925
fig1b,SD,fixed,0.02,u,5.896847239839076e-06,2.948367638699878e-06,1.0000273924663248
fig1b,SD,fixed,0.02,v,7.00397892783311e-06,3.5017755319333155e-06,1.0000881350563835
fig1b,SD2,fixed,0.001,u,2.628857777020599e-07,1.314438216049041e-07,0.9999897622866804
fig1b,SD2,fixed,0.001,v,1.075109434423016e-06,5.375615077518603e-07,0.9999817755910221
fig1b,SD2,fixed,0.005,u,1.3191779933419134e-06,6.59592626461869e-07,0.9999920607121009
fig1b,SD2,fixed,0.005,v,5.3907926476637336e-06,2.6954291285075094e-06,0.9999824415970109
fig1b,SD2,fixed,0.01,u,2.6502895660862613e-06,1.3251445004081042e-06,1.000000307706901
fig1b,SD2,fixed,0.01,v,1.0819828394348363e-05,5.409976991499477e-06,0.9999832543488433
fig1b,SD2,fixed,0.02,u,5.348858061193784e-06,2.674413784098384e-06,1.0000082246005542
fig1b,SD2,fixed,0.02,v,2.179379519162694e-05,1.0896986374242523e-05,0.999988246225454
fig1b,FD,fixed,0.001,u,2.9369889403829674e-07,1.468500328560829e-07,0.9999942445656317
fig1b,FD,fixed,0.001,v,3.3886658934445535e-07,1.6943364000709948e-07,0.9999970595366144
fig1b,FD,fixed,0.005,u,1.4689484259811092e-06,7.344717098956011e-07,1.0000049167265046
fig1b,FD,fixed,0.005,v,1.6944729541168435e-06,8.472365954914629e-07,0.9999997983293286
fig1b,FD,fixed,0.01,u,2.9394811117688935e-06,1.469727744729532e-06,1.000012575464522
fig1b,FD,fixed,0.01,v,3.389256593766543e-06,1.6946245618432165e-06,1.0000031797708755
fig1b,FD,fixed,0.02,u,5.887776326124472e-06,2.9438352499577825e-06,1.000025931066404
fig1b,FD,fixed,0.02,v,6.779674830592608e-06,3.3898218518291223e-06,1.0000066237361016
fig1b,SD,moving,0.001,u,2.510073310035832e-07,1.2550758685114793e-07,0.9999549238433145
fig1b,SD,moving,0.001,v,2.9238557763822115e-07,1.46186543426019e-07,1.0000616336153025
fig1b,SD,moving,0.005,u,1.2559100870390694e-06,6.279710361434265e-07,0.9999632582210778
fig1b,SD,moving,0.005,v,1.4584008409257443e-06,7.291688141064512e-07,1.0000625333181683
fig1b,SD,moving,0.01,u,2.5143046574194194e-06,1.25717967247585e-06,0.9999686209173707
fig1b,SD,moving,0.01,v,2.9080096456413074e-06,1.453940732532022e-06,1.000063593172453
fig1b,SD,moving,0.02,u,5.040356099161869e-06,2.520207624978621e-06,0.9999830694385986
fig1b,SD,moving,0.02,v,5.781029844054153e-06,2.890389259102566e-06,1.000062721426394
fig1b,SD2,moving,0.001,u,2.1958956902823346e-07,1.0979898779073238e-07,0.9999447703250781
fig1b,SD2,moving,0.001,v,8.806543050909887e-07,4.4033986890124055e-07,0.9999583365269104
fig1b,SD2,moving,0.005,u,1.1016059582313886e-06,5.508226402217709e-07,0.9999485034121572
fig1b,SD2,moving,0.005,v,4.418992179344716e-06,2.2095580293202133e-06,0.9999595569457197
fig1b,SD2,moving,0.01,u,2.212412077318149e-06,1.106244501059006e-06,0.9999498388663145
fig1b,SD2,moving,0.01,v,8.877373426308122e-06,4.438806672835138e-06,0.9999610103371565
fig1b,SD2,moving,0.02,u,4.4618880381541715e-06,2.2310125978863837e-06,0.9999556525010952
fig1b,SD2,moving,0.02,v,1.7912987800960956e-05,8.956718365371596e-06,0.9999638440743646
fig1b,FD,moving,0.001,u,2.505886718406902e-07,1.2529824683360502e-07,0.9999549686977653
fig1b,FD,moving,0.001,v,2.8364619730769647e-07,1.4182553642605455e-07,0.999975201982749
fig1b,FD,moving,0.005,u,1.2538269510975475e-06,6.269294228478106e-07,0.9999633014801668
fig1b,FD,moving,0.005,v,1.4183468652340103e-06,7.091847116780237e-07,0.9999770548144514
fig1b,FD,moving,0.01,u,2.5101670401705967e-06,1.2551107811120676e-06,0.9999686642997218
fig1b,FD,moving,0.01,v,2.8369563323527025e-06,1.4185013446632588e-06,0.9999764259925107
fig1b,FD,moving,0.02,u,5.032179113739765e-06,2.51611899537707e-06,0.9999831204180469
fig1b,FD,moving,0.02,v,5.674838012392769e-06,2.837456346438394e-06,0.9999810143558665
