method,case,model,mesh,t,field,x_half_error,x_half_time_half_error,field_difference,initial_peak,pass_threshold
RK4,fig1a,SD,fixed,0.001,u,3.4854159643771254e-05,3.48541596439933e-05,8.881784197001252e-16,1.9999994279910225,True
RK4,fig1a,SD,fixed,0.001,v,2.6890310987681687e-05,2.6890310988569865e-05,5.551115123125783e-15,1.999999570993226,True
RK4,fig1a,SD,fixed,0.005,u,0.00017231925272143123,0.00017231925272209736,2.220446049250313e-15,1.9999994279910225,True
RK4,fig1a,SD,fixed,0.005,v,0.00010513788370847266,0.0001051378837086947,6.217248937900877e-15,1.999999570993226,True
RK4,fig1a,SD,fixed,0.01,u,0.00034160608388389413,0.00034160608388300595,1.0103029524088925e-14,1.9999994279910225,True
RK4,fig1a,SD,fixed,0.01,v,0.00018374462810122338,0.00018374462810255565,1.2878587085651816e-14,1.999999570993226,True
RK4,fig1a,SD,fixed,0.02,u,0.0006765215667448032,0.0006765215666810764,2.007283228522283e-13,1.9999994279910225,True
RK4,fig1a,SD,fixed,0.02,v,0.00045164820024745644,0.0004516482002461242,1.758593271006248e-13,1.999999570993226,True
RK4,fig1a,SD2,fixed,0.001,u,4.233923158847297e-05,4.233923161023334e-05,1.554824182245263e-13,1.9999994279910225,True
RK4,fig1a,SD2,fixed,0.001,v,2.5000714087841658e-05,2.5000714363621057e-05,2.2030785333120103e-12,1.999999570993226,True
RK4,fig1a,SD2,fixed,0.005,u,0.00021680285232128504,0.00021680285231640006,7.01037610581806e-13,1.9999994279910225,True
RK4,fig1a,SD2,fixed,0.005,v,0.00012236468746840146,0.00012236468737381045,1.1018023263226623e-11,1.999999570993226,True
RK4,fig1a,SD2,fixed,0.01,u,0.0004463159375733827,0.0004463159375005521,2.51541599747839e-12,1.9999994279910225,True
RK4,fig1a,SD2,fixed,0.01,v,0.00029048494703154404,0.0002904849464877568,3.2077668373046584e-11,1.999999570993226,True
RK4,fig1a,SD2,fixed,0.02,u,0.0009608665514910797,0.0009608665514291292,4.155850100753581e-11,1.9999994279910225,True
RK4,fig1a,SD2,fixed,0.02,v,0.0009283821863441677,0.0009283821814389803,4.405595839828825e-10,1.999999570993226,True
RK4,fig1a,FD,fixed,0.001,u,2.0419491021606007e-05,2.0419491021161917e-05,8.881784197001252e-16,1.9999994279910225,True
RK4,fig1a,FD,fixed,0.001,v,3.270776113684093e-05,3.270776113750706e-05,1.7763568394002505e-15,1.999999570993226,True
RK4,fig1a,FD,fixed,0.005,u,7.211278933350052e-05,7.211278933283438e-05,1.6653345369377348e-15,1.9999994279910225,True
RK4,fig1a,FD,fixed,0.005,v,0.0001475894322042759,0.0001475894322058302,4.255276686571108e-15,1.999999570993226,True
RK4,fig1a,FD,fixed,0.01,u,0.000152757683329785,0.00015275768332800865,7.549516567451064e-15,1.9999994279910225,True
RK4,fig1a,FD,fixed,0.01,v,0.0003053449674252917,0.00030534496742995465,1.332180893376389e-14,1.999999570993226,True
RK4,fig1a,FD,fixed,0.02,u,0.0004184134260407646,0.00041841342599679976,1.6897594434794883e-13,1.9999994279910225,True
RK4,fig1a,FD,fixed,0.02,v,0.0007230259926620519,0.0007230259927055727,1.923140466320028e-13,1.999999570993226,True
RK4,fig1a,SD,moving,0.001,u,3.582126623213888e-05,3.5821266232360927e-05,1.7763568394002505e-15,1.9999994279910225,True
RK4,fig1a,SD,moving,0.001,v,1.9272785557022942e-05,1.9272785557022942e-05,2.1538326677728037e-14,1.999999570993226,True
RK4,fig1a,SD,moving,0.005,u,0.00017978654063055544,0.00017978654063410815,8.881784197001252e-15,1.9999994279910225,True
RK4,fig1a,SD,moving,0.005,v,8.37017725094924e-05,8.370177251015853e-05,2.0816681711721685e-14,1.999999570993226,True
RK4,fig1a,SD,moving,0.01,u,0.00036163410179601563,0.0003616341019059277,3.0819791163594346e-13,1.9999994279910225,True
RK4,fig1a,SD,moving,0.01,v,0.00019032615301251,0.00019032615322944757,3.197442310920451e-13,1.999999570993226,True
RK4,fig1a,SD,moving,0.02,u,0.0012981590427316725,0.0012981594305232491,3.9646552707495175e-10,1.9999994279910225,True
RK4,fig1a,SD,moving,0.02,v,0.0013096632686282472,0.001309663657087956,4.0640601994823555e-10,1.999999570993226,True
RK4,fig1a,SD2,moving,0.001,u,3.515734623538158e-05,3.5157346258696265e-05,6.88338275267597e-14,1.9999994279910225,True
RK4,fig1a,SD2,moving,0.001,v,1.81303850361747e-05,1.8130385085912692e-05,7.446390329127255e-13,1.999999570993226,True
RK4,fig1a,SD2,moving,0.005,u,0.0001760460435060729,0.00017604604377474686,5.873079800267078e-13,1.9999994279910225,True
RK4,fig1a,SD2,moving,0.005,v,8.439150063832557e-05,8.439150263694906e-05,4.586553359331447e-12,1.999999570993226,True
RK4,fig1a,SD2,moving,0.01,u,0.0003517349109416479,0.0003517349144877002,1.1919132347770756e-11,1.9999994279910225,True
RK4,fig1a,SD2,moving,0.01,v,0.00019522451254938566,0.00019522461073884223,9.977885184753177e-11,1.999999570993226,True
RK4,fig1a,SD2,moving,0.02,u,0.0021362949498362482,0.0021362949650007845,8.056246336707318e-09,1.9999994279910225,True
RK4,fig1a,SD2,moving,0.02,v,0.0021970865591247613,0.0021970986626114186,5.3707434055638714e-08,1.999999570993226,True
RK4,fig1a,FD,moving,0.001,u,1.3268655274956132e-05,1.3268655275178176e-05,1.5543122344752192e-15,1.9999994279910225,True
RK4,fig1a,FD,moving,0.001,v,2.7708372961621208e-05,2.7708372961399164e-05,1.9984014443252818e-15,1.999999570993226,True
RK4,fig1a,FD,moving,0.005,u,5.3801750970139395e-05,5.3801750970583484e-05,5.329070518200751e-15,1.9999994279910225,True
RK4,fig1a,FD,moving,0.005,v,0.00013004955648532324,0.00013004955648843186,9.769962616701378e-15,1.999999570993226,True
RK4,fig1a,FD,moving,0.01,u,0.00011648773198036366,0.00011648773198769113,2.327027459614328e-13,1.9999994279910225,True
RK4,fig1a,FD,moving,0.01,v,0.0002658186853568001,0.00026581868538455566,2.0294876890147862e-13,1.999999570993226,True
RK4,fig1a,FD,moving,0.02,u,0.0013049005639313993,0.001304900893132288,3.2920088877119724e-10,1.9999994279910225,True
RK4,fig1a,FD,moving,0.02,v,0.0011058811845827687,0.0011058813702562453,2.645490493335956e-10,1.999999570993226,True
RK4,fig1b,SD,fixed,0.001,u,9.30696012424459e-07,9.30696012424459e-07,1.6653345369377348e-16,0.34314574178929214,True
RK4,fig1b,SD,fixed,0.001,v,3.328675894920252e-07,3.3286758965855867e-07,1.5543122344752192e-15,0.48528136265690747,True
RK4,fig1b,SD,fixed,0.005,u,4.642086701922565e-06,4.6420867019780765e-06,3.885780586188048e-16,0.34314574178929214,True
RK4,fig1b,SD,fixed,0.005,v,1.6340047184759676e-06,1.6340047189200568e-06,1.27675647831893e-15,0.48528136265690747,True
RK4,fig1b,SD,fixed,0.01,u,9.263975595807938e-06,9.263975596141005e-06,1.1102230246251565e-15,0.34314574178929214,True
RK4,fig1b,SD,fixed,0.01,v,3.266463749207471e-06,3.2664637497070714e-06,2.220446049250313e-15,0.48528136265690747,True
RK4,fig1b,SD,fixed,0.02,u,1.8427090688555303e-05,1.842709068800019e-05,1.9095836023552692e-14,0.34314574178929214,True
RK4,fig1b,SD,fixed,0.02,v,6.540789541931158e-06,6.540789552089699e-06,3.1252778143198157e-14,0.48528136265690747,True
RK4,fig1b,SD2,fixed,0.001,u,9.327545477111343e-07,9.327545404391735e-07,5.150047055479945e-14,0.34314574178929214,True
RK4,fig1b,SD2,fixed,0.001,v,3.3671250870837e-07,3.3671252697153875e-07,6.43318731619047e-13,0.48528136265690747,True
RK4,fig1b,SD2,fixed,0.005,u,4.652844058650185e-06,4.652844083574692e-06,1.5826229216031606e-13,0.34314574178929214,True
RK4,fig1b,SD2,fixed,0.005,v,1.6522004283037184e-06,1.6522005410468665e-06,2.5746436232987335e-12,0.48528136265690747,True
RK4,fig1b,SD2,fixed,0.01,u,9.281965980934004e-06,9.281965910712398e-06,6.550680137218379e-13,0.34314574178929214,True
RK4,fig1b,SD2,fixed,0.01,v,3.3010438960645594e-06,3.3010442748726554e-06,1.1059760529272267e-11,0.48528136265690747,True
RK4,fig1b,SD2,fixed,0.02,u,1.846360106610989e-05,1.8463599666396213e-05,1.2846351586659477e-11,0.34314574178929214,True
RK4,fig1b,SD2,fixed,0.02,v,6.614124347326111e-06,6.6141350927306775e-06,1.7450851722868033e-10,0.48528136265690747,True
RK4,fig1b,FD,fixed,0.001,u,2.769692580839589e-07,2.7696925802844774e-07,1.6653345369377348e-16,0.34314574178929214,True
RK4,fig1b,FD,fixed,0.001,v,1.7909705163354772e-07,1.7909705163354772e-07,4.996003610813204e-16,0.48528136265690747,True
RK4,fig1b,FD,fixed,0.005,u,1.3852438406902756e-06,1.3852438406347645e-06,3.885780586188048e-16,0.34314574178929214,True
RK4,fig1b,FD,fixed,0.005,v,8.330566352854341e-07,8.330566358960567e-07,9.992007221626409e-16,0.48528136265690747,True
RK4,fig1b,FD,fixed,0.01,u,2.769999673191137e-06,2.7699996729690923e-06,1.6653345369377348e-15,0.34314574178929214,True
RK4,fig1b,FD,fixed,0.01,v,1.6678910076950437e-06,1.667891008527711e-06,2.942091015256665e-15,0.48528136265690747,True
RK4,fig1b,FD,fixed,0.02,u,5.532396565255393e-06,5.5323965783005136e-06,3.11972669919669e-14,0.34314574178929214,True
RK4,fig1b,FD,fixed,0.02,v,3.426514862292507e-06,3.4265148496914755e-06,4.7024883986779287e-14,0.48528136265690747,True
RK4,fig1b,SD,moving,0.001,u,9.345212264588731e-07,9.345212264588731e-07,2.7755575615628914e-16,0.34314574178929214,True
RK4,fig1b,SD,moving,0.001,v,3.318335292101793e-07,3.3183352926569043e-07,5.9396931817445875e-15,0.48528136265690747,True
RK4,fig1b,SD,moving,0.005,u,4.6665071588569695e-06,4.6665071588569695e-06,6.661338147750939e-16,0.34314574178929214,True
RK4,fig1b,SD,moving,0.005,v,1.6408285862801186e-06,1.6408285862801186e-06,1.0658141036401503e-14,0.48528136265690747,True
RK4,fig1b,SD,moving,0.01,u,9.31140138904496e-06,9.311401389100471e-06,1.4988010832439613e-15,0.34314574178929214,True
RK4,fig1b,SD,moving,0.01,v,3.2816182883310674e-06,3.2816182875539113e-06,5.051514762044462e-15,0.48528136265690747,True
RK4,fig1b,SD,moving,0.02,u,1.851691709492398e-05,1.8516917109301367e-05,4.590772206825022e-14,0.34314574178929214,True
RK4,fig1b,SD,moving,0.02,v,6.5715806504274e-06,6.571580645042818e-06,1.0197398481182063e-13,0.48528136265690747,True
RK4,fig1b,SD2,moving,0.001,u,9.35532365575753e-07,9.355323478676958e-07,4.954370247389761e-14,0.34314574178929214,True
RK4,fig1b,SD2,moving,0.001,v,3.338175049716341e-07,3.338175228462248e-07,7.732165602236662e-13,0.48528136265690747,True
RK4,fig1b,SD2,moving,0.005,u,4.6707140142210335e-06,4.670714033483403e-06,1.8174350913113813e-13,0.34314574178929214,True
RK4,fig1b,SD2,moving,0.005,v,1.6504384610649403e-06,1.6504384083293466e-06,2.5054208382425946e-12,0.48528136265690747,True
RK4,fig1b,SD2,moving,0.01,u,9.319969861754096e-06,9.319969927923388e-06,9.615086504766168e-13,0.34314574178929214,True
RK4,fig1b,SD2,moving,0.01,v,3.3004447558826477e-06,3.3004440569417426e-06,1.1762979479357227e-11,0.48528136265690747,True
RK4,fig1b,SD2,moving,0.02,u,1.8532983727226338e-05,1.8532990205655242e-05,2.916361596660977e-11,0.34314574178929214,True
RK4,fig1b,SD2,moving,0.02,v,6.611614784046704e-06,6.611593074745681e-06,3.851314267500072e-10,0.48528136265690747,True
RK4,fig1b,FD,moving,0.001,u,2.7144268305301367e-07,2.7144268305301367e-07,1.6653345369377348e-16,0.34314574178929214,True
RK4,fig1b,FD,moving,0.001,v,1.765387817598274e-07,1.765387816488051e-07,3.885780586188048e-16,0.48528136265690747,True
RK4,fig1b,FD,moving,0.005,u,1.3561005542950255e-06,1.3561005541840032e-06,6.106226635438361e-16,0.34314574178929214,True
RK4,fig1b,FD,moving,0.005,v,8.376037917146029e-07,8.376037914370471e-07,9.992007221626409e-16,0.48528136265690747,True
RK4,fig1b,FD,moving,0.01,u,2.7100195287843576e-06,2.710019529339469e-06,2.0539125955565396e-15,0.34314574178929214,True
RK4,fig1b,FD,moving,0.01,v,1.6839812813640442e-06,1.6839812816416e-06,3.552713678800501e-15,0.48528136265690747,True
RK4,fig1b,FD,moving,0.02,u,5.424765666228737e-06,5.4247656919304e-06,6.977751709769109e-14,0.34314574178929214,True
RK4,fig1b,FD,moving,0.02,v,3.457828755382142e-06,3.4578287261832763e-06,1.1257661469699087e-13,0.48528136265690747,True
Euler,fig1a,SD,fixed,0.001,u,3.514646913083119e-05,3.500032513814588e-05,1.7236701976841573e-07,1.9999994279910225,True
Euler,fig1a,SD,fixed,0.001,v,2.6836005456276624e-05,2.6863015008871116e-05,1.3166957346655295e-07,1.999999570993226,True
Euler,fig1a,SD,fixed,0.005,u,0.00017385985411433325,0.0001730617997672823,8.587151139050064e-07,1.9999994279910225,True
Euler,fig1a,SD,fixed,0.005,v,0.00010479126789753046,0.0001049643928392463,6.337549820489841e-07,1.999999570993226,True
Euler,fig1a,SD,fixed,0.01,u,0.00034482470788765873,0.00034321538344816993,1.7266525338399674e-06,1.9999994279910225,True
Euler,fig1a,SD,fixed,0.01,v,0.00018292806766884162,0.00018333601689346501,1.2379284786145917e-06,1.999999570993226,True
Euler,fig1a,SD,fixed,0.02,u,0.0006828078516423197,0.0006796642585182866,4.111694295039214e-06,1.9999994279910225,True
Euler,fig1a,SD,fixed,0.02,v,0.0004522780159568196,0.00045197050460843435,3.1197719316811146e-06,1.999999570993226,True
Euler,fig1a,SD2,fixed,0.001,u,4.255346910997382e-05,4.244636182071382e-05,1.5410991238695715e-07,1.9999994279910225,True
Euler,fig1a,SD2,fixed,0.001,v,2.4948201515107016e-05,2.497251988442528e-05,6.254624500545702e-07,1.999999570993226,True
Euler,fig1a,SD2,fixed,0.005,u,0.00021788441819481363,0.0002173436682746388,8.119916972137986e-07,1.9999994279910225,True
Euler,fig1a,SD2,fixed,0.005,v,0.0001215630263735612,0.0001216835495103652,3.2377699057395404e-06,1.999999570993226,True
Euler,fig1a,SD2,fixed,0.01,u,0.00044844216120942804,0.00044737898094426853,1.7850516880191236e-06,1.9999994279910225,True
Euler,fig1a,SD2,fixed,0.01,v,0.0002858153058005186,0.0002861895762016342,6.822787397053887e-06,1.999999570993226,True
Euler,fig1a,SD2,fixed,0.02,u,0.0009645229466705985,0.00096268986631598,5.103163789543785e-06,1.9999994279910225,True
Euler,fig1a,SD2,fixed,0.02,v,0.0008953619482958697,0.0009118443926257047,1.654052604282974e-05,1.999999570993226,True
Euler,fig1a,FD,fixed,0.001,u,2.0159515174977827e-05,2.028949537091762e-05,1.800068235580099e-07,1.9999994279910225,True
Euler,fig1a,FD,fixed,0.001,v,3.254570753186137e-05,3.26266808561293e-05,8.9598833463711e-08,1.999999570993226,True
Euler,fig1a,FD,fixed,0.005,u,7.172815594191917e-05,7.191448953380863e-05,9.04629190667805e-07,1.9999994279910225,True
Euler,fig1a,FD,fixed,0.005,v,0.00014669969199476718,0.00014714422550676787,4.840525491545122e-07,1.999999570993226,True
Euler,fig1a,FD,fixed,0.01,u,0.0001502244027837829,0.0001514909177933177,1.8439958130445078e-06,1.9999994279910225,True
Euler,fig1a,FD,fixed,0.01,v,0.0003033135678285337,0.0003043283335217861,1.0805104804223475e-06,1.999999570993226,True
Euler,fig1a,FD,fixed,0.02,u,0.00041279268317606643,0.0004156043364487161,4.345751483336713e-06,1.9999994279910225,True
Euler,fig1a,FD,fixed,0.02,v,0.0007171438664914653,0.0007200793575836695,3.0644721886741166e-06,1.999999570993226,True
Euler,fig1a,SD,moving,0.001,u,3.596290954632764e-05,3.589209530519e-05,1.0089445545702347e-07,1.9999994279910225,True
Euler,fig1a,SD,moving,0.001,v,1.9248708389874025e-05,1.9260726366265857e-05,6.8541871067751e-08,1.999999570993226,True
Euler,fig1a,SD,moving,0.005,u,0.00018050524256874034,0.0001801458840948733,5.132500708882048e-07,1.9999994279910225,True
Euler,fig1a,SD,moving,0.005,v,8.35554787628201e-05,8.36285526042424e-05,3.3679365651906323e-07,1.999999570993226,True
Euler,fig1a,SD,moving,0.01,u,0.00036302241625629783,0.0003623265503907014,1.060639702288313e-06,1.9999994279910225,True
Euler,fig1a,SD,moving,0.01,v,0.0001899508363985003,0.00019013656778366084,7.022972441372843e-07,1.999999570993226,True
Euler,fig1a,SD,moving,0.02,u,0.0010610002269435537,0.0011498669472752576,0.0001303814514548307,1.9999994279910225,True
Euler,fig1a,SD,moving,0.02,v,0.0010922367377836917,0.0011914759447375634,0.00010270716796023649,1.999999570993226,True
Euler,fig1a,SD2,moving,0.001,u,3.531153932123665e-05,3.523445692943383e-05,9.089554242613929e-08,1.9999994279910225,True
Euler,fig1a,SD2,moving,0.001,v,1.776399932640338e-05,1.7947161130793532e-05,2.7722710127520145e-07,1.999999570993226,True
Euler,fig1a,SD2,moving,0.005,u,0.0001768352755333602,0.0001764407118027833,4.7558274585135507e-07,1.9999994279910225,True
Euler,fig1a,SD2,moving,0.005,v,8.372615363239078e-05,8.40588500563566e-05,1.4230784293189913e-06,1.999999570993226,True
Euler,fig1a,SD2,moving,0.01,u,0.00035336319569534425,0.0003525500994330244,1.0758395725396497e-06,1.9999994279910225,True
Euler,fig1a,SD2,moving,0.01,v,0.0001935928306011636,0.00019439952876765254,2.984325752075634e-06,1.999999570993226,True
Euler,fig1a,SD2,moving,0.02,u,0.0016673702456475592,0.0018825446223309505,0.0002179514730451526,1.9999994279910225,True
Euler,fig1a,SD2,moving,0.02,v,0.001750237562239576,0.001957078686231961,0.00021185903240872328,1.999999570993226,True
Euler,fig1a,FD,moving,0.001,u,1.328468835071206e-05,1.3276664530881277e-05,1.1439316516259623e-07,1.9999994279910225,True
Euler,fig1a,FD,moving,0.001,v,2.76051579926051e-05,2.7656753017746283e-05,5.437001315833356e-08,1.999999570993226,True
Euler,fig1a,FD,moving,0.005,u,5.387915565724377e-05,5.3840402890692474e-05,5.782377652252535e-07,1.9999994279910225,True
Euler,fig1a,FD,moving,0.005,v,0.00012950420029733678,0.00012977676272618588,2.811528125867824e-07,1.999999570993226,True
Euler,fig1a,FD,moving,0.01,u,0.00011659021963716931,0.00011653877348938302,1.185480762444513e-06,1.9999994279910225,True
Euler,fig1a,FD,moving,0.01,v,0.0002646102142451756,0.0002652136890408663,6.112602644048337e-07,1.999999570993226,True
Euler,fig1a,FD,moving,0.02,u,0.001032920332767251,0.00115793950804699,0.00012501917527973916,1.9999994279910225,True
Euler,fig1a,FD,moving,0.02,v,0.0009477774081174672,0.0010204708936523144,9.832245546492757e-05,1.999999570993226,True
Euler,fig1b,SD,fixed,0.001,u,1.0824815998011772e-06,9.935260186777484e-07,1.4712915522019365e-07,0.34314574178929214,True
Euler,fig1b,SD,fixed,0.001,v,4.926071808242227e-07,3.919621388015493e-07,1.771607208711501e-07,0.48528136265690747,True
Euler,fig1b,SD,fixed,0.005,u,5.410864764632262e-06,4.966212062806896e-06,7.358513973432235e-07,0.34314574178929214,True
Euler,fig1b,SD,fixed,0.005,v,2.452703887545482e-06,1.9546221255994922e-06,8.836221330188465e-07,0.48528136265690747,True
Euler,fig1b,SD,fixed,0.01,u,1.083324084150128e-05,9.929574100842053e-06,1.4724571445745571e-06,0.34314574178929214,True
Euler,fig1b,SD,fixed,0.01,v,4.888869333918855e-06,3.902686525225629e-06,1.7618140191189013e-06,0.48528136265690747,True
Euler,fig1b,SD,fixed,0.02,u,2.166617514012814e-05,1.9810634839856345e-05,2.949237177557462e-06,0.34314574178929214,True
Euler,fig1b,SD,fixed,0.02,v,9.697262901620096e-06,7.779911948335716e-06,3.502033790958592e-06,0.48528136265690747,True
Euler,fig1b,SD2,fixed,0.001,u,9.066208269681297e-07,9.148633364208791e-07,1.314556815068535e-07,0.34314574178929214,True
Euler,fig1b,SD2,fixed,0.001,v,1.0323408536350165e-06,5.47144539730926e-07,5.375518799533019e-07,0.48528136265690747,True
Euler,fig1b,SD2,fixed,0.005,u,4.526382946734575e-06,4.566958761553774e-06,6.595999089142879e-07,0.34314574178929214,True
Euler,fig1b,SD2,fixed,0.005,v,5.063166753305204e-06,2.6004338573581975e-06,2.6953872075963226e-06,0.48528136265690747,True
Euler,fig1b,SD2,fixed,0.01,u,9.044693071114107e-06,9.115109311896852e-06,1.3251609053410718e-06,0.34314574178929214,True
Euler,fig1b,SD2,fixed,0.01,v,1.0143001615503522e-05,5.184446085271244e-06,5.409918952314907e-06,0.48528136265690747,True
Euler,fig1b,SD2,fixed,0.02,u,1.8028608134823543e-05,1.8156303895233705e-05,2.6744914782828033e-06,0.34314574178929214,True
Euler,fig1b,SD2,fixed,0.02,v,2.0500958884450693e-05,1.0425362503840852e-05,1.0897077686922163e-05,0.48528136265690747,True
Euler,fig1b,FD,fixed,0.001,u,4.02462293769279e-07,3.1229274116695294e-07,1.4689832408820713e-07,0.34314574178929214,True
Euler,fig1b,FD,fixed,0.001,v,4.302271088274523e-07,2.885971723820546e-07,1.6944512126748634e-07,0.48528136265690747,True
Euler,fig1b,FD,fixed,0.005,u,1.991461832606678e-06,1.5460487698404357e-06,7.347021954429156e-07,0.34314574178929214,True
Euler,fig1b,FD,fixed,0.005,v,2.1629115204979676e-06,1.4546316662311654e-06,8.472975158158036e-07,0.48528136265690747,True
Euler,fig1b,FD,fixed,0.01,u,3.927802224801269e-06,3.061811729154762e-06,1.4701690110863197e-06,0.34314574178929214,True
Euler,fig1b,FD,fixed,0.01,v,4.357582494785017e-06,2.939184595540656e-06,1.694751763814395e-06,0.48528136265690747,True
Euler,fig1b,FD,fixed,0.02,u,7.648364661716478e-06,5.974108520212518e-06,2.9447029202822605e-06,0.34314574178929214,True
Euler,fig1b,FD,fixed,0.02,v,8.828284830120214e-06,5.989651361504311e-06,3.390058721242095e-06,0.48528136265690747,True
Euler,fig1b,SD,moving,0.001,u,1.049773998562653e-06,9.83560315470644e-07,1.2553971673323616e-07,0.34314574178929214,True
Euler,fig1b,SD,moving,0.001,v,4.5583242719304806e-07,3.803593782158998e-07,1.461989463935609e-07,0.48528136265690747,True
Euler,fig1b,SD,moving,0.005,u,5.253332528043497e-06,4.914064926642148e-06,6.281254804341163e-07,0.34314574178929214,True
Euler,fig1b,SD,moving,0.005,v,2.2629716495692342e-06,1.8847589178805357e-06,7.292251387180926e-07,0.48528136265690747,True
Euler,fig1b,SD,moving,0.01,u,1.0506283731448463e-05,9.813115968038133e-06,1.2574713145752092e-06,0.34314574178929214,True
Euler,fig1b,SD,moving,0.01,v,4.481538805167773e-06,3.7654985663992946e-06,1.454038317305617e-06,0.48528136265690747,True
Euler,fig1b,SD,moving,0.02,u,2.1001307283274873e-05,1.958574173033245e-05,2.5212233667748496e-06,0.34314574178929214,True
Euler,fig1b,SD,moving,0.02,v,8.877123124029218e-06,7.515777744548924e-06,2.890520949760944e-06,0.48528136265690747,True
Euler,fig1b,SD2,moving,0.001,u,8.987963330264748e-07,9.14075478419818e-07,1.0980138498428715e-07,0.34314574178929214,True
Euler,fig1b,SD2,moving,0.001,v,8.57404948040319e-07,4.748600865855934e-07,4.403371289818381e-07,0.48528136265690747,True
Euler,fig1b,SD2,moving,0.005,u,4.489964752552034e-06,4.566516709658686e-06,5.508345001237203e-07,0.34314574178929214,True
Euler,fig1b,SD2,moving,0.005,v,4.198661622767386e-06,2.268324137466582e-06,2.2095468851235367e-06,0.48528136265690747,True
Euler,fig1b,SD2,moving,0.01,u,8.963041258691629e-06,9.115204964771362e-06,1.1062676847917174e-06,0.34314574178929214,True
Euler,fig1b,SD2,moving,0.01,v,8.415574744013998e-06,4.514390535226287e-06,4.4388053422883544e-06,0.48528136265690747,True
Euler,fig1b,SD2,moving,0.02,u,1.788099764782336e-05,1.8138029870107264e-05,2.2311292731114207e-06,0.34314574178929214,True
Euler,fig1b,SD2,moving,0.02,v,1.6952362620725747e-05,9.035926196332422e-06,8.957186614755308e-06,0.48528136265690747,True
Euler,fig1b,FD,moving,0.001,u,3.576655295267628e-07,2.9430219256054713e-07,1.2533028553862735e-07,0.34314574178929214,True
Euler,fig1b,FD,moving,0.001,v,3.792369633326409e-07,2.6678671422031286e-07,1.4183030672132446e-07,0.48528136265690747,True
Euler,fig1b,FD,moving,0.005,u,1.7687532234411663e-06,1.461382486522833e-06,6.270834925770075e-07,0.34314574178929214,True
Euler,fig1b,FD,moving,0.005,v,1.911313778579782e-06,1.34584679445382e-06,7.092102525252386e-07,0.48528136265690747,True
Euler,fig1b,FD,moving,0.01,u,3.4953656509184583e-06,2.8946193675882803e-06,1.2554020476507333e-06,0.34314574178929214,True
Euler,fig1b,FD,moving,0.01,v,3.851228303985987e-06,2.7164730583839614e-06,1.4185549310208323e-06,0.48528136265690747,True
Euler,fig1b,FD,moving,0.02,u,6.792660877164014e-06,5.66321258460567e-06,2.517126084011778e-06,0.34314574178929214,True
Euler,fig1b,FD,moving,0.02,v,7.824080320462112e-06,5.543143929809258e-06,2.837492056317892e-06,0.48528136265690747,True
