case,model,mesh,variant,nx,L,h,dt,T,method,eval_half,x,u,v
fig1a,SD,fixed,main,256,40.0,0.125,0.000125,0.02,RK4,10.0,0.0,0.0,0.0
fig1a,SD,fixed,time_half,256,40.0,0.125,6.25e-05,0.02,RK4,10.0,0.0,0.0,0.0
fig1a,SD,moving,main,256,40.0,0.125,0.000125,0.02,RK4,10.0,0.0,0.0,0.0
fig1a,SD,moving,time_half,256,40.0,0.125,6.25e-05,0.02,RK4,10.0,0.0,0.0,0.0
fig1a,FD,fixed,main,256,40.0,0.125,0.000125,0.02,RK4,10.0,0.0,0.0,1.3322676295501878e-15
fig1a,FD,fixed,time_half,256,40.0,0.125,6.25e-05,0.02,RK4,10.0,0.0,0.0,1.3322676295501878e-15
fig1a,FD,moving,main,256,40.0,0.125,0.000125,0.02,RK4,10.0,0.0,0.0,1.3322676295501878e-15
fig1a,FD,moving,time_half,256,40.0,0.125,6.25e-05,0.02,RK4,10.0,0.0,0.0,1.3322676295501878e-15
fig1b,SD,fixed,main,256,40.0,0.125,0.000125,0.02,RK4,10.0,0.0,0.0,0.0
fig1b,SD,fixed,time_half,256,40.0,0.125,6.25e-05,0.02,RK4,10.0,0.0,0.0,0.0
fig1b,SD,moving,main,256,40.0,0.125,0.000125,0.02,RK4,10.0,0.0,0.0,0.0
fig1b,SD,moving,time_half,256,40.0,0.125,6.25e-05,0.02,RK4,10.0,0.0,0.0,0.0
fig1b,FD,fixed,main,256,40.0,0.125,0.000125,0.02,RK4,10.0,0.0,0.0,1.6653345369377348e-16
fig1b,FD,fixed,time_half,256,40.0,0.125,6.25e-05,0.02,RK4,10.0,0.0,0.0,1.6653345369377348e-16
fig1b,FD,moving,main,256,40.0,0.125,0.000125,0.02,RK4,10.0,0.0,0.0,1.6653345369377348e-16
fig1b,FD,moving,time_half,256,40.0,0.125,6.25e-05,0.02,RK4,10.0,0.0,0.0,1.6653345369377348e-16
fig1a,SD2,fixed,main,256,40.0,0.125,0.000125,0.02,RK4,10.0,0.0,5.068161644126789e-14,3.116682962277519e-13
fig1a,SD2,moving,main,256,40.0,0.125,0.000125,0.02,RK4,10.0,0.0,3.5105559613101856e-14,4.947233964447807e-13
fig1b,SD2,fixed,main,256,40.0,0.125,0.000125,0.02,RK4,10.0,0.0,4.056876236346248e-14,2.1329990902518697e-13
fig1b,SD2,moving,main,256,40.0,0.125,0.000125,0.02,RK4,10.0,0.0,2.9211998241345736e-14,1.2508601123285174e-13
fig1a,SD2,fixed,time_half,256,40.0,0.125,6.25e-05,0.02,RK4,10.0,0.0,5.068161644126789e-14,3.116682962277519e-13
fig1b,SD2,fixed,time_half,256,40.0,0.125,6.25e-05,0.02,RK4,10.0,0.0,4.056876236346248e-14,2.1329990902518697e-13
fig1a,SD2,moving,time_half,256,40.0,0.125,6.25e-05,0.02,RK4,10.0,0.0,3.5105559613101856e-14,4.947233964447807e-13
fig1a,SD,fixed,x_half,512,40.0,0.125,6.25e-05,0.02,RK4,10.0,0.0,0.0,0.0
fig1b,SD2,moving,time_half,256,40.0,0.125,6.25e-05,0.02,RK4,10.0,0.0,2.9211998241345736e-14,1.2508601123285174e-13
fig1a,SD2,fixed,x_half,512,40.0,0.125,6.25e-05,0.02,RK4,10.0,0.0,6.110638677010459e-14,3.960072817039285e-13
fig1a,SD,moving,x_half,512,40.0,0.125,6.25e-05,0.02,RK4,10.0,0.0,0.0,0.0
fig1a,FD,fixed,x_half,512,40.0,0.125,6.25e-05,0.02,RK4,10.0,0.0,0.0,1.3322676295501878e-15
fig1a,SD2,moving,x_half,512,40.0,0.125,6.25e-05,0.02,RK4,10.0,0.0,1.6483430610282572e-13,7.579123244311702e-13
fig1a,FD,moving,x_half,512,40.0,0.125,6.25e-05,0.02,RK4,10.0,0.0,0.0,1.4988010832439613e-15
fig1b,SD,fixed,x_half,512,40.0,0.125,6.25e-05,0.02,RK4,10.0,0.0,0.0,0.0
fig1b,SD,moving,x_half,512,40.0,0.125,6.25e-05,0.02,RK4,10.0,0.0,0.0,0.0
fig1b,SD2,fixed,x_half,512,40.0,0.125,6.25e-05,0.02,RK4,10.0,0.0,8.913264412315151e-14,7.883808913286499e-13
fig1b,FD,fixed,x_half,512,40.0,0.125,6.25e-05,0.02,RK4,10.0,0.0,0.0,2.220446049250313e-16
fig1b,SD2,moving,x_half,512,40.0,0.125,6.25e-05,0.02,RK4,10.0,0.0,1.0269865566778702e-13,1.9969394457002847e-12
fig1b,FD,moving,x_half,512,40.0,0.125,6.25e-05,0.02,RK4,10.0,0.0,0.0,2.220446049250313e-16
fig1a,SD,fixed,y_half,256,40.0,0.0625,0.000125,0.02,RK4,10.0,0.0,0.0,0.0
fig1a,SD2,fixed,y_half,256,40.0,0.0625,0.000125,0.02,RK4,10.0,0.0,3.4577179952975855e-14,4.0545293992307483e-13
fig1a,SD,moving,y_half,256,40.0,0.0625,0.000125,0.02,RK4,10.0,0.0,0.0,0.0
fig1a,FD,fixed,y_half,256,40.0,0.0625,0.000125,0.02,RK4,10.0,0.0,0.0,1.7763568394002505e-15
fig1a,SD2,moving,y_half,256,40.0,0.0625,0.000125,0.02,RK4,10.0,0.0,6.184057032078876e-14,7.0116582651106e-13
fig1a,FD,moving,y_half,256,40.0,0.0625,0.000125,0.02,RK4,10.0,0.0,0.0,1.7763568394002505e-15
fig1b,SD,fixed,y_half,256,40.0,0.0625,0.000125,0.02,RK4,10.0,0.0,0.0,0.0
fig1b,SD,moving,y_half,256,40.0,0.0625,0.000125,0.02,RK4,10.0,0.0,0.0,0.0
fig1b,SD2,fixed,y_half,256,40.0,0.0625,0.000125,0.02,RK4,10.0,0.0,3.3062458858510696e-14,1.296656022686068e-12
fig1b,FD,fixed,y_half,256,40.0,0.0625,0.000125,0.02,RK4,10.0,0.0,0.0,3.3306690738754696e-16
fig1b,SD2,moving,y_half,256,40.0,0.0625,0.000125,0.02,RK4,10.0,0.0,4.571493319219305e-14,7.047210568896435e-13
fig1b,FD,moving,y_half,256,40.0,0.0625,0.000125,0.02,RK4,10.0,0.0,0.0,3.3306690738754696e-16
fig1a,SD,fixed,domain_double,512,80.0,0.125,0.000125,0.02,RK4,10.0,0.0,0.0,0.0
fig1a,SD,moving,domain_double,512,80.0,0.125,0.000125,0.02,RK4,10.0,0.0,0.0,0.0
fig1a,SD2,fixed,domain_double,512,80.0,0.125,0.000125,0.02,RK4,10.0,0.0,7.223314799663502e-14,2.889325919865401e-13
fig1a,FD,fixed,domain_double,512,80.0,0.125,0.000125,0.02,RK4,10.0,0.0,0.0,1.3322676295501878e-15
fig1a,SD2,moving,domain_double,512,80.0,0.125,0.000125,0.02,RK4,10.0,0.0,3.965545680248824e-14,2.26195493332087e-13
fig1a,FD,moving,domain_double,512,80.0,0.125,0.000125,0.02,RK4,10.0,0.0,0.0,1.6653345369377348e-15
fig1b,SD,fixed,domain_double,512,80.0,0.125,0.000125,0.02,RK4,10.0,0.0,0.0,0.0
fig1b,SD,moving,domain_double,512,80.0,0.125,0.000125,0.02,RK4,10.0,0.0,0.0,0.0
fig1b,SD2,fixed,domain_double,512,80.0,0.125,0.000125,0.02,RK4,10.0,0.0,1.198052649072503e-14,2.225338632547947e-13
fig1b,FD,fixed,domain_double,512,80.0,0.125,0.000125,0.02,RK4,10.0,0.0,0.0,1.6653345369377348e-16
fig1b,SD2,moving,domain_double,512,80.0,0.125,0.000125,0.02,RK4,10.0,0.0,1.2895331232953139e-14,1.8461648225789884e-13
fig1b,FD,moving,domain_double,512,80.0,0.125,0.000125,0.02,RK4,10.0,0.0,0.0,1.6653345369377348e-16
fig1a,SD,fixed,x_half_time_half,512,40.0,0.125,3.125e-05,0.02,RK4,10.0,0.0,0.0,0.0
fig1a,SD,moving,x_half_time_half,512,40.0,0.125,3.125e-05,0.02,RK4,10.0,0.0,0.0,0.0
fig1a,SD2,fixed,x_half_time_half,512,40.0,0.125,3.125e-05,0.02,RK4,10.0,0.0,6.110638677010459e-14,3.960072817039285e-13
fig1a,FD,fixed,x_half_time_half,512,40.0,0.125,3.125e-05,0.02,RK4,10.0,0.0,0.0,1.3322676295501878e-15
fig1a,SD2,moving,x_half_time_half,512,40.0,0.125,3.125e-05,0.02,RK4,10.0,0.0,1.6483430610282572e-13,7.579123244311702e-13
fig1a,FD,moving,x_half_time_half,512,40.0,0.125,3.125e-05,0.02,RK4,10.0,0.0,0.0,1.4988010832439613e-15
fig1b,SD,fixed,x_half_time_half,512,40.0,0.125,3.125e-05,0.02,RK4,10.0,0.0,0.0,0.0
fig1b,SD,moving,x_half_time_half,512,40.0,0.125,3.125e-05,0.02,RK4,10.0,0.0,0.0,0.0
fig1b,SD2,fixed,x_half_time_half,512,40.0,0.125,3.125e-05,0.02,RK4,10.0,0.0,8.913264412315151e-14,7.883808913286499e-13
fig1b,FD,fixed,x_half_time_half,512,40.0,0.125,3.125e-05,0.02,RK4,10.0,0.0,0.0,2.220446049250313e-16
fig1b,SD2,moving,x_half_time_half,512,40.0,0.125,3.125e-05,0.02,RK4,10.0,0.0,1.0269865566778702e-13,1.9969394457002847e-12
fig1a,SD,fixed,main,256,40.0,0.125,0.000125,0.02,Euler,10.0,0.0,0.0,0.0
fig1b,FD,moving,x_half_time_half,512,40.0,0.125,3.125e-05,0.02,RK4,10.0,0.0,0.0,2.220446049250313e-16
fig1a,SD,moving,main,256,40.0,0.125,0.000125,0.02,Euler,10.0,0.0,0.0,0.0
fig1a,SD2,fixed,main,256,40.0,0.125,0.000125,0.02,Euler,10.0,0.0,5.068161644126789e-14,3.116682962277519e-13
fig1a,SD2,moving,main,256,40.0,0.125,0.000125,0.02,Euler,10.0,0.0,3.5105559613101856e-14,4.947233964447807e-13
fig1a,FD,fixed,main,256,40.0,0.125,0.000125,0.02,Euler,10.0,0.0,0.0,1.3322676295501878e-15
fig1b,SD,fixed,main,256,40.0,0.125,0.000125,0.02,Euler,10.0,0.0,0.0,0.0
fig1a,FD,moving,main,256,40.0,0.125,0.000125,0.02,Euler,10.0,0.0,0.0,1.3322676295501878e-15
fig1b,SD,moving,main,256,40.0,0.125,0.000125,0.02,Euler,10.0,0.0,0.0,0.0
fig1b,SD2,fixed,main,256,40.0,0.125,0.000125,0.02,Euler,10.0,0.0,4.056876236346248e-14,2.1329990902518697e-13
fig1b,FD,fixed,main,256,40.0,0.125,0.000125,0.02,Euler,10.0,0.0,0.0,1.6653345369377348e-16
fig1b,SD2,moving,main,256,40.0,0.125,0.000125,0.02,Euler,10.0,0.0,2.9211998241345736e-14,1.2508601123285174e-13
fig1a,SD,fixed,time_half,256,40.0,0.125,6.25e-05,0.02,Euler,10.0,0.0,0.0,0.0
fig1b,FD,moving,main,256,40.0,0.125,0.000125,0.02,Euler,10.0,0.0,0.0,1.6653345369377348e-16
fig1a,SD,moving,time_half,256,40.0,0.125,6.25e-05,0.02,Euler,10.0,0.0,0.0,0.0
fig1a,SD2,fixed,time_half,256,40.0,0.125,6.25e-05,0.02,Euler,10.0,0.0,5.068161644126789e-14,3.116682962277519e-13
fig1a,FD,fixed,time_half,256,40.0,0.125,6.25e-05,0.02,Euler,10.0,0.0,0.0,1.3322676295501878e-15
fig1a,SD2,moving,time_half,256,40.0,0.125,6.25e-05,0.02,Euler,10.0,0.0,3.5105559613101856e-14,4.947233964447807e-13
fig1a,FD,moving,time_half,256,40.0,0.125,6.25e-05,0.02,Euler,10.0,0.0,0.0,1.3322676295501878e-15
fig1b,SD,fixed,time_half,256,40.0,0.125,6.25e-05,0.02,Euler,10.0,0.0,0.0,0.0
fig1b,SD2,fixed,time_half,256,40.0,0.125,6.25e-05,0.02,Euler,10.0,0.0,4.056876236346248e-14,2.1329990902518697e-13
fig1b,SD,moving,time_half,256,40.0,0.125,6.25e-05,0.02,Euler,10.0,0.0,0.0,0.0
fig1b,FD,fixed,time_half,256,40.0,0.125,6.25e-05,0.02,Euler,10.0,0.0,0.0,1.6653345369377348e-16
fig1b,SD2,moving,time_half,256,40.0,0.125,6.25e-05,0.02,Euler,10.0,0.0,2.9211998241345736e-14,1.2508601123285174e-13
fig1b,FD,moving,time_half,256,40.0,0.125,6.25e-05,0.02,Euler,10.0,0.0,0.0,1.6653345369377348e-16
fig1a,SD,fixed,x_half,512,40.0,0.125,6.25e-05,0.02,Euler,10.0,0.0,0.0,0.0
fig1a,SD,moving,x_half,512,40.0,0.125,6.25e-05,0.02,Euler,10.0,0.0,0.0,0.0
fig1a,SD2,fixed,x_half,512,40.0,0.125,6.25e-05,0.02,Euler,10.0,0.0,6.110638677010459e-14,3.960072817039285e-13
fig1a,FD,fixed,x_half,512,40.0,0.125,6.25e-05,0.02,Euler,10.0,0.0,0.0,1.3322676295501878e-15
fig1a,SD2,moving,x_half,512,40.0,0.125,6.25e-05,0.02,Euler,10.0,0.0,1.6483430610282572e-13,7.579123244311702e-13
fig1a,FD,moving,x_half,512,40.0,0.125,6.25e-05,0.02,Euler,10.0,0.0,0.0,1.4988010832439613e-15
fig1b,SD,fixed,x_half,512,40.0,0.125,6.25e-05,0.02,Euler,10.0,0.0,0.0,0.0
fig1b,SD,moving,x_half,512,40.0,0.125,6.25e-05,0.02,Euler,10.0,0.0,0.0,0.0
fig1b,SD2,fixed,x_half,512,40.0,0.125,6.25e-05,0.02,Euler,10.0,0.0,8.913264412315151e-14,7.883808913286499e-13
fig1b,FD,fixed,x_half,512,40.0,0.125,6.25e-05,0.02,Euler,10.0,0.0,0.0,2.220446049250313e-16
fig1b,SD2,moving,x_half,512,40.0,0.125,6.25e-05,0.02,Euler,10.0,0.0,1.0269865566778702e-13,1.9969394457002847e-12
fig1b,FD,moving,x_half,512,40.0,0.125,6.25e-05,0.02,Euler,10.0,0.0,0.0,2.220446049250313e-16
fig1a,SD,fixed,y_half,256,40.0,0.0625,0.000125,0.02,Euler,10.0,0.0,0.0,0.0
fig1a,SD2,fixed,y_half,256,40.0,0.0625,0.000125,0.02,Euler,10.0,0.0,3.4577179952975855e-14,4.0545293992307483e-13
fig1a,SD,moving,y_half,256,40.0,0.0625,0.000125,0.02,Euler,10.0,0.0,0.0,0.0
fig1a,FD,fixed,y_half,256,40.0,0.0625,0.000125,0.02,Euler,10.0,0.0,0.0,1.7763568394002505e-15
fig1a,SD2,moving,y_half,256,40.0,0.0625,0.000125,0.02,Euler,10.0,0.0,6.184057032078876e-14,7.0116582651106e-13
fig1a,FD,moving,y_half,256,40.0,0.0625,0.000125,0.02,Euler,10.0,0.0,0.0,1.7763568394002505e-15
fig1b,SD,fixed,y_half,256,40.0,0.0625,0.000125,0.02,Euler,10.0,0.0,0.0,0.0
fig1b,SD2,fixed,y_half,256,40.0,0.0625,0.000125,0.02,Euler,10.0,0.0,3.3062458858510696e-14,1.296656022686068e-12
fig1b,SD,moving,y_half,256,40.0,0.0625,0.000125,0.02,Euler,10.0,0.0,0.0,0.0
fig1b,FD,fixed,y_half,256,40.0,0.0625,0.000125,0.02,Euler,10.0,0.0,0.0,3.3306690738754696e-16
fig1b,SD2,moving,y_half,256,40.0,0.0625,0.000125,0.02,Euler,10.0,0.0,4.571493319219305e-14,7.047210568896435e-13
fig1a,SD,fixed,domain_double,512,80.0,0.125,0.000125,0.02,Euler,10.0,0.0,0.0,0.0
fig1b,FD,moving,y_half,256,40.0,0.0625,0.000125,0.02,Euler,10.0,0.0,0.0,3.3306690738754696e-16
fig1a,SD2,fixed,domain_double,512,80.0,0.125,0.000125,0.02,Euler,10.0,0.0,7.223314799663502e-14,2.889325919865401e-13
fig1a,SD,moving,domain_double,512,80.0,0.125,0.000125,0.02,Euler,10.0,0.0,0.0,0.0
fig1a,FD,fixed,domain_double,512,80.0,0.125,0.000125,0.02,Euler,10.0,0.0,0.0,1.3322676295501878e-15
fig1a,SD2,moving,domain_double,512,80.0,0.125,0.000125,0.02,Euler,10.0,0.0,3.965545680248824e-14,2.26195493332087e-13
fig1a,FD,moving,domain_double,512,80.0,0.125,0.000125,0.02,Euler,10.0,0.0,0.0,1.6653345369377348e-15
fig1b,SD,fixed,domain_double,512,80.0,0.125,0.000125,0.02,Euler,10.0,0.0,0.0,0.0
fig1b,SD2,fixed,domain_double,512,80.0,0.125,0.000125,0.02,Euler,10.0,0.0,1.198052649072503e-14,2.225338632547947e-13
fig1b,SD,moving,domain_double,512,80.0,0.125,0.000125,0.02,Euler,10.0,0.0,0.0,0.0
fig1b,FD,fixed,domain_double,512,80.0,0.125,0.000125,0.02,Euler,10.0,0.0,0.0,1.6653345369377348e-16
fig1b,SD2,moving,domain_double,512,80.0,0.125,0.000125,0.02,Euler,10.0,0.0,1.2895331232953139e-14,1.8461648225789884e-13
fig1b,FD,moving,domain_double,512,80.0,0.125,0.000125,0.02,Euler,10.0,0.0,0.0,1.6653345369377348e-16
fig1a,SD,fixed,x_half_time_half,512,40.0,0.125,3.125e-05,0.02,Euler,10.0,0.0,0.0,0.0
fig1a,SD,moving,x_half_time_half,512,40.0,0.125,3.125e-05,0.02,Euler,10.0,0.0,0.0,0.0
fig1a,SD2,fixed,x_half_time_half,512,40.0,0.125,3.125e-05,0.02,Euler,10.0,0.0,6.110638677010459e-14,3.960072817039285e-13
fig1a,FD,fixed,x_half_time_half,512,40.0,0.125,3.125e-05,0.02,Euler,10.0,0.0,0.0,1.3322676295501878e-15
fig1a,SD2,moving,x_half_time_half,512,40.0,0.125,3.125e-05,0.02,Euler,10.0,0.0,1.6483430610282572e-13,7.579123244311702e-13
fig1a,FD,moving,x_half_time_half,512,40.0,0.125,3.125e-05,0.02,Euler,10.0,0.0,0.0,1.4988010832439613e-15
fig1b,SD,fixed,x_half_time_half,512,40.0,0.125,3.125e-05,0.02,Euler,10.0,0.0,0.0,0.0
fig1b,SD,moving,x_half_time_half,512,40.0,0.125,3.125e-05,0.02,Euler,10.0,0.0,0.0,0.0
fig1b,SD2,fixed,x_half_time_half,512,40.0,0.125,3.125e-05,0.02,Euler,10.0,0.0,8.913264412315151e-14,7.883808913286499e-13
fig1b,FD,fixed,x_half_time_half,512,40.0,0.125,3.125e-05,0.02,Euler,10.0,0.0,0.0,2.220446049250313e-16
fig1b,SD2,moving,x_half_time_half,512,40.0,0.125,3.125e-05,0.02,Euler,10.0,0.0,1.0269865566778702e-13,1.9969394457002847e-12
fig1a,SD,fixed,time_quarter,256,40.0,0.125,3.125e-05,0.02,Euler,10.0,0.0,0.0,0.0
fig1b,FD,moving,x_half_time_half,512,40.0,0.125,3.125e-05,0.02,Euler,10.0,0.0,0.0,2.220446049250313e-16
fig1a,SD2,fixed,time_quarter,256,40.0,0.125,3.125e-05,0.02,Euler,10.0,0.0,5.068161644126789e-14,3.116682962277519e-13
fig1a,SD,moving,time_quarter,256,40.0,0.125,3.125e-05,0.02,Euler,10.0,0.0,0.0,0.0
fig1a,FD,fixed,time_quarter,256,40.0,0.125,3.125e-05,0.02,Euler,10.0,0.0,0.0,1.3322676295501878e-15
fig1a,SD2,moving,time_quarter,256,40.0,0.125,3.125e-05,0.02,Euler,10.0,0.0,3.5105559613101856e-14,4.947233964447807e-13
fig1a,FD,moving,time_quarter,256,40.0,0.125,3.125e-05,0.02,Euler,10.0,0.0,0.0,1.3322676295501878e-15
fig1b,SD,fixed,time_quarter,256,40.0,0.125,3.125e-05,0.02,Euler,10.0,0.0,0.0,0.0
fig1b,SD2,fixed,time_quarter,256,40.0,0.125,3.125e-05,0.02,Euler,10.0,0.0,4.056876236346248e-14,2.1329990902518697e-13
fig1b,SD,moving,time_quarter,256,40.0,0.125,3.125e-05,0.02,Euler,10.0,0.0,0.0,0.0
fig1b,FD,fixed,time_quarter,256,40.0,0.125,3.125e-05,0.02,Euler,10.0,0.0,0.0,1.6653345369377348e-16
fig1b,SD2,moving,time_quarter,256,40.0,0.125,3.125e-05,0.02,Euler,10.0,0.0,2.9211998241345736e-14,1.2508601123285174e-13
fig1b,FD,moving,time_quarter,256,40.0,0.125,3.125e-05,0.02,Euler,10.0,0.0,0.0,1.6653345369377348e-16
