method,case,mesh,variant,t,u,v
RK4,fig1a,fixed,main,0.0,0.0,0.0
RK4,fig1a,fixed,main,0.01,0.0,0.0
RK4,fig1a,fixed,main,0.02,0.0,0.0
RK4,fig1a,moving,main,0.0,0.0,0.0
RK4,fig1a,moving,main,0.01,6.5096582373504376e-15,2.6038424685175844e-14
RK4,fig1a,moving,main,0.02,2.3946300920519533e-14,9.578520369919208e-14
RK4,fig1b,fixed,main,0.0,0.0,0.0
RK4,fig1b,fixed,main,0.01,0.0,0.0
RK4,fig1b,fixed,main,0.02,0.0,0.0
RK4,fig1b,moving,main,0.0,0.0,0.0
RK4,fig1b,moving,main,0.01,3.7427765985197974e-15,1.4932499681208355e-14
RK4,fig1b,moving,main,0.02,8.655170669888952e-15,3.462068303689783e-14
RK4,fig1a,fixed,time_half,0.0,0.0,0.0
RK4,fig1a,fixed,time_half,0.01,0.0,0.0
RK4,fig1a,fixed,time_half,0.02,0.0,0.0
RK4,fig1b,fixed,time_half,0.0,0.0,0.0
RK4,fig1b,fixed,time_half,0.01,0.0,0.0
RK4,fig1b,fixed,time_half,0.02,0.0,0.0
RK4,fig1a,moving,time_half,0.0,0.0,0.0
RK4,fig1a,moving,time_half,0.01,8.215650382226158e-15,3.254837008909817e-14
RK4,fig1a,moving,time_half,0.02,7.672115846228737e-15,3.905711102030352e-14
RK4,fig1b,moving,time_half,0.0,0.0,0.0
RK4,fig1b,moving,time_half,0.01,1.878705524482882e-15,7.526965162263366e-15
RK4,fig1b,moving,time_half,0.02,1.7076417875317406e-14,6.830567185861165e-14
RK4,fig1a,fixed,x_half,0.0,0.0,0.0
RK4,fig1a,fixed,x_half,0.01,0.0,0.0
RK4,fig1a,fixed,x_half,0.02,0.0,0.0
RK4,fig1a,moving,x_half,0.0,0.0,0.0
RK4,fig1a,moving,x_half,0.01,2.906105277333977e-14,1.1624421110701162e-13
RK4,fig1a,moving,x_half,0.02,2.278385734775804e-14,9.11355197783111e-14
RK4,fig1b,fixed,x_half,0.0,0.0,0.0
RK4,fig1b,fixed,x_half,0.01,0.0,0.0
RK4,fig1b,fixed,x_half,0.02,0.0,0.0
RK4,fig1b,moving,x_half,0.0,0.0,0.0
RK4,fig1b,moving,x_half,0.01,1.4035412039597962e-13,5.614164822125757e-13
RK4,fig1b,moving,x_half,0.02,5.052748335664782e-14,2.021099332545377e-13
RK4,fig1a,fixed,y_half,0.0,0.0,0.0
RK4,fig1a,fixed,y_half,0.01,0.0,0.0
RK4,fig1a,fixed,y_half,0.02,0.0,0.0
RK4,fig1a,moving,y_half,0.0,0.0,0.0
RK4,fig1a,moving,y_half,0.01,1.8134088889745982e-14,1.4507271111796785e-13
RK4,fig1a,moving,y_half,0.02,6.509538832174654e-15,3.719813116970033e-14
RK4,fig1b,fixed,y_half,0.0,0.0,0.0
RK4,fig1b,fixed,y_half,0.01,0.0,0.0
RK4,fig1b,fixed,y_half,0.02,0.0,0.0
RK4,fig1b,moving,y_half,0.0,0.0,0.0
RK4,fig1b,moving,y_half,0.01,1.9649576917442605e-14,1.57196614598387e-13
RK4,fig1b,moving,y_half,0.02,2.5263741751942984e-14,1.9551255936889894e-13
RK4,fig1a,fixed,domain_double,0.0,0.0,0.0
RK4,fig1a,fixed,domain_double,0.01,0.0,0.0
RK4,fig1a,fixed,domain_double,0.02,0.0,0.0
RK4,fig1a,moving,domain_double,0.0,0.0,0.0
RK4,fig1a,moving,domain_double,0.01,1.9710432912745487e-14,9.761350718906591e-14
RK4,fig1a,moving,domain_double,0.02,6.570126145979689e-15,1.0511948740122862e-13
RK4,fig1b,fixed,domain_double,0.0,0.0,0.0
RK4,fig1b,fixed,domain_double,0.01,0.0,0.0
RK4,fig1b,fixed,domain_double,0.02,0.0,0.0
RK4,fig1b,moving,domain_double,0.0,0.0,0.0
RK4,fig1b,moving,domain_double,0.01,4.707529513030125e-14,1.8453515688905293e-13
RK4,fig1b,moving,domain_double,0.02,1.3651162448710674e-14,5.4605246106037564e-14
RK4,fig1a,fixed,x_half_time_half,0.0,0.0,0.0
RK4,fig1a,fixed,x_half_time_half,0.01,0.0,0.0
RK4,fig1a,fixed,x_half_time_half,0.02,0.0,0.0
RK4,fig1a,moving,x_half_time_half,0.0,0.0,0.0
RK4,fig1a,moving,x_half_time_half,0.01,5.579722132481233e-14,2.2318888530150716e-13
RK4,fig1a,moving,x_half_time_half,0.02,2.929354210102505e-14,1.1717412318743882e-13
RK4,fig1b,fixed,x_half_time_half,0.0,0.0,0.0
RK4,fig1b,fixed,x_half_time_half,0.01,0.0,0.0
RK4,fig1b,fixed,x_half_time_half,0.02,0.0,0.0
RK4,fig1b,moving,x_half_time_half,0.0,0.0,0.0
RK4,fig1b,moving,x_half_time_half,0.01,1.347399561438144e-13,5.380716461555574e-13
RK4,fig1b,moving,x_half_time_half,0.02,1.9088160598766945e-13,7.653027807900781e-13
Euler,fig1a,fixed,main,0.0,0.0,0.0
Euler,fig1a,fixed,main,0.01,0.0,0.0
Euler,fig1a,fixed,main,0.02,0.0,0.0
Euler,fig1a,moving,main,0.0,0.0,0.0
Euler,fig1a,moving,main,0.01,6.509680915334111e-15,2.603856063396388e-14
Euler,fig1a,moving,main,0.02,1.301934821195631e-14,2.6038710982312016e-14
Euler,fig1b,fixed,main,0.0,0.0,0.0
Euler,fig1b,fixed,main,0.01,0.0,0.0
Euler,fig1b,fixed,main,0.02,0.0,0.0
Euler,fig1b,moving,main,0.0,0.0,0.0
Euler,fig1b,moving,main,0.01,4.0468771332549985e-14,1.618750853699046e-13
Euler,fig1b,moving,main,0.02,2.900651825202829e-14,1.1602607276988514e-13
Euler,fig1a,fixed,time_half,0.0,0.0,0.0
Euler,fig1a,fixed,time_half,0.01,0.0,0.0
Euler,fig1a,fixed,time_half,0.02,0.0,0.0
Euler,fig1a,moving,time_half,0.0,0.0,0.0
Euler,fig1a,moving,time_half,0.01,6.509674037067887e-15,2.6038696476872794e-14
Euler,fig1a,moving,time_half,0.02,1.301936803783154e-14,5.207587020026466e-14
Euler,fig1b,fixed,time_half,0.0,0.0,0.0
Euler,fig1b,fixed,time_half,0.01,0.0,0.0
Euler,fig1b,fixed,time_half,0.02,0.0,0.0
Euler,fig1b,moving,time_half,0.0,0.0,0.0
Euler,fig1b,moving,time_half,0.01,4.6074255521944e-15,1.84297022087776e-14
Euler,fig1b,moving,time_half,0.02,2.2456659453806803e-14,8.982663715348272e-14
Euler,fig1a,fixed,x_half,0.0,0.0,0.0
Euler,fig1a,fixed,x_half,0.01,0.0,0.0
Euler,fig1a,fixed,x_half,0.02,0.0,0.0
Euler,fig1a,moving,x_half,0.0,0.0,0.0
Euler,fig1a,moving,x_half,0.01,3.464077491893077e-14,1.38563099948844e-13
Euler,fig1a,moving,x_half,0.02,5.207780821164798e-14,2.2607320204239e-13
Euler,fig1b,fixed,x_half,0.0,0.0,0.0
Euler,fig1b,fixed,x_half,0.01,0.0,0.0
Euler,fig1b,fixed,x_half,0.02,0.0,0.0
Euler,fig1b,moving,x_half,0.0,0.0,0.0
Euler,fig1b,moving,x_half,0.01,3.3217141972202163e-14,1.3286856749176196e-13
Euler,fig1b,moving,x_half,0.02,2.947436518756673e-14,1.1789746044586445e-13
Euler,fig1a,fixed,y_half,0.0,0.0,0.0
Euler,fig1a,fixed,y_half,0.01,0.0,0.0
Euler,fig1a,fixed,y_half,0.02,0.0,0.0
Euler,fig1a,moving,y_half,0.0,0.0,0.0
Euler,fig1a,moving,y_half,0.01,1.3251834186375257e-14,1.0601467349231565e-13
Euler,fig1a,moving,y_half,0.02,8.834556234791045e-15,7.81139272731414e-14
Euler,fig1b,fixed,y_half,0.0,0.0,0.0
Euler,fig1b,fixed,y_half,0.01,0.0,0.0
Euler,fig1b,fixed,y_half,0.02,0.0,0.0
Euler,fig1b,moving,y_half,0.0,0.0,0.0
Euler,fig1b,moving,y_half,0.01,2.900651819908873e-14,2.320521455397703e-13
Euler,fig1b,moving,y_half,0.02,6.082011935474941e-15,3.74278202763703e-14
Euler,fig1a,fixed,domain_double,0.0,0.0,0.0
Euler,fig1a,fixed,domain_double,0.01,0.0,0.0
Euler,fig1a,fixed,domain_double,0.02,0.0,0.0
Euler,fig1a,moving,domain_double,0.0,0.0,0.0
Euler,fig1a,moving,domain_double,0.01,9.151259294474862e-15,4.582048167161975e-14
Euler,fig1a,moving,domain_double,0.02,6.570144595416071e-15,2.6280549321342412e-14
Euler,fig1b,fixed,domain_double,0.0,0.0,0.0
Euler,fig1b,fixed,domain_double,0.01,0.0,0.0
Euler,fig1b,fixed,domain_double,0.02,0.0,0.0
Euler,fig1b,moving,domain_double,0.0,0.0,0.0
Euler,fig1b,moving,domain_double,0.01,1.6947106246430753e-14,6.690024656007753e-14
Euler,fig1b,moving,domain_double,0.02,1.318108264227358e-14,5.319508349559019e-14
Euler,fig1a,fixed,x_half_time_half,0.0,0.0,0.0
Euler,fig1a,fixed,x_half_time_half,0.01,0.0,0.0
Euler,fig1a,fixed,x_half_time_half,0.02,0.0,0.0
Euler,fig1a,moving,x_half_time_half,0.0,0.0,0.0
Euler,fig1a,moving,x_half_time_half,0.01,5.6262195922167083e-14,2.25048785943481e-13
Euler,fig1a,moving,x_half_time_half,0.02,1.4879253978414813e-14,5.951700551398275e-14
Euler,fig1b,fixed,x_half_time_half,0.0,0.0,0.0
Euler,fig1b,fixed,x_half_time_half,0.01,0.0,0.0
Euler,fig1b,fixed,x_half_time_half,0.02,0.0,0.0
Euler,fig1b,moving,x_half_time_half,0.0,0.0,0.0
Euler,fig1b,moving,x_half_time_half,0.01,1.2164023765070763e-14,4.865609513969239e-14
Euler,fig1b,moving,x_half_time_half,0.02,6.035227187327177e-14,2.4140908683134257e-13
Euler,fig1a,fixed,time_quarter,0.0,0.0,0.0
Euler,fig1a,fixed,time_quarter,0.01,0.0,0.0
Euler,fig1a,fixed,time_quarter,0.02,0.0,0.0
Euler,fig1a,moving,time_quarter,0.0,0.0,0.0
Euler,fig1a,moving,time_quarter,0.01,2.220446049250313e-15,8.881784197001252e-15
Euler,fig1a,moving,time_quarter,0.02,1.7204138526028978e-14,6.881655414020348e-14
Euler,fig1b,fixed,time_quarter,0.0,0.0,0.0
Euler,fig1b,fixed,time_quarter,0.01,0.0,0.0
Euler,fig1b,fixed,time_quarter,0.02,0.0,0.0
Euler,fig1b,moving,time_quarter,0.0,0.0,0.0
Euler,fig1b,moving,time_quarter,0.01,1.637464740914402e-14,6.549858943805274e-14
Euler,fig1b,moving,time_quarter,0.02,9.123017850272852e-15,3.649207122903784e-14
