p,route,n,dt,method,halfwidth,time,u,rho,C,a
3.0,integrable_original,400,0.003125,rk4,4.0,0.25,0.008240622172799281,0.00026922377575278045,1.0,0.02
3.0,integrable_original,400,0.003125,rk4,4.0,0.5,0.04094942652506177,0.0032798164860989854,1.0,0.02
3.0,integrable_original,800,0.003125,rk4,4.0,0.25,0.004117252605199517,0.00013467448993786935,1.0,0.01
3.0,integrable_original,800,0.003125,rk4,4.0,0.5,0.020452133098313438,0.0016367669877549451,1.0,0.01
3.0,integrable_original,800,0.0015625,rk4,4.0,0.25,0.00411725260716618,0.0001346744905464936,1.0,0.01
3.0,integrable_original,800,0.0015625,rk4,4.0,0.5,0.020452133107112955,0.0016367669909044258,1.0,0.01
3.0,integrable_original,500,0.003125,rk4,5.0,0.25,0.008307667027208605,0.0002704716098685944,1.0,0.02
3.0,integrable_original,500,0.003125,rk4,5.0,0.5,0.041642200118342194,0.0033113083683734557,1.0,0.02
3.0,integrable_calibrated,400,0.003125,rk4,4.0,0.25,1.4152145036732539e-05,7.734838594730675e-06,1.020199980003999,0.02
3.0,integrable_calibrated,400,0.003125,rk4,4.0,0.5,6.841382096947277e-05,9.728615986692724e-06,1.020199980003999,0.02
3.0,integrable_calibrated,800,0.003125,rk4,4.0,0.25,3.5417035428499805e-06,1.9337234901106726e-06,1.0100499987500624,0.01
3.0,integrable_calibrated,800,0.003125,rk4,4.0,0.5,1.7138500726591142e-05,2.4319111363579893e-06,1.0100499987500624,0.01
3.0,integrable_calibrated,800,0.0015625,rk4,4.0,0.25,3.5417034787432744e-06,1.933723486891026e-06,1.0100499987500624,0.01
3.0,integrable_calibrated,800,0.0015625,rk4,4.0,0.5,1.7138500466061697e-05,2.431911125588826e-06,1.0100499987500624,0.01
3.0,integrable_calibrated,500,0.003125,rk4,5.0,0.25,1.4263586919503052e-05,7.73595259861981e-06,1.020199980003999,0.02
3.0,integrable_calibrated,500,0.003125,rk4,5.0,0.5,6.956399011766312e-05,9.75205212350172e-06,1.020199980003999,0.02
3.0,difference_rho,400,0.003125,rk4,4.0,0.25,1.4059430006180262e-06,5.188982273973686e-06,1.0,0.02
3.0,difference_rho,400,0.003125,rk4,4.0,0.5,1.3779323229344553e-06,5.434410962124048e-06,1.0,0.02
3.0,difference_rho,800,0.003125,rk4,4.0,0.25,3.515117415683888e-07,1.297442490666434e-06,1.0,0.01
3.0,difference_rho,800,0.003125,rk4,4.0,0.5,3.444319976383947e-07,1.358858490174697e-06,1.0,0.01
3.0,difference_rho,800,0.0015625,rk4,4.0,0.25,3.515117597829853e-07,1.2974424913325677e-06,1.0,0.01
3.0,difference_rho,800,0.0015625,rk4,4.0,0.5,3.444320283464697e-07,1.3588584918400315e-06,1.0,0.01
3.0,difference_rho,500,0.003125,rk4,5.0,0.25,1.4064948005605704e-06,5.277200688880157e-06,1.0,0.02
3.0,difference_rho,500,0.003125,rk4,5.0,0.5,1.393940660843196e-06,5.528410845112575e-06,1.0,0.02
3.0,difference_rm,400,0.003125,rk4,4.0,0.25,1.0996197965691679e-06,3.936374801893905e-06,1.0,0.02
3.0,difference_rm,400,0.003125,rk4,4.0,0.5,1.1300835542002452e-06,4.0996432154605245e-06,1.0,0.02
3.0,difference_rm,800,0.003125,rk4,4.0,0.25,2.749369202095786e-07,9.840600688759693e-07,1.0,0.01
3.0,difference_rm,800,0.003125,rk4,4.0,0.5,2.8250348503219835e-07,1.024981679864645e-06,1.0,0.01
3.0,difference_rm,800,0.0015625,rk4,4.0,0.25,2.7493694857230744e-07,9.840600680988132e-07,1.0,0.01
3.0,difference_rm,800,0.0015625,rk4,4.0,0.5,2.8250347109542995e-07,1.0249816794205557e-06,1.0,0.01
3.0,difference_rm,500,0.003125,rk4,5.0,0.25,1.0709027716410136e-06,3.870865867061646e-06,1.0,0.02
3.0,difference_rm,500,0.003125,rk4,5.0,0.5,1.1036057060570537e-06,4.032421633604066e-06,1.0,0.02
3.0,difference_fixed,400,0.003125,rk4,4.0,0.25,1.228587629065886e-06,4.458102480286996e-06,1.0,0.02
3.0,difference_fixed,400,0.003125,rk4,4.0,0.5,1.2373840561144545e-06,4.655438240019905e-06,1.0,0.02
3.0,difference_fixed,800,0.003125,rk4,4.0,0.25,3.071708712699961e-07,1.1145655153255163e-06,1.0,0.01
3.0,difference_fixed,800,0.003125,rk4,4.0,0.5,3.093581794622047e-07,1.1640065171736325e-06,1.0,0.01
3.0,difference_fixed,800,0.0015625,rk4,4.0,0.25,3.0717087210960226e-07,1.1145655154365386e-06,1.0,0.01
3.0,difference_fixed,800,0.0015625,rk4,4.0,0.5,3.093581819775537e-07,1.1640065176177217e-06,1.0,0.01
3.0,difference_fixed,500,0.003125,rk4,5.0,0.25,1.2133225675316217e-06,4.457840616534092e-06,1.0,0.02
3.0,difference_fixed,500,0.003125,rk4,5.0,0.5,1.229818409283212e-06,4.65589667220101e-06,1.0,0.02
3.0,difference_matched,400,0.003125,rk4,4.0,0.25,1.1221289445036142e-06,7.294880782438007e-06,1.0,0.02
3.0,difference_matched,400,0.003125,rk4,4.0,0.5,6.631605754330375e-06,7.1082807445721485e-06,1.0,0.02
3.0,difference_matched,800,0.003125,rk4,4.0,0.25,2.806459001511441e-07,1.8237268717413713e-06,1.0,0.01
3.0,difference_matched,800,0.003125,rk4,4.0,0.5,1.6605564367366474e-06,1.7767577107363763e-06,1.0,0.01
3.0,difference_matched,800,0.0015625,rk4,4.0,0.25,2.8064591584345266e-07,1.8237268692988806e-06,1.0,0.01
3.0,difference_matched,800,0.0015625,rk4,4.0,0.5,1.6605561730326582e-06,1.7767577012994806e-06,1.0,0.01
3.0,difference_matched,500,0.003125,rk4,5.0,0.25,1.1584461091385806e-06,7.295985064215138e-06,1.0,0.02
3.0,difference_matched,500,0.003125,rk4,5.0,0.5,7.769882587859052e-06,7.130303992020082e-06,1.0,0.02
4.0,integrable_original,400,0.003125,rk4,4.0,0.25,0.011401634405804164,0.00046218980694456846,1.0,0.02
4.0,integrable_original,400,0.003125,rk4,4.0,0.5,0.051178066118244624,0.004398467109201332,1.0,0.02
4.0,integrable_original,800,0.003125,rk4,4.0,0.25,0.005688574144570621,0.0002309313617524511,1.0,0.01
4.0,integrable_original,800,0.003125,rk4,4.0,0.5,0.025516271726013954,0.002191415572998845,1.0,0.01
4.0,integrable_original,800,0.0015625,rk4,4.0,0.25,0.005688574145828927,0.00023093136190555086,1.0,0.01
4.0,integrable_original,800,0.0015625,rk4,4.0,0.5,0.025516271731035968,0.0021914155757307707,1.0,0.01
4.0,integrable_calibrated,400,0.003125,rk4,4.0,0.25,5.1216743536219335e-05,4.572824073589832e-05,1.020199980003999,0.02
4.0,integrable_calibrated,400,0.003125,rk4,4.0,0.5,0.00022679753530988663,5.2262423201887565e-05,1.020199980003999,0.02
4.0,integrable_calibrated,800,0.003125,rk4,4.0,0.25,1.2825052047427295e-05,1.1437598862795717e-05,1.0100499987500624,0.01
4.0,integrable_calibrated,800,0.003125,rk4,4.0,0.5,5.677311598913234e-05,1.3069730427917037e-05,1.0100499987500624,0.01
4.0,integrable_calibrated,800,0.0015625,rk4,4.0,0.25,1.2825051899421555e-05,1.1437598857688691e-05,1.0100499987500624,0.01
4.0,integrable_calibrated,800,0.0015625,rk4,4.0,0.5,5.6773115514297326e-05,1.3069730409598357e-05,1.0100499987500624,0.01
4.0,difference_rho,400,0.003125,rk4,4.0,0.25,8.994340259187161e-06,3.034677148205933e-05,1.0,0.02
4.0,difference_rho,400,0.003125,rk4,4.0,0.5,7.854509514682029e-06,3.310059349315164e-05,1.0,0.02
4.0,difference_rho,800,0.003125,rk4,4.0,0.25,2.248696696481589e-06,7.591648318427957e-06,1.0,0.01
4.0,difference_rho,800,0.003125,rk4,4.0,0.5,1.9649761530127208e-06,8.278366375735757e-06,1.0,0.01
4.0,difference_rho,800,0.0015625,rk4,4.0,0.25,2.248696865624067e-06,7.59164832919712e-06,1.0,0.01
4.0,difference_rho,800,0.0015625,rk4,4.0,0.5,1.9649766494836407e-06,8.278366404712578e-06,1.0,0.01
4.0,difference_rm,400,0.003125,rk4,4.0,0.25,4.671180904608496e-06,1.4382007193503021e-05,1.0,0.02
4.0,difference_rm,400,0.003125,rk4,4.0,0.5,4.883619982014309e-06,1.5739435594075424e-05,1.0,0.02
4.0,difference_rm,800,0.003125,rk4,4.0,0.25,1.1677379256683218e-06,3.596677786377178e-06,1.0,0.01
4.0,difference_rm,800,0.003125,rk4,4.0,0.5,1.221479853416585e-06,3.936148337269074e-06,1.0,0.01
4.0,difference_rm,800,0.0015625,rk4,4.0,0.25,1.1677379027560941e-06,3.59667778404571e-06,1.0,0.01
4.0,difference_rm,800,0.0015625,rk4,4.0,0.5,1.2214797653689602e-06,3.936148332162048e-06,1.0,0.01
4.0,difference_fixed,400,0.003125,rk4,4.0,0.25,6.143610951157841e-06,1.9479710161918184e-05,1.0,0.02
4.0,difference_fixed,400,0.003125,rk4,4.0,0.5,6.1096916315339644e-06,2.13683971725942e-05,1.0,0.02
4.0,difference_fixed,800,0.003125,rk4,4.0,0.25,1.5359386505778283e-06,4.870625378239346e-06,1.0,0.01
4.0,difference_fixed,800,0.003125,rk4,4.0,0.5,1.527517819559232e-06,5.342688987997057e-06,1.0,0.01
4.0,difference_fixed,800,0.0015625,rk4,4.0,0.25,1.535938654262381e-06,4.870625378128324e-06,1.0,0.01
4.0,difference_fixed,800,0.0015625,rk4,4.0,0.5,1.527517828392444e-06,5.342688987552968e-06,1.0,0.01
4.0,difference_matched,400,0.003125,rk4,4.0,0.25,1.1504076501023253e-05,4.371076289211295e-05,1.0,0.02
4.0,difference_matched,400,0.003125,rk4,4.0,0.5,9.538155744372168e-06,4.163870644668943e-05,1.0,0.02
4.0,difference_matched,800,0.003125,rk4,4.0,0.25,2.877398048120594e-06,1.0932469582947135e-05,1.0,0.01
4.0,difference_matched,800,0.003125,rk4,4.0,0.5,2.384001395749208e-06,1.041025308823329e-05,1.0,0.01
4.0,difference_matched,800,0.0015625,rk4,4.0,0.25,2.8773980605203975e-06,1.0932469577507042e-05,1.0,0.01
4.0,difference_matched,800,0.0015625,rk4,4.0,0.5,2.3840013921375136e-06,1.0410253069692565e-05,1.0,0.01
5.0,integrable_original,400,0.003125,rk4,4.0,0.25,0.012955400363032058,0.00064769367132822,1.0,0.02
5.0,integrable_original,400,0.003125,rk4,4.0,0.5,0.05656642075960709,0.004797119249955628,1.0,0.02
5.0,integrable_original,800,0.003125,rk4,4.0,0.25,0.006453933275323408,0.00032329458582169845,1.0,0.01
5.0,integrable_original,800,0.003125,rk4,4.0,0.5,0.02815538638670631,0.002384221777023132,1.0,0.01
5.0,integrable_original,800,0.0015625,rk4,4.0,0.25,0.00645393327623827,0.00032329458591773275,1.0,0.01
5.0,integrable_original,800,0.0015625,rk4,4.0,0.5,0.02815538639029053,0.0023842217795373433,1.0,0.01
5.0,integrable_calibrated,400,0.003125,rk4,4.0,0.25,9.660201494762256e-05,0.00011036143716636193,1.020199980003999,0.02
5.0,integrable_calibrated,400,0.003125,rk4,4.0,0.5,0.00042056870047437324,0.00012173162700113149,1.020199980003999,0.02
5.0,integrable_calibrated,800,0.003125,rk4,4.0,0.25,2.418369025579143e-05,2.759836433452456e-05,1.0100499987500624,0.01
5.0,integrable_calibrated,800,0.003125,rk4,4.0,0.5,0.00010517453987793238,3.04403683888399e-05,1.0100499987500624,0.01
5.0,integrable_calibrated,800,0.0015625,rk4,4.0,0.25,2.4183689946359697e-05,2.759836432386642e-05,1.0100499987500624,0.01
5.0,integrable_calibrated,800,0.0015625,rk4,4.0,0.5,0.00010517453891833626,3.0440368354756053e-05,1.0100499987500624,0.01
5.0,difference_rho,400,0.003125,rk4,4.0,0.25,2.3725297624926922e-05,7.324060644886554e-05,1.0,0.02
5.0,difference_rho,400,0.003125,rk4,4.0,0.5,2.0902474800882365e-05,8.190223287896092e-05,1.0,0.02
5.0,difference_rho,800,0.003125,rk4,4.0,0.25,5.932013212833764e-06,1.831545490149633e-05,1.0,0.01
5.0,difference_rho,800,0.003125,rk4,4.0,0.5,5.226934679851414e-06,2.0491770070574233e-05,1.0,0.01
5.0,difference_rho,800,0.0015625,rk4,4.0,0.25,5.932013859608065e-06,1.8315454948014676e-05,1.0,0.01
5.0,difference_rho,800,0.0015625,rk4,4.0,0.5,5.226932887437974e-06,2.0491770176822577e-05,1.0,0.01
5.0,difference_rm,400,0.003125,rk4,4.0,0.25,8.480347495745666e-06,2.5843559511407044e-05,1.0,0.02
5.0,difference_rm,400,0.003125,rk4,4.0,0.5,8.832657261564902e-06,2.9268267487392308e-05,1.0,0.02
5.0,difference_rm,800,0.003125,rk4,4.0,0.25,2.119774363734672e-06,6.462827891851042e-06,1.0,0.01
5.0,difference_rm,800,0.003125,rk4,4.0,0.5,2.208017887528335e-06,7.31835776823786e-06,1.0,0.01
5.0,difference_rm,800,0.0015625,rk4,4.0,0.25,2.119774318742884e-06,6.46282789129593e-06,1.0,0.01
5.0,difference_rm,800,0.0015625,rk4,4.0,0.5,2.208017816196506e-06,7.318357770014217e-06,1.0,0.01
5.0,difference_fixed,400,0.003125,rk4,4.0,0.25,1.2860653116480991e-05,3.6364703567492995e-05,1.0,0.02
5.0,difference_fixed,400,0.003125,rk4,4.0,0.5,1.303941910027473e-05,4.216509350030151e-05,1.0,0.02
5.0,difference_fixed,800,0.003125,rk4,4.0,0.25,3.2160265027170176e-06,9.091775707181782e-06,1.0,0.01
5.0,difference_fixed,800,0.003125,rk4,4.0,0.5,3.2600609446292728e-06,1.0542733856921949e-05,1.0,0.01
5.0,difference_fixed,800,0.0015625,rk4,4.0,0.25,3.2160265084069106e-06,9.091775707847916e-06,1.0,0.01
5.0,difference_fixed,800,0.0015625,rk4,4.0,0.5,3.2600609602279063e-06,1.0542733856588882e-05,1.0,0.01
5.0,difference_matched,400,0.003125,rk4,4.0,0.25,3.518229947438445e-05,0.00010623184043689893,1.0,0.02
5.0,difference_matched,400,0.003125,rk4,4.0,0.5,5.90143502299307e-05,0.00010076245710233245,1.0,0.02
5.0,difference_matched,800,0.003125,rk4,4.0,0.25,8.790304542108385e-06,2.6565580327653215e-05,1.0,0.01
5.0,difference_matched,800,0.003125,rk4,4.0,0.5,1.4751898048190196e-05,2.51972422715685e-05,1.0,0.01
5.0,difference_matched,800,0.0015625,rk4,4.0,0.25,8.790304558206619e-06,2.6565580316884052e-05,1.0,0.01
5.0,difference_matched,800,0.0015625,rk4,4.0,0.5,1.4751899019409286e-05,2.5197242240926343e-05,1.0,0.01
6.0,integrable_original,400,0.003125,rk4,4.0,0.25,0.013801343191842974,0.0008284945465661941,1.0,0.02
6.0,integrable_original,400,0.003125,rk4,4.0,0.5,0.05957234539643969,0.005412555138546327,1.0,0.02
6.0,integrable_original,800,0.003125,rk4,4.0,0.25,0.006864487240187059,0.00040962079811113217,1.0,0.01
6.0,integrable_original,800,0.003125,rk4,4.0,0.5,0.02960260601123706,0.0026942889738763576,1.0,0.01
6.0,integrable_original,800,0.0015625,rk4,4.0,0.25,0.006864487240859416,0.00040962079816730945,1.0,0.01
6.0,integrable_original,800,0.0015625,rk4,4.0,0.5,0.029602606013945994,0.002694288974181225,1.0,0.01
6.0,integrable_calibrated,400,0.003125,rk4,4.0,0.25,0.00014583697523509528,0.00019291243735586328,1.020199980003999,0.02
6.0,integrable_calibrated,400,0.003125,rk4,4.0,0.5,0.0006278199749621859,0.0002093305344060825,1.020199980003999,0.02
6.0,integrable_calibrated,800,0.003125,rk4,4.0,0.25,3.646038190957944e-05,4.82325193522648e-05,1.0100499987500624,0.01
6.0,integrable_calibrated,800,0.003125,rk4,4.0,0.5,0.00015695822017934913,5.236507306904947e-05,1.0100499987500624,0.01
6.0,integrable_calibrated,800,0.0015625,rk4,4.0,0.25,3.6460381434532275e-05,4.823251933716577e-05,1.0100499987500624,0.01
6.0,integrable_calibrated,800,0.0015625,rk4,4.0,0.5,0.000156958218738232,5.2365073016646946e-05,1.0100499987500624,0.01
6.0,difference_rho,400,0.003125,rk4,4.0,0.25,4.514380270381757e-05,0.0001299668532471765,1.0,0.02
6.0,difference_rho,400,0.003125,rk4,4.0,0.5,4.82322991826184e-05,0.00014798364621859683,1.0,0.02
6.0,difference_rho,800,0.003125,rk4,4.0,0.25,1.1302226773604596e-05,3.2500655096523445e-05,1.0,0.01
6.0,difference_rho,800,0.003125,rk4,4.0,0.5,1.2068307135577883e-05,3.701993697913242e-05,1.0,0.01
6.0,difference_rho,800,0.0015625,rk4,4.0,0.25,1.1302228229856381e-05,3.2500655226752606e-05,1.0,0.01
6.0,difference_rho,800,0.0015625,rk4,4.0,0.5,1.2068303119873447e-05,3.701993722771135e-05,1.0,0.01
6.0,difference_rm,400,0.003125,rk4,4.0,0.25,1.1401493166918186e-05,4.626858598433259e-05,1.0,0.02
6.0,difference_rm,400,0.003125,rk4,4.0,0.5,1.3845451076206078e-05,5.362321071666898e-05,1.0,0.02
6.0,difference_rm,800,0.003125,rk4,4.0,0.25,2.8510513682689087e-06,1.1573845232648594e-05,1.0,0.01
6.0,difference_rm,800,0.003125,rk4,4.0,0.5,3.4621631335440828e-06,1.340083686440785e-05,1.0,0.01
6.0,difference_rm,800,0.0015625,rk4,4.0,0.25,2.85105140979125e-06,1.1573845228873836e-05,1.0,0.01
6.0,difference_rm,800,0.0015625,rk4,4.0,0.5,3.462163023264242e-06,1.34008368571914e-05,1.0,0.01
6.0,difference_fixed,400,0.003125,rk4,4.0,0.25,1.9986060325730137e-05,5.4322361723313506e-05,1.0,0.02
6.0,difference_fixed,400,0.003125,rk4,4.0,0.5,2.095725214328048e-05,6.547136034662504e-05,1.0,0.02
6.0,difference_fixed,800,0.003125,rk4,4.0,0.25,4.996573784873948e-06,1.3582736193340494e-05,1.0,0.01
6.0,difference_fixed,800,0.003125,rk4,4.0,0.5,5.24139394085521e-06,1.637642647800419e-05,1.0,0.01
6.0,difference_fixed,800,0.0015625,rk4,4.0,0.25,4.996573792104275e-06,1.3582736194339695e-05,1.0,0.01
6.0,difference_fixed,800,0.0015625,rk4,4.0,0.5,5.2413939578555e-06,1.6376426478559303e-05,1.0,0.01
6.0,difference_matched,400,0.003125,rk4,4.0,0.25,7.307321997743199e-05,0.0001864781014212502,1.0,0.02
6.0,difference_matched,400,0.003125,rk4,4.0,0.5,0.00014588098982963366,0.0001767613323762074,1.0,0.02
6.0,difference_matched,800,0.003125,rk4,4.0,0.25,1.8263767448886692e-05,4.662620815731877e-05,1.0,0.01
6.0,difference_matched,800,0.003125,rk4,4.0,0.5,3.647926692059266e-05,4.4206580004924056e-05,1.0,0.01
6.0,difference_matched,800,0.0015625,rk4,4.0,0.25,1.826376746752456e-05,4.662620814321894e-05,1.0,0.01
6.0,difference_matched,800,0.0015625,rk4,4.0,0.5,3.6479268382924216e-05,4.4206579965733184e-05,1.0,0.01
8.0,integrable_original,400,0.003125,rk4,4.0,0.25,0.014592794668070662,0.0012072612263713811,1.0,0.02
8.0,integrable_original,400,0.003125,rk4,4.0,0.5,0.06236589150119678,0.006947100244919735,1.0,0.02
8.0,integrable_original,800,0.003125,rk4,4.0,0.25,0.007235061607972502,0.0005708835914401966,1.0,0.01
8.0,integrable_original,800,0.003125,rk4,4.0,0.5,0.03088919636497032,0.0034492480149169724,1.0,0.01
8.0,integrable_original,800,0.0015625,rk4,4.0,0.25,0.007235061608298305,0.0005708835914274291,1.0,0.01
8.0,integrable_original,800,0.0015625,rk4,4.0,0.5,0.03088919636653611,0.003449248014960715,1.0,0.01
8.0,integrable_calibrated,400,0.003125,rk4,4.0,0.25,0.00024591621174689014,0.00040712751993832175,1.020199980003999,0.02
8.0,integrable_calibrated,400,0.003125,rk4,4.0,0.5,0.0010489171909177264,0.0004471380753599541,1.020199980003999,0.02
8.0,integrable_calibrated,800,0.003125,rk4,4.0,0.25,6.149241002880728e-05,0.00010188157647506024,1.0100499987500624,0.01
8.0,integrable_calibrated,800,0.003125,rk4,4.0,0.5,0.0002622661373140117,0.00011194913203327328,1.0100499987500624,0.01
8.0,integrable_calibrated,800,0.0015625,rk4,4.0,0.25,6.149240928574726e-05,0.00010188157643731266,1.0100499987500624,0.01
8.0,integrable_calibrated,800,0.0015625,rk4,4.0,0.5,0.0002622661350955707,0.0001119491319243604,1.0100499987500624,0.01
8.0,difference_rho,400,0.003125,rk4,4.0,0.25,0.00010688302724040644,0.00028659172351086504,1.0,0.02
8.0,difference_rho,400,0.003125,rk4,4.0,0.5,0.00014901565809126438,0.0003303997982276874,1.0,0.02
8.0,difference_rho,800,0.003125,rk4,4.0,0.25,2.6698058695151516e-05,7.167430539439801e-05,1.0,0.01
8.0,difference_rho,800,0.003125,rk4,4.0,0.5,3.733223525222151e-05,8.264149752734706e-05,1.0,0.01
8.0,difference_rho,800,0.0015625,rk4,4.0,0.25,2.6698062197433314e-05,7.16743059060998e-05,1.0,0.01
8.0,difference_rho,800,0.0015625,rk4,4.0,0.5,3.733222534422348e-05,8.264149825865097e-05,1.0,0.01
8.0,difference_rm,400,0.003125,rk4,4.0,0.25,1.894766088813768e-05,9.93465641323521e-05,1.0,0.02
8.0,difference_rm,400,0.003125,rk4,4.0,0.5,2.9277984930374534e-05,0.00011855878416711096,1.0,0.02
8.0,difference_rm,800,0.003125,rk4,4.0,0.25,4.742146935358266e-06,2.4845472926471324e-05,1.0,0.01
8.0,difference_rm,800,0.003125,rk4,4.0,0.5,7.316601374814796e-06,2.9663491245335294e-05,1.0,0.01
8.0,difference_rm,800,0.0015625,rk4,4.0,0.25,4.742146441236161e-06,2.4845472902046417e-05,1.0,0.01
8.0,difference_rm,800,0.0015625,rk4,4.0,0.5,7.316600946501162e-06,2.966349119304379e-05,1.0,0.01
8.0,difference_fixed,400,0.003125,rk4,4.0,0.25,3.3552273639742e-05,0.00012061440908517351,1.0,0.02
8.0,difference_fixed,400,0.003125,rk4,4.0,0.5,3.797218281714754e-05,0.00014170704873261997,1.0,0.02
8.0,difference_fixed,800,0.003125,rk4,4.0,0.25,8.391273428554058e-06,3.0196845586805132e-05,1.0,0.01
8.0,difference_fixed,800,0.003125,rk4,4.0,0.5,9.499503046156432e-06,3.545047324671202e-05,1.0,0.01
8.0,difference_fixed,800,0.0015625,rk4,4.0,0.25,8.391273436436641e-06,3.019684558625002e-05,1.0,0.01
8.0,difference_fixed,800,0.0015625,rk4,4.0,0.5,9.499503064086534e-06,3.545047324615691e-05,1.0,0.01
8.0,difference_matched,400,0.003125,rk4,4.0,0.25,0.00019252753640686127,0.00039390317803467134,1.0,0.02
8.0,difference_matched,400,0.003125,rk4,4.0,0.5,0.00043281745287997923,0.0003779794595042407,1.0,0.02
8.0,difference_matched,800,0.003125,rk4,4.0,0.25,4.81277107151068e-05,9.85698908287369e-05,1.0,0.01
8.0,difference_matched,800,0.003125,rk4,4.0,0.5,0.00010824420029919562,9.45666186110139e-05,1.0,0.01
8.0,difference_matched,800,0.0015625,rk4,4.0,0.25,4.812771073395283e-05,9.856989082457357e-05,1.0,0.01
8.0,difference_matched,800,0.0015625,rk4,4.0,0.5,0.00010824420255362778,9.456661860018922e-05,1.0,0.01
10.0,integrable_original,400,0.003125,rk4,4.0,0.25,0.01490179685319254,0.001648500296696942,1.0,0.02
10.0,integrable_original,400,0.003125,rk4,4.0,0.5,0.06340213935244175,0.008400294650598883,1.0,0.02
10.0,integrable_original,800,0.003125,rk4,4.0,0.25,0.007364671729819472,0.0007331307481454052,1.0,0.01
10.0,integrable_original,800,0.003125,rk4,4.0,0.5,0.031300942330814464,0.004157670973131133,1.0,0.01
10.0,integrable_original,800,0.0015625,rk4,4.0,0.25,0.007364671729913701,0.000733130748089561,1.0,0.01
10.0,integrable_original,800,0.0015625,rk4,4.0,0.5,0.03130094233164955,0.00415767097300257,1.0,0.01
10.0,integrable_calibrated,400,0.003125,rk4,4.0,0.25,0.0003449107193451136,0.0007291815971063875,1.020199980003999,0.02
10.0,integrable_calibrated,400,0.003125,rk4,4.0,0.5,0.0014645781000670443,0.0007978314854454327,1.020199980003999,0.02
10.0,integrable_calibrated,800,0.003125,rk4,4.0,0.25,8.625634645890732e-05,0.00018258092031459006,1.0100499987500624,0.01
10.0,integrable_calibrated,800,0.003125,rk4,4.0,0.5,0.0003662414254865739,0.0002003009797358346,1.0100499987500624,0.01
10.0,integrable_calibrated,800,0.0015625,rk4,4.0,0.25,8.625634552783374e-05,0.00018258092026018913,1.0100499987500624,0.01
10.0,integrable_calibrated,800,0.0015625,rk4,4.0,0.5,0.0003662414227236989,0.0002003009795844557,1.0100499987500624,0.01
10.0,difference_rho,400,0.003125,rk4,4.0,0.25,0.00019100447924602637,0.0005094465742468413,1.0,0.02
10.0,difference_rho,400,0.003125,rk4,4.0,0.5,0.00032039752275371536,0.0005848218508915926,1.0,0.02
10.0,difference_rho,800,0.003125,rk4,4.0,0.25,4.787617014470613e-05,0.00012762762350282397,1.0,0.01
10.0,difference_rho,800,0.003125,rk4,4.0,0.5,8.033464853800937e-05,0.00014646451537753125,1.0,0.01
10.0,difference_rho,800,0.0015625,rk4,4.0,0.25,4.7876175927941134e-05,0.0001276276246862662,1.0,0.01
10.0,difference_rho,800,0.0015625,rk4,4.0,0.5,8.033463208489272e-05,0.00014646451687205797,1.0,0.01
10.0,difference_rm,400,0.003125,rk4,4.0,0.25,3.5982481208684386e-05,0.00016501435449178814,1.0,0.02
10.0,difference_rm,400,0.003125,rk4,4.0,0.5,5.314455921491025e-05,0.00020043894360133319,1.0,0.02
10.0,difference_rm,800,0.003125,rk4,4.0,0.25,9.00255570912556e-06,4.126969502993294e-05,1.0,0.01
10.0,difference_rm,800,0.003125,rk4,4.0,0.5,1.3294984991694611e-05,5.0202547601463365e-05,1.0,0.01
10.0,difference_rm,800,0.0015625,rk4,4.0,0.25,9.00255520286386e-06,4.1269694962653425e-05,1.0,0.01
10.0,difference_rm,800,0.0015625,rk4,4.0,0.5,1.3294984026813658e-05,5.020254748033803e-05,1.0,0.01
10.0,difference_fixed,400,0.003125,rk4,4.0,0.25,4.5565697911587044e-05,0.0002174326962082196,1.0,0.02
10.0,difference_fixed,400,0.003125,rk4,4.0,0.5,5.525152069577044e-05,0.0002591412876798982,1.0,0.02
10.0,difference_fixed,800,0.003125,rk4,4.0,0.25,1.1397285760716969e-05,5.4393737396352115e-05,1.0,0.01
10.0,difference_fixed,800,0.003125,rk4,4.0,0.5,1.3825075057594116e-05,6.483038738913649e-05,1.0,0.01
10.0,difference_fixed,800,0.0015625,rk4,4.0,0.25,1.1397285766157061e-05,5.439373739624109e-05,1.0,0.01
10.0,difference_fixed,800,0.0015625,rk4,4.0,0.5,1.3825075073803372e-05,6.483038738902547e-05,1.0,0.01
10.0,difference_matched,400,0.003125,rk4,4.0,0.25,0.00036898002668808716,0.0007062590672381464,1.0,0.02
10.0,difference_matched,400,0.003125,rk4,4.0,0.5,0.0008675989183012153,0.0006861028245934153,1.0,0.02
10.0,difference_matched,800,0.003125,rk4,4.0,0.25,9.259650065848724e-05,0.0001773954585997939,1.0,0.01
10.0,difference_matched,800,0.003125,rk4,4.0,0.5,0.0002170498261524546,0.00017226244509216393,1.0,0.01
10.0,difference_matched,800,0.0015625,rk4,4.0,0.25,9.259650067477976e-05,0.00017739545859679628,1.0,0.01
10.0,difference_matched,800,0.0015625,rk4,4.0,0.5,0.00021704982897092118,0.0001722624450909982,1.0,0.01
12.0,integrable_original,400,0.003125,rk4,4.0,0.25,0.01503152220918561,0.002187357702053472,1.0,0.02
12.0,integrable_original,400,0.003125,rk4,4.0,0.5,0.06378990128865537,0.009801359584435176,1.0,0.02
12.0,integrable_original,800,0.003125,rk4,4.0,0.25,0.007405133898975161,0.0009051183046854261,1.0,0.01
12.0,integrable_original,800,0.003125,rk4,4.0,0.5,0.03139163575368624,0.004837111807292294,1.0,0.01
12.0,integrable_original,800,0.0015625,rk4,4.0,0.25,0.007405133898909576,0.000905118304595387,1.0,0.01
12.0,integrable_original,800,0.0015625,rk4,4.0,0.5,0.031391635754029965,0.004837111807030392,1.0,0.01
12.0,integrable_calibrated,400,0.003125,rk4,4.0,0.25,0.0004418137863088605,0.0011646652211040331,1.020199980003999,0.02
12.0,integrable_calibrated,400,0.003125,rk4,4.0,0.5,0.0018712449244419622,0.0012744830099679083,1.020199980003999,0.02
12.0,integrable_calibrated,800,0.003125,rk4,4.0,0.25,0.00011050914785148317,0.00029310407234012237,1.0100499987500624,0.01
12.0,integrable_calibrated,800,0.003125,rk4,4.0,0.5,0.00046800715378193293,0.0003192904487706594,1.0100499987500624,0.01
12.0,integrable_calibrated,800,0.0015625,rk4,4.0,0.25,0.00011050914679075689,0.0002931040722705114,1.0100499987500624,0.01
12.0,integrable_calibrated,800,0.0015625,rk4,4.0,0.5,0.00046800715064950583,0.00031929044858047817,1.0100499987500624,0.01
12.0,difference_rho,400,0.003125,rk4,4.0,0.25,0.0003075991905234221,0.0008045236757573959,1.0,0.02
12.0,difference_rho,400,0.003125,rk4,4.0,0.5,0.0005691079370066451,0.0009136127128344662,1.0,0.02
12.0,difference_rho,800,0.003125,rk4,4.0,0.25,7.723608035239277e-05,0.0002014738558667184,1.0,0.01
12.0,difference_rho,800,0.003125,rk4,4.0,0.5,0.00014291913949484453,0.0002294817105387148,1.0,0.01
12.0,difference_rho,800,0.0015625,rk4,4.0,0.25,7.723607032956298e-05,0.00020147385791846606,1.0,0.01
12.0,difference_rho,800,0.0015625,rk4,4.0,0.5,0.0001429191166720592,0.0002294817128877802,1.0,0.01
12.0,difference_rm,400,0.003125,rk4,4.0,0.25,6.0279397348698104e-05,0.00024053176316796154,1.0,0.02
12.0,difference_rm,400,0.003125,rk4,4.0,0.5,9.690376062711746e-05,0.00029555056715713235,1.0,0.02
12.0,difference_rm,800,0.003125,rk4,4.0,0.25,1.508384632084147e-05,6.0167997810278706e-05,1.0,0.01
12.0,difference_rm,800,0.003125,rk4,4.0,0.5,2.4254522530201862e-05,7.407854387164736e-05,1.0,0.01
12.0,difference_rm,800,0.0015625,rk4,4.0,0.25,1.5083845735786895e-05,6.016799770713899e-05,1.0,0.01
12.0,difference_rm,800,0.0015625,rk4,4.0,0.5,2.42545209374204e-05,7.407854368879363e-05,1.0,0.01
12.0,difference_fixed,400,0.003125,rk4,4.0,0.25,6.044393612542401e-05,0.00034038484412013403,1.0,0.02
12.0,difference_fixed,400,0.003125,rk4,4.0,0.5,7.216233094198277e-05,0.00041034926187766274,1.0,0.02
12.0,difference_fixed,800,0.003125,rk4,4.0,0.25,1.5140607183369847e-05,8.546071060921978e-05,1.0,0.01
12.0,difference_fixed,800,0.003125,rk4,4.0,0.5,1.8062022542786327e-05,0.00010296594923497882,1.0,0.01
12.0,difference_fixed,800,0.0015625,rk4,4.0,0.25,1.514060717977897e-05,8.546071060910876e-05,1.0,0.01
12.0,difference_fixed,800,0.0015625,rk4,4.0,0.5,1.8062022557108204e-05,0.00010296594923553393,1.0,0.01
12.0,difference_matched,400,0.003125,rk4,4.0,0.25,0.0006064864215469257,0.0011354249171305897,1.0,0.02
12.0,difference_matched,400,0.003125,rk4,4.0,0.5,0.0014470008631053968,0.0011138589753059702,1.0,0.02
12.0,difference_matched,800,0.003125,rk4,4.0,0.25,0.00015183204664956373,0.00028555573000937917,1.0,0.01
12.0,difference_matched,800,0.003125,rk4,4.0,0.5,0.00036213671898611076,0.00027935204645135325,1.0,0.01
12.0,difference_matched,800,0.0015625,rk4,4.0,0.25,0.00015183204666519012,0.0002855557300079359,1.0,0.01
12.0,difference_matched,800,0.0015625,rk4,4.0,0.5,0.0003621367221961778,0.00027935204645190836,1.0,0.01
16.0,integrable_original,400,0.003125,rk4,4.0,0.25,0.015111026493039022,0.003613135464975825,1.0,0.02
16.0,integrable_original,400,0.003125,rk4,4.0,0.5,0.06394375670810779,0.0124933306107885,1.0,0.02
16.0,integrable_original,800,0.003125,rk4,4.0,0.25,0.007397553044726329,0.0013078811839776217,1.0,0.01
16.0,integrable_original,800,0.003125,rk4,4.0,0.5,0.031269266295118135,0.006141399806356418,1.0,0.01
16.0,integrable_original,800,0.0015625,rk4,4.0,0.25,0.007397553044464548,0.0013078811838431736,1.0,0.01
16.0,integrable_original,800,0.0015625,rk4,4.0,0.5,0.031269266294865254,0.006141399805908776,1.0,0.01
16.0,integrable_calibrated,400,0.003125,rk4,4.0,0.25,0.0009077224711746268,0.002401106670834763,1.020199980003999,0.02
16.0,integrable_calibrated,400,0.003125,rk4,4.0,0.5,0.0026601745741258536,0.0025859620729908883,1.020199980003999,0.02
16.0,integrable_calibrated,800,0.003125,rk4,4.0,0.25,0.0002270639551265885,0.000604946165688458,1.0100499987500624,0.01
16.0,integrable_calibrated,800,0.003125,rk4,4.0,0.5,0.0006656103576729899,0.0006518037814408628,1.0100499987500624,0.01
16.0,integrable_calibrated,800,0.0015625,rk4,4.0,0.25,0.00022706395513669153,0.0006049461656041366,1.0100499987500624,0.01
16.0,integrable_calibrated,800,0.0015625,rk4,4.0,0.5,0.0006656103541032793,0.0006518037812073829,1.0100499987500624,0.01
16.0,difference_rho,400,0.003125,rk4,4.0,0.25,0.000681537440435448,0.0016131918790418531,1.0,0.02
16.0,difference_rho,400,0.003125,rk4,4.0,0.5,0.0013136540038517566,0.001816827860662451,1.0,0.02
16.0,difference_rho,800,0.003125,rk4,4.0,0.25,0.00017184871333039003,0.00040396225006433806,1.0,0.01
16.0,difference_rho,800,0.003125,rk4,4.0,0.5,0.0003313561057829359,0.0004550485414043237,1.0,0.01
16.0,difference_rho,800,0.0015625,rk4,4.0,0.25,0.000171848698659334,0.0004039622543213772,1.0,0.01
16.0,difference_rho,800,0.0015625,rk4,4.0,0.5,0.0003313560716778491,0.00045504854625705304,1.0,0.01
16.0,difference_rm,400,0.003125,rk4,4.0,0.25,0.00012860211445908914,0.00041370508209570556,1.0,0.02
16.0,difference_rm,400,0.003125,rk4,4.0,0.5,0.00022556395973477236,0.0005140349719690018,1.0,0.02
16.0,difference_rm,800,0.003125,rk4,4.0,0.25,3.22005466351109e-05,0.00010355994772537347,1.0,0.01
16.0,difference_rm,800,0.003125,rk4,4.0,0.5,5.64410877731264e-05,0.0001292242973792712,1.0,0.01
16.0,difference_rm,800,0.0015625,rk4,4.0,0.25,3.220054564074832e-05,0.00010355994754573938,1.0,0.01
16.0,difference_rm,800,0.0015625,rk4,4.0,0.5,5.64410858597186e-05,0.00012922429708039918,1.0,0.01
16.0,difference_fixed,400,0.003125,rk4,4.0,0.25,9.690681439091658e-05,0.0006704067851226458,1.0,0.02
16.0,difference_fixed,400,0.003125,rk4,4.0,0.5,0.0001071713013698454,0.0008159411828880803,1.0,0.02
16.0,difference_fixed,800,0.003125,rk4,4.0,0.25,2.4341430561788252e-05,0.00016807514168692972,1.0,0.01
16.0,difference_fixed,800,0.003125,rk4,4.0,0.5,2.68502859916038e-05,0.0002050626623153473,1.0,0.01
16.0,difference_fixed,800,0.0015625,rk4,4.0,0.25,2.4341430558433297e-05,0.00016807514168726279,1.0,0.01
16.0,difference_fixed,800,0.0015625,rk4,4.0,0.5,2.6850285981542404e-05,0.00020506266231690162,1.0,0.01
16.0,difference_matched,400,0.003125,rk4,4.0,0.25,0.0012481332959451141,0.0023591273357774223,1.0,0.02
16.0,difference_matched,400,0.003125,rk4,4.0,0.5,0.0030288864753308673,0.0023096417954637793,1.0,0.02
16.0,difference_matched,800,0.003125,rk4,4.0,0.25,0.0003140616819476971,0.0005923844155125146,1.0,0.01
16.0,difference_matched,800,0.003125,rk4,4.0,0.5,0.0007587997609282271,0.000585291568288071,1.0,0.01
16.0,difference_matched,800,0.0015625,rk4,4.0,0.25,0.0003140616819597153,0.0005923844155099056,1.0,0.01
16.0,difference_matched,800,0.0015625,rk4,4.0,0.5,0.0007587997646272353,0.0005852915682811322,1.0,0.01
20.0,integrable_original,400,0.003125,rk4,4.0,0.25,0.015129765238447172,0.005477341504255717,1.0,0.02
20.0,integrable_original,400,0.003125,rk4,4.0,0.5,0.06391968660175432,0.01540036041952142,1.0,0.02
20.0,integrable_original,800,0.003125,rk4,4.0,0.25,0.007361083225443923,0.0018214033215145364,1.0,0.01
20.0,integrable_original,800,0.003125,rk4,4.0,0.5,0.031065193694392677,0.007406389059242291,1.0,0.01
20.0,integrable_original,800,0.0015625,rk4,4.0,0.25,0.007361083225072684,0.0018214033213573844,1.0,0.01
20.0,integrable_original,800,0.0015625,rk4,4.0,0.5,0.031065193693808342,0.007406389058645546,1.0,0.01
20.0,integrable_original,500,0.003125,rk4,5.0,0.25,0.015129765238447225,0.005477341504264821,1.0,0.02
20.0,integrable_original,500,0.003125,rk4,5.0,0.5,0.06391968660175411,0.015400360419516756,1.0,0.02
20.0,integrable_calibrated,400,0.003125,rk4,4.0,0.25,0.0016076159759284558,0.004138646498502319,1.020199980003999,0.02
20.0,integrable_calibrated,400,0.003125,rk4,4.0,0.5,0.0034240632759061974,0.004394599279402889,1.020199980003999,0.02
20.0,integrable_calibrated,800,0.003125,rk4,4.0,0.25,0.0004018586512511968,0.0010406792067640946,1.0100499987500624,0.01
20.0,integrable_calibrated,800,0.003125,rk4,4.0,0.5,0.0008572362745137017,0.0011110274928691766,1.0100499987500624,0.01
20.0,integrable_calibrated,800,0.0015625,rk4,4.0,0.25,0.0004018586512577471,0.00104067920665335,1.0100499987500624,0.01
20.0,integrable_calibrated,800,0.0015625,rk4,4.0,0.5,0.0008572362707162287,0.0011110274925946184,1.0100499987500624,0.01
20.0,integrable_calibrated,500,0.003125,rk4,5.0,0.25,0.0016076159759285391,0.004138646498510257,1.020199980003999,0.02
20.0,integrable_calibrated,500,0.003125,rk4,5.0,0.5,0.003424063275905173,0.004394599279405387,1.020199980003999,0.02
20.0,difference_rho,400,0.003125,rk4,4.0,0.25,0.0012152557890768231,0.002708524952574065,1.0,0.02
20.0,difference_rho,400,0.003125,rk4,4.0,0.5,0.002402501973183188,0.0030338171300038907,1.0,0.02
20.0,difference_rho,800,0.003125,rk4,4.0,0.25,0.0003077145560028763,0.0006806875277668434,1.0,0.01
20.0,difference_rho,800,0.003125,rk4,4.0,0.5,0.0006090334549837123,0.0007601510713360349,1.0,0.01
20.0,difference_rho,800,0.0015625,rk4,4.0,0.25,0.0003077145375361551,0.0006806875343131624,1.0,0.01
20.0,difference_rho,800,0.0015625,rk4,4.0,0.5,0.000609033411680393,0.0007601510779298715,1.0,0.01
20.0,difference_rho,500,0.003125,rk4,5.0,0.25,0.001397575805609369,0.0028645797603529255,1.0,0.02
20.0,difference_rho,500,0.003125,rk4,5.0,0.5,0.0024681696569840983,0.003229350682974419,1.0,0.02
20.0,difference_rm,400,0.003125,rk4,4.0,0.25,0.00021790379269597806,0.0006077866254509123,1.0,0.02
20.0,difference_rm,400,0.003125,rk4,4.0,0.5,0.00039840196680087986,0.000759907663737458,1.0,0.02
20.0,difference_rm,800,0.003125,rk4,4.0,0.25,5.457218826072571e-05,0.0001525666331061437,1.0,0.01
20.0,difference_rm,800,0.003125,rk4,4.0,0.5,9.976127676896481e-05,0.00019166335339992902,1.0,0.01
20.0,difference_rm,800,0.0015625,rk4,4.0,0.25,5.457218686341376e-05,0.00015256663286078442,1.0,0.01
20.0,difference_rm,800,0.0015625,rk4,4.0,0.5,9.976127470273004e-05,0.0001916633530120171,1.0,0.01
20.0,difference_rm,500,0.003125,rk4,5.0,0.25,0.00022335920210463014,0.000558659356718505,1.0,0.02
20.0,difference_rm,500,0.003125,rk4,5.0,0.5,0.0003527859037018308,0.0006920639111014371,1.0,0.02
20.0,difference_fixed,400,0.003125,rk4,4.0,0.25,0.00013536969245360464,0.0011072067112687378,1.0,0.02
20.0,difference_fixed,400,0.003125,rk4,4.0,0.5,0.00014785399378261857,0.0013464793081077175,1.0,0.02
20.0,difference_fixed,800,0.003125,rk4,4.0,0.25,3.394129924447903e-05,0.00027756084240759815,1.0,0.01
20.0,difference_fixed,800,0.003125,rk4,4.0,0.5,3.723993080592333e-05,0.00034103065120982823,1.0,0.01
20.0,difference_fixed,800,0.0015625,rk4,4.0,0.25,3.394129924045447e-05,0.0002775608424083753,1.0,0.01
20.0,difference_fixed,800,0.0015625,rk4,4.0,0.5,3.723993079729135e-05,0.00034103065121382503,1.0,0.01
20.0,difference_fixed,500,0.003125,rk4,5.0,0.25,0.0001313170966189582,0.0011077262719731973,1.0,0.02
20.0,difference_fixed,500,0.003125,rk4,5.0,0.5,0.00014816353750576883,0.0013487694835019326,1.0,0.02
20.0,difference_matched,400,0.003125,rk4,4.0,0.25,0.0020963519823788135,0.004036838328808912,1.0,0.02
20.0,difference_matched,400,0.003125,rk4,4.0,0.5,0.005161775450477986,0.004028217022312042,1.0,0.02
20.0,difference_matched,800,0.003125,rk4,4.0,0.25,0.0005327487706454359,0.0010208486071031087,1.0,0.01
20.0,difference_matched,800,0.003125,rk4,4.0,0.5,0.0012948572293845428,0.0010133101052586246,1.0,0.01
20.0,difference_matched,800,0.0015625,rk4,4.0,0.25,0.0005327487706543177,0.0010208486070933942,1.0,0.01
20.0,difference_matched,800,0.0015625,rk4,4.0,0.5,0.0012948572333754407,0.0010133101052469673,1.0,0.01
20.0,difference_matched,500,0.003125,rk4,5.0,0.25,0.002096351982378869,0.004036838328808301,1.0,0.02
20.0,difference_matched,500,0.003125,rk4,5.0,0.5,0.005161775450478509,0.004028217022313263,1.0,0.02
