p,time,integrable_original_u,integrable_original_rho,integrable_calibrated_u,integrable_calibrated_rho,difference_rho_u,difference_rho_rho,difference_rm_u,difference_rm_rho,difference_fixed_u,difference_fixed_rho,difference_matched_u,difference_matched_rho
3.0,0.25,0.008240622172799281,0.00026922377575278045,1.4152145036732539e-05,7.734838594730675e-06,1.4059430006180262e-06,5.188982273973686e-06,1.0996197965691679e-06,3.936374801893905e-06,1.228587629065886e-06,4.458102480286996e-06,1.1221289445036142e-06,7.294880782438007e-06
3.0,0.5,0.04094942652506177,0.0032798164860989854,6.841382096947277e-05,9.728615986692724e-06,1.3779323229344553e-06,5.434410962124048e-06,1.1300835542002452e-06,4.0996432154605245e-06,1.2373840561144545e-06,4.655438240019905e-06,6.631605754330375e-06,7.1082807445721485e-06
4.0,0.25,0.011401634405804164,0.00046218980694456846,5.1216743536219335e-05,4.572824073589832e-05,8.994340259187161e-06,3.034677148205933e-05,4.671180904608496e-06,1.4382007193503021e-05,6.143610951157841e-06,1.9479710161918184e-05,1.1504076501023253e-05,4.371076289211295e-05
4.0,0.5,0.051178066118244624,0.004398467109201332,0.00022679753530988663,5.2262423201887565e-05,7.854509514682029e-06,3.310059349315164e-05,4.883619982014309e-06,1.5739435594075424e-05,6.1096916315339644e-06,2.13683971725942e-05,9.538155744372168e-06,4.163870644668943e-05
5.0,0.25,0.012955400363032058,0.00064769367132822,9.660201494762256e-05,0.00011036143716636193,2.3725297624926922e-05,7.324060644886554e-05,8.480347495745666e-06,2.5843559511407044e-05,1.2860653116480991e-05,3.6364703567492995e-05,3.518229947438445e-05,0.00010623184043689893
5.0,0.5,0.05656642075960709,0.004797119249955628,0.00042056870047437324,0.00012173162700113149,2.0902474800882365e-05,8.190223287896092e-05,8.832657261564902e-06,2.9268267487392308e-05,1.303941910027473e-05,4.216509350030151e-05,5.90143502299307e-05,0.00010076245710233245
6.0,0.25,0.013801343191842974,0.0008284945465661941,0.00014583697523509528,0.00019291243735586328,4.514380270381757e-05,0.0001299668532471765,1.1401493166918186e-05,4.626858598433259e-05,1.9986060325730137e-05,5.4322361723313506e-05,7.307321997743199e-05,0.0001864781014212502
6.0,0.5,0.05957234539643969,0.005412555138546327,0.0006278199749621859,0.0002093305344060825,4.82322991826184e-05,0.00014798364621859683,1.3845451076206078e-05,5.362321071666898e-05,2.095725214328048e-05,6.547136034662504e-05,0.00014588098982963366,0.0001767613323762074
8.0,0.25,0.014592794668070662,0.0012072612263713811,0.00024591621174689014,0.00040712751993832175,0.00010688302724040644,0.00028659172351086504,1.894766088813768e-05,9.93465641323521e-05,3.3552273639742e-05,0.00012061440908517351,0.00019252753640686127,0.00039390317803467134
8.0,0.5,0.06236589150119678,0.006947100244919735,0.0010489171909177264,0.0004471380753599541,0.00014901565809126438,0.0003303997982276874,2.9277984930374534e-05,0.00011855878416711096,3.797218281714754e-05,0.00014170704873261997,0.00043281745287997923,0.0003779794595042407
10.0,0.25,0.01490179685319254,0.001648500296696942,0.0003449107193451136,0.0007291815971063875,0.00019100447924602637,0.0005094465742468413,3.5982481208684386e-05,0.00016501435449178814,4.5565697911587044e-05,0.0002174326962082196,0.00036898002668808716,0.0007062590672381464
10.0,0.5,0.06340213935244175,0.008400294650598883,0.0014645781000670443,0.0007978314854454327,0.00032039752275371536,0.0005848218508915926,5.314455921491025e-05,0.00020043894360133319,5.525152069577044e-05,0.0002591412876798982,0.0008675989183012153,0.0006861028245934153
12.0,0.25,0.01503152220918561,0.002187357702053472,0.0004418137863088605,0.0011646652211040331,0.0003075991905234221,0.0008045236757573959,6.0279397348698104e-05,0.00024053176316796154,6.044393612542401e-05,0.00034038484412013403,0.0006064864215469257,0.0011354249171305897
12.0,0.5,0.06378990128865537,0.009801359584435176,0.0018712449244419622,0.0012744830099679083,0.0005691079370066451,0.0009136127128344662,9.690376062711746e-05,0.00029555056715713235,7.216233094198277e-05,0.00041034926187766274,0.0014470008631053968,0.0011138589753059702
16.0,0.25,0.015111026493039022,0.003613135464975825,0.0009077224711746268,0.002401106670834763,0.000681537440435448,0.0016131918790418531,0.00012860211445908914,0.00041370508209570556,9.690681439091658e-05,0.0006704067851226458,0.0012481332959451141,0.0023591273357774223
16.0,0.5,0.06394375670810779,0.0124933306107885,0.0026601745741258536,0.0025859620729908883,0.0013136540038517566,0.001816827860662451,0.00022556395973477236,0.0005140349719690018,0.0001071713013698454,0.0008159411828880803,0.0030288864753308673,0.0023096417954637793
20.0,0.25,0.015129765238447172,0.005477341504255717,0.0016076159759284558,0.004138646498502319,0.0012152557890768231,0.002708524952574065,0.00021790379269597806,0.0006077866254509123,0.00013536969245360464,0.0011072067112687378,0.0020963519823788135,0.004036838328808912
20.0,0.5,0.06391968660175432,0.01540036041952142,0.0034240632759061974,0.004394599279402889,0.002402501973183188,0.0030338171300038907,0.00039840196680087986,0.000759907663737458,0.00014785399378261857,0.0013464793081077175,0.005161775450477986,0.004028217022312042
